claim_amount,historical_avg_amount,amount_deviation,claim_amount_zscore,claim_frequency_90d,days_since_last_claim,previous_claim_count,garage_repeat_count,document_mismatch_count,duplicate_indicator,invoice_reuse_indicator,policy_age_days,incident_to_claim_delay_days,is_suspicious
14994.513586181094,13812.11255007835,1182.401036102745,0.09853341967522875,0,161,0,0,0,0,0,1500,3,0
23950.396969245823,23705.18127708526,245.21569216056378,0.020434641013380314,0,348,0,0,0,0,0,1459,1,0
17388.9030075138,19160.310764558406,-1771.4077570446061,-0.1476173130870505,1,314,1,0,0,0,0,573,5,0
16725.79359099007,18670.613628061208,-1944.8200370711384,-0.16206833642259486,0,343,0,0,0,0,0,1665,1,0
133009.66350053687,7525.878871736953,125483.78462879991,10.456982052399992,2,12,7,1,2,0,1,186,29,1
38454.3192666295,42548.84662004794,-4094.527353418438,-0.34121061278486986,0,416,0,0,0,0,0,1826,3,0
18672.9689760188,19113.84140184375,-440.87242582494946,-0.03673936881874579,1,782,0,0,1,0,0,807,4,0
28616.626198927643,27788.370320656857,828.2558782707856,0.06902132318923214,0,419,0,0,0,0,0,1007,2,0
6278.491551956654,6945.268905868948,-666.7773539122945,-0.05556477949269121,0,182,0,0,0,0,0,1931,1,0
24853.04571590326,27711.406667000338,-2858.360951097078,-0.2381967459247565,0,699,0,0,0,0,0,449,1,0
128371.66627363792,28578.77572969298,99792.89054394494,8.316074211995412,3,45,6,0,1,1,1,68,21,1
31000.809607780026,34502.21725119695,-3501.407643416922,-0.2917839702847435,0,550,1,0,0,0,0,760,6,0
20648.289524466458,23606.97675586892,-2958.687231402462,-0.24655726928353852,0,188,0,1,0,0,0,454,2,0
31825.66792596394,33230.70332333108,-1405.0353973671408,-0.11708628311392841,0,704,0,0,0,0,0,272,9,0
21850.86754010497,20311.358126839692,1539.5094132652775,0.1282924511054398,0,605,2,0,0,0,0,1074,14,0
23633.786775324643,21841.221322023594,1792.5654533010493,0.1493804544417541,0,519,0,0,0,0,0,2121,3,0
30226.0830251577,33424.57658994881,-3198.4935647911116,-0.2665411303992593,1,466,0,1,0,0,0,1645,1,0
140777.81676837188,28334.10503788945,112443.71173048244,9.370309310873536,4,28,8,1,2,0,0,137,15,1
30124.126988744025,31716.793212962024,-1592.6662242179991,-0.13272218535149993,0,131,0,1,0,0,0,1379,2,0
20472.610035472342,19813.970869247354,658.639166224988,0.054886597185415664,0,296,0,0,0,0,0,2248,2,0
23911.477896624463,22037.162478684684,1874.3154179397789,0.15619295149498158,0,543,0,0,0,0,0,1700,16,0
132960.73150238575,19850.774775105812,113109.95672727993,9.425829727273328,3,5,2,2,2,0,0,146,59,1
25929.010510821478,27363.657654831582,-1434.647144010105,-0.11955392866750875,0,736,1,0,0,0,0,969,9,0
24030.614267487195,23507.336492960872,523.2777745263229,0.04360648121052691,0,399,0,0,0,0,0,251,7,0
149649.57554020308,30616.156206127605,119033.41933407547,9.919451611172956,2,64,6,2,3,1,0,157,49,1
26759.169320427187,27174.864145643238,-415.69482521605096,-0.03464123543467091,0,483,2,0,0,0,0,2481,1,0
15519.284268083013,13388.186989052589,2131.097279030424,0.177591439919202,0,152,2,0,0,0,0,1858,2,0
154822.89067998584,16486.39246206331,138336.49821792252,11.52804151816021,1,67,5,1,3,0,0,119,35,1
22996.035357477995,25368.43260628359,-2372.397248805595,-0.1976997707337996,0,358,0,0,0,0,0,265,2,0
35260.18881335821,38844.89207852383,-3584.703265165619,-0.2987252720971349,0,741,1,0,0,0,0,1652,4,0
124085.69348903092,18370.881500152125,105714.81198887879,8.8095676657399,4,47,2,1,1,1,1,47,23,1
31055.286720879252,27108.718619738516,3946.568101140736,0.3288806750950613,0,525,0,0,0,0,0,1343,5,0
11231.655281459465,12047.385445202171,-815.7301637427063,-0.06797751364522553,0,285,2,0,0,0,0,1805,6,0
24139.055882461427,21395.448741190306,2743.607141271121,0.22863392843926006,0,605,1,0,0,0,0,1127,1,0
19681.28308879089,18166.039092908894,1515.243995881996,0.12627033299016632,0,374,2,1,0,0,0,336,3,0
32942.54460588954,30021.859130164677,2920.685475724862,0.24339045631040518,1,740,0,0,0,0,0,548,7,0
18710.857579117866,16945.938556237008,1764.9190228808584,0.14707658524007153,0,506,1,0,0,0,0,2183,1,0
29458.622965600618,33550.21308407832,-4091.590118477703,-0.34096584320647527,0,777,0,0,1,0,0,2486,3,0
135016.2798456392,17288.512451731563,117727.76739390762,9.810647282825634,3,63,5,2,3,0,0,119,40,1
19533.53084581629,20069.432862823323,-535.9020170070326,-0.044658501417252715,0,500,0,0,0,0,0,1987,8,0
35672.3298690683,31956.76215948158,3715.5677095867213,0.3096306424655601,0,716,1,1,0,0,0,1210,5,0
7158.7391157704305,6312.101327926664,846.6377878437661,0.07055314898698051,0,184,0,0,0,0,0,1281,1,0
16421.187716417626,16010.864916582861,410.32279983476474,0.034193566652897064,0,318,2,0,0,0,0,1520,11,0
25600.110680686335,25574.18146058792,25.92922009841641,0.0021607683415347007,0,526,1,0,0,0,0,1239,3,0
44437.69139404123,42239.6823075654,2198.009086475824,0.18316742387298535,0,461,1,0,0,0,0,1342,6,0
20227.974481360834,18852.44945889071,1375.525022470123,0.1146270852058436,0,229,0,0,0,0,0,1813,2,0
169774.1900516166,23406.688339854158,146367.50171176245,12.197291809313537,3,22,4,1,2,0,0,31,36,1
28542.4218790526,31528.693889559305,-2986.2720105067056,-0.24885600087555879,0,717,0,0,0,0,0,521,5,0
30861.76713427844,32311.856174105367,-1450.0890398269257,-0.12084075331891048,0,659,0,0,0,0,0,1994,16,0
24673.5844805956,25504.936617392254,-831.3521367966532,-0.06927934473305443,0,276,1,0,0,0,0,205,4,0
29402.3785040055,25123.540897486986,4278.837606518515,0.3565698005432096,1,163,1,0,0,0,0,511,1,0
24666.561613136935,22342.62700654025,2323.9346065966856,0.19366121721639046,0,460,2,0,0,0,0,1129,1,0
20645.09679728179,23227.93287978446,-2582.836082502672,-0.215236340208556,0,668,0,0,0,0,0,2267,1,0
53503.08906132344,52994.09118490523,508.99787641820876,0.042416489701517394,0,301,0,0,0,0,0,1932,10,0
11204.90677917967,10947.835154193612,257.07162498605794,0.021422635415504827,0,132,1,0,0,0,0,1711,1,0
12491.516859254281,12778.046735059286,-286.52987580500485,-0.02387748965041707,0,344,0,0,0,0,0,1756,1,0
30925.322592043245,32926.25692921196,-2000.9343371687137,-0.16674452809739282,0,541,2,0,0,0,0,1901,1,0
14837.313774917093,16592.819577607537,-1755.5058026904444,-0.1462921502242037,0,511,2,0,1,0,0,2082,2,0
21583.340571511755,21979.028658484913,-395.6880869731576,-0.032974007247763136,0,718,0,0,0,0,0,1554,1,0
25012.67202849437,24571.0644872156,441.6075412787686,0.036800628439897384,0,237,0,0,0,0,0,1120,2,0
21533.568280239513,23869.898995819374,-2336.330715579861,-0.19469422629832175,1,164,1,0,0,0,0,1519,2,0
31481.062405788398,34695.30631210515,-3214.243906316755,-0.26785365885972956,1,564,2,0,0,0,0,1727,2,0
87198.4876679708,26787.717667690413,60410.77000028038,5.034230833356698,3,16,3,1,3,0,0,33,54,1
32752.975249600488,37030.60173990972,-4277.626490309231,-0.3564688741924359,0,141,1,0,0,0,0,1258,2,0
21366.075561995625,22212.116671668322,-846.0411096726966,-0.07050342580605805,0,663,0,0,0,0,0,334,4,0
31085.984887731163,30254.52659649119,831.4582912399746,0.06928819093666455,0,199,2,1,0,0,0,1671,2,0
11565.844531525841,12933.11684775893,-1367.2723162330894,-0.11393935968609079,1,459,0,0,0,0,0,1030,2,0
26768.47695168753,26574.112231695195,194.36471999233618,0.016197059999361347,0,318,0,0,0,0,0,1369,2,0
46154.48940279292,49183.918259507365,-3029.4288567144467,-0.2524524047262039,1,343,0,0,0,0,0,975,3,0
37270.57315656624,32408.91911401313,4861.654042553113,0.40513783687942606,0,787,0,0,0,0,0,867,2,0
25662.09806340687,25286.44658358165,375.6514798252174,0.03130428998543478,0,616,1,0,1,0,0,637,1,0
16348.558702248074,16247.158129246558,101.40057300151602,0.008450047750126335,0,302,1,0,0,0,0,2039,6,0
26111.437860048092,26082.9584213196,28.479438728492823,0.002373286560707735,1,755,1,0,0,0,0,828,2,0
22983.154758996836,24478.559530755734,-1495.4047717588983,-0.12461706431324153,0,722,0,0,0,0,0,2390,1,0
21365.960094466293,19391.588379487384,1974.3717149789081,0.16453097624824234,0,322,2,0,0,0,0,1169,1,0
13608.92830283593,14877.276774080587,-1268.348471244657,-0.10569570593705475,0,127,1,0,0,0,0,993,1,0
21488.427719181396,24263.164955724314,-2774.7372365429183,-0.2312281030452432,0,122,0,0,0,0,0,1294,1,0
41440.58911734995,35430.09320497781,6010.495912372135,0.5008746593643445,1,417,2,1,0,0,0,1831,3,0
22572.3504147894,22686.119087949482,-113.76867316008429,-0.009480722763340358,0,671,0,0,0,0,0,2121,1,0
26251.45378004437,27460.246061747002,-1208.7922817026338,-0.10073269014188614,0,126,3,0,0,0,0,222,6,0
23389.787967188167,21243.74271870819,2146.045248479979,0.17883710403999825,0,572,1,0,0,0,0,862,4,0
34048.8914781699,36868.63979113149,-2819.748312961594,-0.23497902608013282,0,415,1,0,0,0,0,1221,6,0
40034.79792300394,38413.99698518595,1620.8009378179922,0.13506674481816602,0,648,0,0,0,0,0,2032,6,0
19761.312029215256,22284.10629090289,-2522.7942616876353,-0.21023285514063628,0,349,2,0,0,0,0,2474,1,0
30888.10221744736,32031.87437327577,-1143.7721558284102,-0.09531434631903418,0,150,2,0,1,0,0,212,12,0
76570.12435022931,17174.98014610261,59395.1442041267,4.949595350343892,3,16,4,1,2,0,0,282,16,1
23050.578933044846,24745.714463545828,-1695.135530500982,-0.14126129420841516,0,305,0,0,0,0,0,2159,2,0
31348.910518507204,31035.117673259643,313.79284524756076,0.026149403770630065,0,470,0,0,1,0,0,941,4,0
23925.343064659275,22138.925887929134,1786.4171767301414,0.1488680980608451,0,244,0,0,0,0,0,714,3,0
14374.47919570698,14569.551163299127,-195.0719675921482,-0.016255997299345685,0,473,1,0,0,0,0,1163,1,0
23614.564709458242,21430.448456120223,2184.1162533380193,0.18200968777816828,0,752,2,0,0,0,0,672,1,0
29209.952579755212,25016.336939005156,4193.615640750057,0.34946797006250474,0,703,3,0,0,0,0,1708,3,0
146588.27296507798,11527.150100466144,135061.12286461183,11.255093572050985,3,44,2,3,1,1,0,265,31,1
30049.56029908043,28189.58038170796,1859.9799173724678,0.15499832644770564,0,595,1,0,0,0,0,538,1,0
15599.416124077792,15595.72609872871,3.690025349082134,0.00030750211242351117,0,158,0,0,0,0,0,2071,1,0
18693.550424049463,19793.54954554259,-1099.9991214931288,-0.09166659345776074,0,721,2,0,1,0,0,340,1,0
18407.765670526947,19033.353661438556,-625.5879909116084,-0.05213233257596736,0,689,1,0,0,0,0,796,5,0
15018.055456238311,13370.147144494846,1647.9083117434657,0.1373256926452888,0,564,0,1,0,0,0,1431,1,0
20789.781541983655,17859.61993163782,2930.1616103458364,0.24418013419548637,0,482,2,0,0,0,0,495,5,0
25972.430061892217,28127.934557080098,-2155.504495187881,-0.17962537459899006,1,575,1,0,0,0,0,404,2,0
37688.01476995308,34175.49654393459,3512.5182260184883,0.2927098521682074,0,343,1,0,0,0,0,1491,3,0
21728.10697023617,22244.497390119246,-516.3904198830751,-0.043032534990256256,0,573,0,1,0,0,0,2453,8,0
119902.37128374027,13410.823257544374,106491.5480261959,8.874295668849658,4,61,5,2,2,0,1,168,56,1
20660.234094769734,22988.5601731248,-2328.326078355065,-0.19402717319625543,0,737,0,0,0,0,0,1161,5,0
25977.120829445026,24630.401468727618,1346.7193607174086,0.11222661339311737,0,606,2,0,0,0,0,1268,2,0
20071.645531786653,19044.302372892485,1027.3431588941676,0.0856119299078473,0,679,1,0,0,0,0,1756,2,0
20981.55529913561,19177.86256192297,1803.6927372126374,0.1503077281010531,0,253,1,0,0,0,0,1577,7,0
33298.36735225171,37177.55204135081,-3879.1846890991,-0.32326539075825833,0,229,0,1,0,0,0,2277,2,0
32587.895923512307,34686.759600993486,-2098.8636774811785,-0.17490530645676486,0,672,0,0,0,0,0,1191,1,0
15806.359506737583,14679.949184663472,1126.4103220741108,0.09386752683950923,1,649,1,0,0,0,0,1421,4,0
23861.58155454316,23803.886989243587,57.694565299574606,0.004807880441631217,0,216,2,1,0,0,0,2472,1,0
107819.72141318276,56030.2321791531,51789.489234029665,4.315790769502472,3,40,3,3,3,0,0,173,37,1
15662.833130388102,17807.988516348265,-2145.1553859601627,-0.17876294883001356,1,504,0,0,0,0,0,1229,2,0
27771.476741843915,31833.853155239,-4062.3764133950863,-0.33853136778292386,0,222,0,1,0,0,0,1433,1,0
26339.643220989703,24614.288674003266,1725.3545469864366,0.14377954558220304,0,658,0,0,0,0,0,1152,3,0
9342.455601164193,10034.08817792516,-691.6325767609669,-0.05763604806341391,0,184,0,0,0,0,0,1792,2,0
24810.090761994223,21639.087164466728,3171.003597527495,0.2642502997939579,1,779,0,1,0,0,0,2288,4,0
19605.084089838954,17222.987825020675,2382.0962648182795,0.19850802206818996,0,432,2,0,0,0,0,1901,2,0
20445.044306879678,20769.970767872517,-324.92646099283957,-0.02707720508273663,0,746,0,0,0,0,0,1129,6,0
25332.75135673743,25956.85943715343,-624.108080416001,-0.05200900670133342,0,429,0,0,0,0,0,1767,4,0
31087.38359270469,26799.6074403513,4287.776152353388,0.35731467936278233,0,345,0,0,0,0,0,475,1,0
15962.607406456409,17320.8149532065,-1358.2075467500908,-0.11318396222917423,0,199,1,0,0,0,0,566,2,0
33584.65124015653,35647.93396262766,-2063.2827224711364,-0.1719402268725947,0,511,3,0,0,0,0,2168,2,0
24539.240471749272,25147.329747033247,-608.0892752839754,-0.05067410627366462,0,669,1,0,0,0,0,1445,2,0
12084.068195497766,13855.932418323393,-1771.8642228256267,-0.14765535190213555,0,581,1,0,0,0,0,1612,4,0
151400.28049440082,22608.48862794915,128791.79186645168,10.732649322204306,1,8,6,2,1,0,1,155,47,1
21556.810981730545,22495.06703196514,-938.256050234595,-0.07818800418621626,0,730,0,0,0,0,0,367,8,0
23627.87483935298,24187.40578312832,-559.5309437753422,-0.04662757864794518,1,418,1,0,0,0,0,2332,4,0
187471.68188345493,16949.397498969884,170522.28438448504,14.210190365373753,2,45,4,3,1,0,0,144,39,1
30653.728542610737,27643.439235373295,3010.2893072374427,0.2508574422697869,0,140,1,0,0,0,0,872,2,0
16764.76387477314,16766.094196393966,-1.3303216208259983,-0.00011086013506883319,0,385,1,0,0,0,0,1760,4,0
32758.808122648206,35628.66848295979,-2869.8603603115807,-0.23915503002596505,0,624,0,0,0,0,0,756,12,0
18979.00634372941,21609.92580304429,-2630.9194593148823,-0.21924328827624018,0,254,0,0,0,0,0,882,1,0
32902.45094379061,32440.238088382623,462.21285540798635,0.03851773795066553,0,213,0,0,0,0,0,1921,1,0
23494.678752964042,22502.00934737564,992.6694055884036,0.0827224504657003,0,391,0,1,0,0,0,262,3,0
24307.622961058005,21274.8344912704,3032.7884697876034,0.2527323724823003,0,637,0,0,0,0,0,396,3,0
13502.47975049144,13350.714519363104,151.76523112833638,0.012647102594028032,0,668,0,0,0,0,0,1792,5,0
30309.353360829562,31578.289231787294,-1268.9358709577318,-0.10574465591314432,0,348,2,0,0,0,0,1886,1,0
20474.599324504874,22542.086153353004,-2067.4868288481302,-0.17229056907067752,0,702,1,0,0,0,0,2158,3,0
36233.820699563956,39885.36448879106,-3651.5437892271075,-0.3042953157689256,0,186,1,0,0,0,0,1615,2,0
22388.001705797906,24972.493315677853,-2584.4916098799476,-0.21537430082332898,0,572,0,0,0,0,0,1030,8,0
19644.391065498516,20910.605499483965,-1266.2144339854494,-0.10551786949878746,0,492,0,0,0,0,0,754,1,0
21036.93389532113,18601.581192048623,2435.352703272507,0.20294605860604226,0,799,1,0,0,0,0,547,1,0
171766.7878237744,21390.84542040112,150375.94240337325,12.531328533614438,3,28,6,2,2,1,1,39,31,1
16380.4512284851,18049.41197562284,-1668.9607471377385,-0.1390800622614782,0,737,2,0,0,0,0,1577,5,0
32602.50877004261,30099.256695458367,2503.252074584241,0.20860433954868676,0,123,1,0,0,0,0,1128,4,0
36835.31754895272,37373.69819170612,-538.3806427534,-0.044865053562783336,0,742,0,0,0,0,0,216,6,0
17176.820801392627,18526.763008892194,-1349.9422074995673,-0.11249518395829727,1,721,1,0,0,0,0,596,1,0
15534.31779347203,16971.83384249335,-1437.5160490213202,-0.11979300408511002,0,448,0,0,0,0,0,949,2,0
21012.503316394304,22894.88541261731,-1882.3820962230056,-0.15686517468525046,0,239,0,0,0,0,0,622,3,0
20309.314085346665,21290.418815923018,-981.1047305763532,-0.08175872754802943,0,504,0,0,0,0,0,2050,5,0
109119.6701114082,20235.894201750823,88883.77590965737,7.406981325804781,1,40,2,2,3,1,0,68,41,1
16852.759775344286,14348.327516356232,2504.432258988054,0.2087026882490045,0,421,2,0,0,0,0,1139,1,0
40911.80702167289,38042.60005048123,2869.2069711916556,0.23910058093263797,0,623,3,0,0,0,0,2266,6,0
19051.412096180065,19484.355913419713,-432.9438172396476,-0.0360786514366373,0,497,1,0,1,0,0,1926,2,0
32165.924432136573,31400.525681296287,765.3987508402861,0.06378322923669051,0,438,0,0,0,0,0,1671,9,0
23056.11931807237,20105.125747767466,2950.993570304905,0.2459161308587421,1,555,0,0,0,0,0,462,1,0
10029.997509847846,10179.497398593825,-149.49988874597875,-0.012458324062164896,1,638,2,0,0,0,0,1871,2,0
16270.221943376842,15969.220115160895,301.00182821594717,0.025083485684662263,0,392,1,0,0,0,0,801,4,0
24498.579504790865,24140.92008350434,357.65942128652387,0.02980495177387699,0,151,1,0,0,0,0,603,2,0
17921.409397688833,18378.94243414678,-457.53303645794585,-0.038127753038162154,0,419,2,0,0,0,0,1518,4,0
46105.09485594331,47069.26097476252,-964.1661188192084,-0.08034717656826736,0,657,0,0,0,0,0,1065,1,0
27131.181141604375,29322.187809696334,-2191.006668091959,-0.18258388900766326,0,502,0,1,0,0,0,1583,1,0
21131.394519521724,22771.806190551484,-1640.4116710297603,-0.13670097258581337,0,668,0,1,0,0,0,237,1,0
105975.04368981795,19631.73424992666,86343.30943989128,7.195275786657606,2,41,2,0,3,1,0,148,57,1
30906.75421128127,34821.401139079375,-3914.646927798105,-0.3262205773165088,0,389,1,0,0,0,0,573,6,0
28019.74448578081,31042.88362975363,-3023.1391439728177,-0.2519282619977348,0,717,1,0,0,0,0,2065,7,0
29961.853741707397,32918.163891234755,-2956.3101495273586,-0.2463591791272799,1,770,0,0,0,0,0,428,2,0
35246.13959585738,34256.426440112424,989.7131557449538,0.08247609631207949,1,250,0,0,0,0,0,1551,2,0
21163.460278208106,20858.75907094752,304.70120726058667,0.025391767271715555,1,717,1,0,0,0,0,1803,2,0
32466.25257993225,31478.080961361677,988.1716185705736,0.08234763488088113,0,470,0,0,0,0,0,1797,1,0
29343.73185051786,30372.6913748608,-1028.9595243429394,-0.08574662702857828,0,443,0,0,0,0,0,262,5,0
45185.06782152035,42396.99204062326,2788.0757808970884,0.2323396484080907,0,782,1,0,0,0,0,1229,1,0
16146.259699871722,18479.11696615448,-2332.857266282759,-0.19440477219022992,0,553,0,1,0,0,0,1951,1,0
172300.00513687954,15584.706431664956,156715.29870521458,13.059608225434548,1,68,6,0,1,1,0,203,15,1
155872.14672602323,10138.750913421563,145733.39581260167,12.144449651050138,1,35,6,1,1,1,0,264,48,1
12865.66921249788,14323.085941779524,-1457.4167292816437,-0.12145139410680364,0,338,1,0,0,0,0,950,4,0
214108.86502511014,11023.761517405512,203085.10350770463,16.92375862564205,2,26,6,0,2,0,0,220,35,1
40667.24817388866,38450.190334496074,2217.05783939259,0.18475481994938248,0,798,0,0,0,0,0,443,5,0
229856.09285824373,22430.130602514033,207425.9622557297,17.285496854644144,1,37,7,1,2,0,0,191,36,1
29333.678022233944,25266.13137798718,4067.5466442467623,0.33896222035389684,0,224,1,0,0,0,0,301,3,0
25433.74971972742,25219.632609213775,214.11711051364546,0.01784309254280379,0,466,2,0,0,0,0,1594,3,0
134895.9323166692,30435.259826899546,104460.67248976965,8.705056040814139,2,43,7,0,2,0,1,173,32,1
7144.515291487331,7746.3118925148965,-601.7966010275659,-0.05014971675229716,0,586,0,0,0,0,0,681,3,0
146391.42923845322,22924.045786394097,123467.38345205912,10.288948621004927,3,71,6,1,2,1,0,153,38,1
21928.2514946358,19344.461859569736,2583.789635066063,0.21531580292217192,0,698,0,0,0,0,0,1135,3,0
14567.982078836181,15421.648666637391,-853.66658780121,-0.0711388823167675,1,214,0,0,0,0,0,1244,2,0
12666.055710549028,11757.27316497026,908.7825455787679,0.07573187879823066,0,630,1,0,1,0,0,597,5,0
28445.239427171393,27861.67553273736,583.5638944340317,0.048630324536169306,0,554,0,1,0,0,0,483,2,0
12422.294494857271,13042.062604845885,-619.768109988614,-0.05164734249905117,0,186,0,0,0,0,0,2256,2,0
17838.831415942383,18274.130389450394,-435.29897350801184,-0.03627491445900099,0,400,0,0,0,0,0,575,6,0
23110.033361381324,22017.264567614424,1092.7687937668998,0.09106406614724165,1,183,0,0,0,0,0,1592,1,0
20240.595371290103,22835.028607135293,-2594.43323584519,-0.21620276965376586,0,124,1,0,0,0,0,418,1,0
186291.1110715375,20771.42733023746,165519.68374130005,13.79330697844167,3,63,6,1,3,0,0,19,19,1
14449.767282556537,12340.581182242102,2109.186100314435,0.17576550835953625,0,420,0,1,0,0,0,838,4,0
17756.107730529642,17708.917158599732,47.19057192991022,0.003932547660825851,0,306,1,0,0,0,0,2104,1,0
119585.28553292771,14330.021466933533,105255.26406599418,8.771272005499515,1,12,3,2,4,0,0,163,44,1
160890.9134490878,24077.755219011433,136813.15823007637,11.40109651917303,3,59,5,1,1,0,0,208,45,1
32485.68348400652,30270.17276982687,2215.5107141796507,0.18462589284830422,0,138,0,0,0,0,0,808,4,0
25906.056399930807,25817.15583421915,88.90056571165769,0.007408380475971474,0,797,1,0,0,0,0,2457,2,0
34345.06105596123,34991.112316801395,-646.0512608401623,-0.053837605070013526,0,250,0,0,0,0,0,548,3,0
33829.52207160822,30051.944645506326,3777.5774261018923,0.31479811884182435,0,268,1,0,1,0,0,1094,2,0
8581.115420004448,8643.186595471258,-62.07117546681002,-0.005172597955567501,0,336,0,0,0,0,0,1860,4,0
74794.11593788881,16327.207374398378,58466.90856349043,4.87224238029087,4,24,3,2,1,1,0,139,17,1
41367.42405017229,41244.70522840935,122.7188217629373,0.010226568480244775,0,462,0,0,0,0,0,1347,3,0
195141.94982097027,16964.95003964266,178176.9997813276,14.848083315110635,3,6,10,2,2,0,0,76,33,1
17086.54255921931,18238.39502552544,-1151.852466306129,-0.09598770552551074,0,774,1,0,0,0,0,610,1,0
44358.14624258733,48894.507167023534,-4536.3609244362015,-0.3780300770363501,0,658,0,0,0,0,0,1822,1,0
31597.998335019867,33860.37128634356,-2262.3729513236904,-0.18853107927697418,1,322,1,0,0,0,0,1597,3,0
11895.64402001078,13243.74764930503,-1348.10362929425,-0.11234196910785416,1,249,1,0,0,0,0,1955,4,0
19101.15094618982,17891.194976581544,1209.955969608276,0.100829664134023,0,379,0,0,1,0,0,227,3,0
17080.263533310455,17734.7761688807,-654.512635570245,-0.054542719630853755,0,372,1,0,0,0,0,1603,3,0
17369.074269742363,16305.11440956419,1063.9598601781727,0.08866332168151439,0,622,1,0,1,0,0,1360,3,0
18629.543482176636,18280.785818339245,348.7576638373903,0.029063138653115855,0,133,0,0,1,0,0,613,6,0
18008.11821643728,20008.796926406045,-2000.6787099687645,-0.16672322583073038,0,598,0,0,1,0,0,700,3,0
50763.24592279099,58351.891614378714,-7588.645691587721,-0.6323871409656434,0,163,0,1,0,0,0,1503,2,0
28937.706599947513,30587.079448949688,-1649.372849002175,-0.1374477374168479,0,450,0,0,0,0,0,1935,11,0
20266.8026165816,18750.11248091024,1516.6901356713606,0.12639084463928005,0,651,1,0,0,0,0,514,2,0
22029.685486134105,22105.787934007145,-76.10244787303964,-0.006341870656086637,1,361,0,0,1,0,0,1971,2,0
15318.813860953689,13341.343779658006,1977.4700812956835,0.16478917344130695,1,408,0,0,0,0,0,1251,2,0
73803.32609971552,16410.379071571126,57392.947028144394,4.7827455856787,2,47,3,2,2,0,0,178,22,1
21387.9882445201,23044.247574756642,-1656.2593302365422,-0.13802161085304518,0,370,0,0,0,0,0,727,23,0
118653.50959325433,23052.72009913548,95600.78949411886,7.966732457843238,1,57,5,0,1,0,1,166,52,1
14295.894733680267,13472.209772218483,823.684961461784,0.06864041345514867,0,654,1,0,0,0,0,781,4,0
21682.469848122106,20680.56078145048,1001.9090666716256,0.08349242222263546,1,483,0,0,0,0,0,1772,4,0
44851.70640718556,39163.973964698875,5687.732442486682,0.47397770354055685,0,362,0,0,0,0,0,1955,3,0
21738.77140228128,20098.815891837276,1639.9555104440042,0.13666295920366703,0,271,0,0,0,0,0,2211,3,0
25434.490798527455,27802.965391114314,-2368.474592586859,-0.1973728827155716,0,591,2,0,0,0,0,242,2,0
15299.741983148022,15390.358467726817,-90.61648457879528,-0.007551373714899607,0,212,0,1,0,0,0,700,2,0
19422.01380717656,20528.888040202244,-1106.8742330256828,-0.0922395194188069,0,131,0,0,0,0,0,1285,1,0
30357.179019095816,28042.38764816071,2314.791370935105,0.19289928091125877,0,286,0,0,0,0,0,1061,8,0
8293.326348363067,7751.04818380807,542.2781645549976,0.0451898470462498,0,439,2,0,0,0,0,1802,5,0
27277.56393956222,28058.029870812843,-780.4659312506228,-0.06503882760421857,0,616,1,0,0,0,0,1623,3,0
18014.83172727735,17253.398526431774,761.4332008455749,0.06345276673713124,1,201,1,0,0,0,0,883,1,0
13834.0575432913,12235.336907048959,1598.7206362423403,0.1332267196868617,0,499,2,0,0,0,0,1224,2,0
19723.95198407729,22468.15124184643,-2744.1992577691417,-0.2286832714807618,1,783,2,1,0,0,0,984,3,0
33513.4885800474,36755.1375014523,-3241.6489214048997,-0.270137410117075,0,778,1,0,0,0,0,1245,2,0
13124.247509084755,11472.626155782458,1651.6213533022965,0.1376351127751914,0,777,0,0,0,0,0,2160,6,0
31414.208248937768,32186.46663461946,-772.2583856816927,-0.0643548654734744,0,575,0,0,0,0,0,2062,1,0
127803.48896693505,13234.763361349333,114568.72560558571,9.547393800465477,1,70,6,3,4,0,1,268,28,1
58137.51675340254,58032.43298789992,105.08376550261892,0.008756980458551576,0,698,1,1,0,0,0,515,1,0
22522.706324017945,20228.05161829565,2294.654705722296,0.191221225476858,0,355,1,0,0,0,0,181,2,0
9046.77218159737,7945.4788728388285,1101.2933087585407,0.09177444239654506,1,170,1,0,0,0,0,191,1,0
21135.249646089625,18381.081418734164,2754.1682273554616,0.22951401894628845,0,670,0,0,0,0,0,1967,1,0
162228.3822757079,25811.35777722763,136417.02449848028,11.368085374873358,2,18,4,1,3,0,0,92,40,1
17337.163707277407,17083.70024443794,253.46346283946696,0.021121955236622247,0,754,0,0,0,0,0,742,4,0
25943.84086051037,25234.357200420865,709.4836600895032,0.059123638340791936,0,616,1,0,0,0,0,1122,1,0
25105.668420062193,23159.04628664182,1946.6221334203728,0.1622185111183644,1,133,0,0,0,0,0,1141,2,0
25581.399125917724,27041.15646495769,-1459.7573390399666,-0.12164644491999722,0,232,0,0,0,0,0,1815,5,0
6232.2158738708895,6053.219245803213,178.99662806767628,0.014916385672306357,0,135,0,0,0,0,0,2105,2,0
15643.087409726215,17664.383399515613,-2021.295989789398,-0.16844133248244983,0,209,0,0,0,0,0,1020,3,0
97869.85256981423,13926.14596360737,83943.70660620686,6.995308883850572,4,72,4,2,3,0,1,147,23,1
40225.661959763034,36413.83828533071,3811.823674432322,0.3176519728693602,0,432,0,0,0,0,0,684,1,0
20604.535619728074,19458.178158403316,1146.3574613247583,0.09552978844372986,0,356,1,0,0,0,0,1945,3,0
31750.202925463094,29968.49854327704,1781.7043821860534,0.1484753651821711,0,156,1,0,0,0,0,636,3,0
128326.24756491338,15530.417687548785,112795.8298773646,9.399652489780383,2,48,7,2,1,1,0,120,48,1
16124.328880207986,18040.036362725386,-1915.7074825174004,-0.15964229020978338,0,288,4,0,0,0,0,2156,3,0
25394.218561969294,29173.996881034178,-3779.7783190648843,-0.31498152658874035,0,578,2,0,0,0,0,2468,6,0
90502.70428824794,31162.592428527725,59340.111859720215,4.945009321643351,3,38,3,1,4,0,0,175,44,1
34069.882764791815,31750.01806809969,2319.864696692126,0.19332205805767716,1,504,0,1,0,0,0,1359,5,0
18457.595343686015,18044.005762522196,413.58958116381837,0.0344657984303182,0,744,2,0,0,0,0,2107,2,0
27094.076571760947,23313.68769155578,3780.388880205166,0.31503240668376387,0,505,3,0,0,0,0,2135,8,0
33659.74847474073,30379.688758943536,3280.0597157971933,0.27333830964976613,0,391,0,0,0,0,0,2112,4,0
24460.022333555873,27702.72398503635,-3242.701651480478,-0.2702251376233732,0,334,1,0,0,0,0,490,3,0
18982.827864441293,19581.194039435602,-598.3661749943094,-0.04986384791619245,0,180,1,0,0,0,0,2061,4,0
38236.33426097741,34642.48955941542,3593.8447015619895,0.2994870584634991,0,201,2,0,0,0,0,1252,1,0
60377.97668567995,10096.02997265597,50281.94671302398,4.190162226085332,3,55,4,1,1,0,0,164,29,1
37664.8071125024,36618.88162728503,1045.925485217369,0.08716045710144742,0,149,0,0,0,0,0,2338,2,0
31951.67093202373,35697.79884505437,-3746.1279130306393,-0.3121773260858866,0,209,2,0,0,0,0,2002,1,0
146655.00151240855,25288.755014770763,121366.24649763778,10.113853874803148,4,74,4,3,2,1,1,179,25,1
27455.804981154663,26134.410416536342,1321.3945646183201,0.11011621371819334,0,690,0,0,0,0,0,1459,9,0
63784.27897733263,60142.46258386806,3641.816393464571,0.3034846994553809,0,419,0,0,0,0,0,677,1,0
159402.99013315537,22465.30081092635,136937.689322229,11.41147411018575,2,64,7,3,1,1,0,122,48,1
37565.54865868404,42824.14311771588,-5258.5944590318395,-0.43821620491931995,0,758,3,0,0,0,0,1717,6,0
28273.697674852236,31494.528740655718,-3220.8310658034825,-0.2684025888169569,1,275,1,0,0,0,0,1631,3,0
30198.815773217542,33558.95257209522,-3360.13679887768,-0.28001139990647333,0,644,0,0,0,0,0,1691,1,0
212895.18062597796,15288.49083133555,197606.6897946424,16.467224149553534,3,21,8,1,2,1,1,41,44,1
23733.658550414082,26954.088537614738,-3220.429987200656,-0.26836916560005464,0,772,1,0,0,0,0,1851,3,0
90517.51374083139,14248.18756935692,76269.32617147447,6.355777180956206,4,49,1,1,3,1,0,244,20,1
30459.132691291303,34112.0320420277,-3652.8993507363957,-0.304408279228033,0,190,0,0,0,0,0,665,1,0
23506.978883883952,20880.717421610447,2626.2614622735055,0.21885512185612546,0,413,0,0,0,0,0,902,1,0
28935.199202413285,29747.758849944774,-812.5596475314887,-0.0677133039609574,0,789,2,0,0,0,0,2069,2,0
24785.35071190874,22223.429979142795,2561.920732765946,0.21349339439716217,0,776,1,0,0,0,0,2386,7,0
24681.342682831968,26318.72161747353,-1637.3789346415615,-0.13644824455346347,0,657,0,0,0,0,0,195,2,0
24668.71317577348,21160.69112487845,3508.0220508950297,0.29233517090791916,0,556,0,1,0,0,0,1440,1,0
12178.30634356676,11043.371836658938,1134.9345069078208,0.09457787557565174,0,158,0,0,0,0,0,374,3,0
31215.38726387804,32233.21578922411,-1017.8285253460672,-0.08481904377883893,0,360,1,0,0,0,0,635,3,0
20549.180432376124,23270.46116567666,-2721.2807333005367,-0.22677339444171138,0,271,0,0,1,0,0,1693,1,0
126775.84185145762,20284.845732145743,106490.99611931188,8.874249676609324,3,69,8,2,1,0,0,123,32,1
17071.096626279046,15536.060995786467,1535.035630492579,0.12791963587438157,0,380,0,0,0,0,0,1113,10,0
16882.87488507734,15076.218140774214,1806.6567443031272,0.15055472869192726,0,777,0,0,0,0,0,808,11,0
32899.58662760907,32689.379991182966,210.20663642610089,0.017517219702175072,0,791,0,0,0,0,0,798,1,0
21136.095178331074,23796.72852134447,-2660.6333430133964,-0.22171944525111636,0,766,1,0,0,0,0,1678,2,0
9258.721594057108,9100.037770424624,158.68382363248384,0.013223651969373654,1,760,1,0,0,0,0,558,1,0
20981.75661071474,24101.004829130023,-3119.248218415283,-0.25993735153460695,0,407,0,0,0,0,0,755,3,0
112826.30081275968,16467.410582659057,96358.89023010063,8.029907519175053,2,70,5,1,2,1,1,224,46,1
37175.450367312005,32377.768547426946,4797.68181988506,0.399806818323755,0,363,0,1,0,0,0,229,2,0
30568.049673037487,29438.43435363354,1129.615319403947,0.09413460995032892,0,126,0,0,0,0,0,667,1,0
129900.48279001309,39093.43607842796,90807.04671158514,7.5672538926320945,2,55,2,1,3,1,1,281,30,1
16052.097030583378,14256.85033588586,1795.2466946975183,0.1496038912247932,0,323,0,0,0,0,0,1939,11,0
11928.03521612891,13613.725878887228,-1685.6906627583176,-0.14047422189652647,0,309,1,0,0,0,0,1439,5,0
23012.156395804686,24140.61494383737,-1128.4585480326823,-0.09403821233605686,0,366,1,0,1,0,0,1061,1,0
200677.9501546304,14567.01997847653,186110.93017615387,15.509244181346155,1,21,4,2,4,0,0,176,27,1
25980.051361555477,22255.755418800618,3724.2959427548594,0.31035799522957164,0,151,2,0,0,0,0,595,1,0
128106.4304918077,13781.576844488825,114324.85364731887,9.527071137276574,2,39,5,2,4,0,0,222,49,1
53208.436250234714,52999.976982109816,208.4592681248978,0.017371605677074815,0,590,1,0,0,0,0,363,1,0
150615.80103990575,25427.260868356927,125188.54017154883,10.432378347629069,3,30,4,1,4,0,0,18,24,1
25480.74897869676,27878.190965301517,-2397.4419866047574,-0.19978683221706312,0,143,0,0,0,0,0,2165,3,0
162804.17785445985,19624.561965521818,143179.61588893802,11.931634657411502,2,58,5,2,3,0,1,62,29,1
23051.347749363576,24819.490616146693,-1768.142866783117,-0.14734523889859308,0,496,3,0,0,0,0,1680,12,0
18586.974130499955,16941.558709514833,1645.4154209851222,0.13711795174876018,0,283,1,0,0,0,0,488,1,0
31638.851134949462,36373.7143029697,-4734.863168020242,-0.39457193066835344,0,267,4,0,0,0,0,2384,6,0
14680.46566905849,16127.395454516016,-1446.9297854575252,-0.12057748212146044,0,299,0,0,0,0,0,481,1,0
40895.78633674912,42229.244912078466,-1333.4585753293431,-0.11112154794411193,1,545,0,0,0,0,0,1617,4,0
95591.89929330618,19430.343221272768,76161.55607203342,6.346796339336118,2,47,6,0,1,0,0,58,24,1
16648.099583500218,15766.970298487244,881.1292850129739,0.07342744041774783,0,577,1,0,0,0,0,1973,2,0
17347.55707422449,18802.71513971004,-1455.1580654855497,-0.12126317212379581,0,516,1,0,0,0,0,2301,5,0
16555.793475044346,14362.635878926858,2193.1575961174876,0.18276313300979063,0,772,0,0,0,0,0,1008,3,0
38890.55271704482,33359.86131535249,5530.691401692326,0.46089095014102716,0,701,0,0,0,0,0,784,1,0
19213.987176773346,16914.94363918587,2299.0435375874767,0.19158696146562307,0,171,0,1,0,0,0,842,8,0
31552.260791785717,30376.238754076443,1176.0220377092737,0.0980018364757728,0,542,1,0,0,0,0,1331,2,0
117848.4184649752,17847.571644372263,100000.84682060294,8.333403901716911,2,73,3,0,2,1,0,41,28,1
30426.33637970221,29482.591744655856,943.7446350463542,0.07864538625386286,0,648,1,0,0,0,0,1312,4,0
29714.025533393185,27212.83826933589,2501.1872640572947,0.20843227200477454,0,431,0,0,0,0,0,1377,1,0
23386.400208661194,23413.96581277982,-27.565604118626652,-0.002297133676552221,0,140,2,0,0,0,0,1709,4,0
14781.86471770367,16577.758761791953,-1795.8940440882834,-0.14965783700735696,0,743,0,0,0,0,0,246,3,0
15823.884297129145,17197.2413472676,-1373.3570501384565,-0.11444642084487137,0,412,1,0,0,0,0,1016,5,0
32483.238498131486,27644.905569812283,4838.332928319203,0.40319441069326695,0,706,1,0,0,0,0,1842,4,0
28011.05712810632,24743.986709684184,3267.070418422136,0.27225586820184466,0,333,1,0,1,0,0,2468,4,0
39885.39665296583,38592.88380565048,1292.5128473153454,0.10770940394294545,1,441,0,0,0,0,0,921,3,0
17262.22352816823,18708.133858417368,-1445.9103302491385,-0.12049252752076155,0,371,1,0,1,0,0,2426,1,0
26198.135824591827,25843.95069159902,354.18513299280676,0.029515427749400563,0,543,0,0,0,0,0,217,5,0
109921.42676307975,13210.249904832755,96711.176858247,8.059264738187249,3,65,3,2,2,0,0,279,22,1
22634.198104159932,22915.54894973875,-281.3508455788178,-0.02344590379823482,0,471,0,0,0,0,0,1109,1,0
121174.69626011328,20792.317016381974,100382.37924373131,8.365198270310943,3,70,4,2,2,0,0,116,31,1
33097.11422397956,34461.28642441999,-1364.1722004404292,-0.1136810167033691,1,376,3,0,0,0,0,1662,6,0
9461.114714005524,10038.264343033223,-577.1496290276991,-0.048095802418974924,0,323,2,0,1,0,0,2159,5,0
43498.819680473636,37031.07564838685,6467.744032086783,0.5389786693405653,0,546,1,0,0,0,0,1558,1,0
49510.8500344755,51608.12419423945,-2097.274159763947,-0.17477284664699558,0,340,0,0,0,0,0,1533,12,0
16213.40197873479,13971.731773608859,2241.670205125931,0.1868058504271609,0,391,0,0,0,0,0,1984,12,0
22326.414392478746,25324.422072679983,-2998.0076802012372,-0.2498339733501031,0,458,2,0,0,0,0,1060,1,0
32257.92678325404,36563.15654857508,-4305.229765321044,-0.358769147110087,0,717,1,0,0,0,0,337,4,0
32362.15706400241,36542.33184741854,-4180.174783416132,-0.348347898618011,0,388,0,0,0,0,0,773,5,0
44303.8545449039,42947.58876168764,1356.2657832162586,0.11302214860135489,0,416,1,0,0,0,0,1611,6,0
25946.351643651604,27146.383214226862,-1200.0315705752582,-0.10000263088127152,0,553,2,0,0,0,0,1678,3,0
29545.64529960398,30004.34926898597,-458.70396938198974,-0.038225330781832476,0,181,0,0,0,0,0,2144,1,0
24156.16908078321,24829.794820867894,-673.6257400846844,-0.056135478340390364,0,392,0,0,0,0,0,575,4,0
10106.670875604023,9351.942162153158,754.7287134508642,0.06289405945423869,1,223,2,0,0,0,0,1936,1,0
21223.819269030595,22222.329756273626,-998.5104872430311,-0.08320920727025259,0,434,0,0,0,0,0,533,8,0
13602.84951755338,11965.484252870985,1637.3652646823957,0.13644710539019964,1,777,0,0,0,0,0,601,5,0
143031.53487539807,19027.74864177341,124003.78623362465,10.333648852802053,4,24,6,2,2,0,1,76,27,1
33026.69421839419,33904.97643062679,-878.2822122326033,-0.07319018435271694,1,535,0,0,0,0,0,937,8,0
25693.73572111213,23503.59961470473,2190.136106407401,0.18251134220061674,0,482,0,0,0,0,0,773,2,0
181621.93292249556,22406.76104850008,159215.17187399548,13.267930989499623,2,36,5,2,1,0,0,154,40,1
30735.893160036343,32754.116226179944,-2018.2230661436006,-0.16818525551196672,0,650,2,0,0,0,0,1356,4,0
7446.180578805402,7322.437565462589,123.74301334281245,0.010311917778567704,1,502,0,0,0,0,0,819,3,0
103497.6359050995,23073.5133773158,80424.1225277837,6.702010210648641,1,25,3,1,3,0,1,119,20,1
157172.06015010626,22935.449772018943,134236.61037808732,11.186384198173943,2,11,1,2,1,0,1,139,19,1
21290.12571727093,19547.41665705093,1742.7090602200005,0.14522575501833337,0,518,2,0,0,0,0,1976,1,0
193508.52514105197,14409.165795475043,179099.35934557693,14.92494661213141,1,54,6,2,4,0,0,132,55,1
13235.101677226996,12776.143811531925,458.9578656950707,0.03824648880792256,0,172,1,0,0,0,0,1970,1,0
27310.339279333282,26495.907061597216,814.4322177360664,0.06786935147800553,0,149,0,0,0,0,0,2253,1,0
17200.302531667425,16432.58232268012,767.7202089873063,0.06397668408227553,0,220,0,1,0,0,0,1381,8,0
35122.12467746631,37730.72884780755,-2608.604170341241,-0.2173836808617701,0,564,2,0,0,0,0,2226,1,0
36623.67691746741,38899.51817777622,-2275.8412603088073,-0.18965343835906728,0,499,0,0,0,0,0,2279,2,0
135552.72569402997,19287.10780966519,116265.61788436478,9.688801490363732,2,72,3,2,1,1,0,62,28,1
16841.254865666982,16483.601074622944,357.65379104403837,0.029804482587003196,0,256,0,0,0,0,0,870,1,0
33371.37105977342,35851.964900489875,-2480.5938407164576,-0.20671615339303814,0,464,1,0,0,0,0,1906,2,0
37283.96963548376,32591.14674035698,4692.822895126777,0.3910685745938981,0,283,1,0,0,0,0,476,2,0
14665.230023491757,14056.529095502521,608.7009279892354,0.05072507733243629,0,583,0,0,0,0,0,1791,1,0
26999.94260818347,24011.166852119244,2988.7757560642276,0.24906464633868564,0,591,1,0,0,0,0,1935,1,0
145754.1675957457,31464.50838204961,114289.6592136961,9.524138267808008,2,47,6,0,1,0,0,265,52,1
18788.07288856939,21245.40675289111,-2457.333864321721,-0.2047778220268101,0,287,2,1,0,0,0,463,5,0
38614.601430465955,42742.108377791825,-4127.50694732587,-0.34395891227715586,1,262,1,0,0,0,0,481,3,0
27199.75349064885,29516.494633583312,-2316.741142934461,-0.19306176191120508,1,679,0,0,0,0,0,362,3,0
20971.82493685009,21305.51505060345,-333.6901137533605,-0.02780750947944671,1,472,0,0,0,0,0,769,2,0
43190.95356353588,39987.16958983707,3203.78397369881,0.2669819978082342,0,672,0,0,0,0,0,824,2,0
29359.932101350558,32053.093710103978,-2693.1616087534203,-0.22443013406278503,0,537,1,0,0,0,0,2092,2,0
32294.454218827934,28906.887476558146,3387.566742269788,0.28229722852248235,0,289,4,1,0,0,0,1014,2,0
27702.383718026093,23852.095747872732,3850.28797015336,0.32085733084611334,0,160,1,0,0,0,0,226,1,0
32862.92838685222,32051.899522273277,811.0288645789406,0.06758573871491172,0,643,0,0,0,0,0,558,16,0
18064.978104325215,18437.671803724177,-372.69369939896205,-0.03105780828324684,0,132,0,1,0,0,0,2319,5,0
190665.39634170083,16438.029363941154,174227.3669777597,14.518947248146642,1,35,3,1,2,0,0,67,45,1
151177.09230926743,29363.02065486694,121814.0716544005,10.151172637866708,3,31,5,0,2,0,0,57,21,1
15510.293991813436,16045.09285857414,-534.7988667607042,-0.04456657223005868,0,595,1,0,0,0,0,1224,5,0
133494.85663100163,12455.880474304155,121038.97615669748,10.086581346391457,1,29,7,1,2,1,1,193,47,1
86921.23196151515,18145.365379836032,68775.86658167912,5.731322215139927,4,72,4,2,2,0,0,260,56,1
19140.077089933446,18147.232518543566,992.84457138988,0.08273704761582333,0,154,0,0,0,0,0,1084,5,0
18270.63730049188,16986.276169944173,1284.3611305477061,0.10703009421230884,0,407,0,0,0,0,0,630,1,0
21686.21488110653,21677.017458482238,9.197422624292813,0.0007664518853577344,0,214,1,0,0,0,0,1687,1,0
116992.1406059193,23275.664925632336,93716.47568028697,7.809706306690581,3,47,5,2,3,0,1,77,37,1
12160.949515320533,13675.906674672471,-1514.9571593519377,-0.1262464299459948,0,151,1,0,0,0,0,2171,7,0
200500.40671873855,17045.387217153148,183455.0195015854,15.287918291798784,2,74,2,1,2,0,0,277,51,1
29014.003102427298,31190.18545816588,-2176.1823557385833,-0.18134852964488193,0,198,0,0,0,0,0,564,3,0
147186.01880493917,26208.830462883525,120977.18834205566,10.08143236183797,3,71,5,2,3,1,0,93,31,1
33204.801271428565,33807.6894080148,-602.8881365862326,-0.05024067804885272,0,799,0,0,0,0,0,1327,3,0
17551.235329935516,17493.407767312685,57.827562622831465,0.0048189635519026225,0,634,0,0,0,0,0,1545,6,0
23284.584445059547,22314.3133008749,970.2711441846477,0.08085592868205398,0,215,1,0,0,0,0,1870,1,0
23088.912067661695,26431.369844725752,-3342.457777064057,-0.27853814808867144,0,131,0,1,0,0,0,2367,2,0
93118.62611798602,24512.219440477347,68606.40667750867,5.717200556459056,1,31,3,2,2,0,1,151,46,1
148737.68346876348,13907.01977574559,134830.6636930179,11.235888641084825,1,6,4,2,1,1,0,127,21,1
31949.31416446216,35583.7235838272,-3634.4094193650417,-0.30286745161375345,1,225,1,0,0,0,0,1183,4,0
116306.18052485008,13295.021817193798,103011.15870765627,8.584263225638022,2,8,4,2,4,1,0,243,48,1
12218.518649326455,12531.975126176763,-313.4564768503078,-0.026121373070858985,0,558,0,0,0,0,0,306,4,0
38501.93778185027,36929.03783985462,1572.8999419956453,0.13107499516630378,0,628,3,0,0,0,0,2075,4,0
23882.701073225042,21372.677896214507,2510.0231770105347,0.20916859808421123,0,516,1,0,0,0,0,954,3,0
167035.15151716754,20619.91307051632,146415.23844665123,12.201269870554269,3,6,6,2,1,0,1,61,16,1
37829.75675797795,39572.50622646393,-1742.7494684859776,-0.14522912237383145,0,194,1,0,0,0,0,2003,2,0
24017.452991363516,27336.190482041417,-3318.7374906779005,-0.2765614575564917,0,533,0,0,0,0,0,1325,7,0
44152.19371584657,40727.717272139336,3424.476443707237,0.2853730369756031,0,328,0,0,0,0,0,1002,1,0
13265.020161953522,12692.52508703743,572.4950749160926,0.04770792290967438,0,725,0,0,0,0,0,1658,1,0
26629.012287194808,23353.38237638579,3275.629910809017,0.27296915923408477,0,581,0,0,0,0,0,710,5,0
30828.0473811993,29516.130844077237,1311.9165371220624,0.1093263780935052,0,317,2,0,0,0,0,1986,1,0
30611.378146595707,26699.14193849111,3912.2362081045976,0.32601968400871645,0,407,0,0,0,0,0,1978,3,0
14152.720165816443,13717.32839757517,435.3917682412739,0.036282647353439494,0,688,0,0,0,0,0,1445,1,0
15735.320194002075,17964.18035176558,-2228.8601577635036,-0.18573834648029197,0,681,1,0,0,0,0,254,2,0
32658.417102293697,36395.84731772344,-3737.430215429744,-0.31145251795247864,0,323,2,0,0,0,0,1589,2,0
23411.646102092553,25223.27022490253,-1811.6241228099789,-0.15096867690083157,0,462,3,1,0,0,0,1558,1,0
22966.212363087652,20872.653896248306,2093.558466839346,0.1744632055699455,1,247,0,0,0,0,0,2128,4,0
23685.608151278157,23705.814656074832,-20.20650479667529,-0.0016838753997229408,1,147,0,0,0,0,0,1419,1,0
107165.74553921653,34615.79794885316,72549.94759036337,6.045828965863614,1,41,6,0,2,1,0,66,49,1
37474.9628787478,42309.53481476505,-4834.571936017252,-0.4028809946681043,0,720,0,0,0,0,0,2422,4,0
21194.755490153308,20139.747648030927,1055.0078421223807,0.08791732017686506,0,192,1,0,0,0,0,965,11,0
37086.9304378791,34622.41493900353,2464.5154988755676,0.20537629157296397,0,585,0,0,0,0,0,385,6,0
17306.276427604455,18893.107562191697,-1586.8311345872426,-0.1322359278822702,0,280,1,0,0,0,0,2479,2,0
30490.828079969517,32909.36158217835,-2418.5335022088366,-0.20154445851740305,0,679,2,0,0,0,0,2203,1,0
24547.754182997898,25228.552569756488,-680.7983867585899,-0.05673319889654916,0,561,0,0,0,0,0,458,1,0
21576.215516928914,23912.469680553044,-2336.2541636241294,-0.19468784696867744,0,628,2,0,0,0,0,2236,3,0
203864.35279415228,26100.676707317238,177763.67608683504,14.81363967390292,4,26,3,3,3,1,1,31,49,1
24102.682943449065,25966.871442559677,-1864.1884991106126,-0.15534904159255106,0,547,0,0,0,0,0,961,8,0
14494.440663096142,13141.734768386179,1352.705894709963,0.11272549122583025,0,764,0,0,0,0,0,1206,2,0
13118.317788827606,15076.998936436294,-1958.6811476086878,-0.16322342896739064,0,196,2,0,0,0,0,1200,3,0
37146.68219003651,36217.627139520846,929.0550505156643,0.07742125420963869,0,230,0,0,0,0,0,1390,9,0
33786.40870867351,35192.65907375119,-1406.250365077678,-0.11718753042313983,0,600,1,0,0,0,0,1167,3,0
25403.32417309636,21995.402017579632,3407.922155516728,0.2839935129597273,0,550,1,0,0,0,0,417,1,0
18969.311671249598,20336.836612832987,-1367.5249415833896,-0.1139604117986158,0,298,0,0,0,0,0,2030,5,0
9057.110432719866,10047.937792159422,-990.827359439556,-0.082568946619963,0,576,1,0,0,0,0,2223,3,0
22914.300363401184,24129.239703037234,-1214.9393396360501,-0.10124494496967085,0,203,2,0,0,0,0,231,11,0
24633.019049301653,21628.518878629337,3004.500170672316,0.250375014222693,0,426,4,0,0,0,0,389,5,0
13218.601966198288,14908.261884717682,-1689.6599185193936,-0.14080499320994946,0,166,0,0,0,0,0,280,3,0
27884.492687760285,29519.141449552655,-1634.6487617923704,-0.1362207301493642,0,248,0,0,0,0,0,569,2,0
61168.66764337593,52522.92752979116,8645.740113584769,0.7204783427987307,0,655,0,0,0,0,0,535,3,0
44083.9124116322,47294.0702529548,-3210.1578413226016,-0.26751315344355014,0,724,0,0,0,0,0,789,2,0
48418.658152671,44446.6894332603,3971.9687194107028,0.3309973932842252,0,360,0,0,0,0,0,448,6,0
121045.9700819389,16191.469429681945,104854.50065225695,8.737875054354745,1,57,4,2,2,0,0,125,42,1
199849.95972594505,12946.11494925512,186903.84477668995,15.575320398057496,2,26,3,3,3,0,1,177,54,1
25161.325701689595,23229.64975858647,1931.6759431031242,0.16097299525859368,0,364,2,0,0,0,0,1696,3,0
25081.62826593588,25953.294314961408,-871.6660490255272,-0.07263883741879393,1,517,1,0,0,0,0,1149,2,0
22214.028180067464,20213.572219686368,2000.4559603810958,0.16670466336509132,0,653,1,0,0,0,0,1339,1,0
27602.035318377046,25567.82124467933,2034.2140736977162,0.1695178394748097,0,605,0,0,0,0,0,2429,2,0
30904.56014087487,33371.48574138477,-2466.9256005099014,-0.20557713337582512,0,305,1,0,0,0,0,1582,1,0
125709.14636077333,40685.0972732453,85024.04908752802,7.085337423960668,2,18,5,0,2,1,1,16,47,1
15741.06414180477,16926.028123008797,-1184.963981204026,-0.09874699843366883,0,201,1,0,0,0,0,2214,7,0
19865.901779967942,20680.25099623283,-814.3492162648872,-0.0678624346887406,0,301,0,1,0,0,0,2210,1,0
22442.645901681666,21134.864586741853,1307.7813149398135,0.10898177624498445,0,336,0,0,0,0,0,1380,1,0
144536.2979283589,8266.117128071844,136270.18080028705,11.355848400023921,2,31,6,1,2,0,1,254,17,1
21378.118150392613,20087.754590135195,1290.3635602574177,0.10753029668811814,0,634,0,0,1,0,0,1721,3,0
138738.17599341023,21141.171316845877,117597.00467656435,9.799750389713695,3,64,4,0,2,0,0,77,30,1
9252.098513586752,9711.200944419306,-459.1024308325541,-0.03825853590271284,0,258,0,0,0,0,0,213,2,0
23464.62974745228,21521.03498963349,1943.5947578187915,0.16196622981823264,0,613,1,0,0,0,0,1737,3,0
40287.08384879648,41823.694391378944,-1536.6105425824644,-0.1280508785485387,0,197,0,0,0,0,0,2291,4,0
19954.367704117656,21834.37998951757,-1880.0122853999128,-0.15666769044999274,0,295,0,0,0,0,0,1029,2,0
4842.32823155532,5031.010089087124,-188.68185753180387,-0.01572348812765032,0,562,0,0,0,0,0,369,1,0
28275.35334480192,30442.613856237687,-2167.2605114357684,-0.18060504261964735,0,623,1,0,0,0,0,1812,1,0
39208.443733589906,43952.75576600149,-4744.312032411588,-0.395359336034299,0,488,2,0,0,0,0,1826,1,0
27700.047878496924,27926.285955340267,-226.23807684334315,-0.018853173070278596,0,721,0,0,0,0,0,1831,4,0
14430.988497768982,16554.79078057839,-2123.802282809409,-0.17698352356745076,0,243,2,0,0,0,0,1140,4,0
44462.215739287974,50324.30395214975,-5862.088212861774,-0.48850735107181453,0,498,0,0,0,0,0,555,3,0
21395.68313667603,24287.63303524207,-2891.9498985660393,-0.24099582488050328,0,718,1,0,0,0,0,1824,2,0
25964.899102906114,29497.986211234303,-3533.087108328189,-0.29442392569401576,0,218,2,0,0,0,0,2129,2,0
36052.73370652295,40166.511372765424,-4113.777666242473,-0.3428148055202061,0,335,0,0,0,0,0,250,3,0
176298.5281881196,21148.20488680007,155150.32330131956,12.929193608443297,1,37,3,0,3,1,1,297,51,1
13052.822054504177,11188.119560270445,1864.702494233732,0.15539187451947767,0,457,1,0,0,0,0,498,1,0
18850.873307909682,20122.115699252292,-1271.24239134261,-0.1059368659452175,0,321,0,1,0,0,0,1984,5,0
17790.4993141968,18922.978358562887,-1132.4790443660859,-0.09437325369717382,0,488,0,0,0,0,0,812,3,0
25331.433896966446,22154.63481378887,3176.799083177575,0.2647332569314646,0,340,1,0,0,0,0,655,1,0
31492.590006995626,27306.733025976177,4185.856981019449,0.3488214150849541,0,275,0,0,0,0,0,407,8,0
27040.624725644113,27739.249135631417,-698.6244099873038,-0.058218700832275316,0,556,0,0,0,0,0,1580,1,0
19183.018771253115,17089.23529428954,2093.783476963574,0.17448195641363115,0,412,0,0,0,0,0,1398,1,0
39219.81034692487,42988.97156764894,-3769.161220724076,-0.314096768393673,1,350,0,0,1,0,0,322,3,0
32472.60621654216,36272.92864314897,-3800.3224266068064,-0.3166935355505672,0,212,2,0,0,0,0,1586,1,0
14152.611811278504,16067.845195158097,-1915.233383879593,-0.15960278198996608,0,751,3,0,0,0,0,1069,1,0
150629.3433503281,8116.434959470154,142512.90839085795,11.876075699238163,3,7,3,0,1,0,1,30,29,1
127073.75675259571,31026.58694291256,96047.16980968315,8.003930817473597,1,24,3,1,2,0,0,73,43,1
27946.699889194002,27478.528994908982,468.17089428502004,0.03901424119041834,0,487,1,1,0,0,0,1640,4,0
25348.54899999777,28052.91902239142,-2704.3700223936503,-0.2253641685328042,0,706,1,0,1,0,0,1470,2,0
16882.73916301966,14570.955370927048,2311.783792092614,0.19264864934105116,0,330,0,1,0,0,0,656,2,0
28335.532038134454,31141.930470882846,-2806.398432748392,-0.23386653606236601,0,522,0,0,0,0,0,2100,3,0
13182.812649380872,13762.582007563695,-579.7693581828225,-0.04831411318190188,0,612,0,0,0,0,0,1651,7,0
25096.851838041162,25006.956091320273,89.89574672088929,0.0074913122267407746,0,539,0,0,0,0,0,797,2,0
154482.92559651769,12135.77948246133,142347.14611405635,11.862262176171363,4,5,3,1,2,1,1,190,30,1
28280.891371167752,27372.725262643307,908.166108524445,0.07568050904370376,0,597,2,0,0,0,0,1684,4,0
311342.240342929,33047.25271826716,278294.9876246619,23.191248968721823,2,28,3,2,3,0,0,177,30,1
16283.98112631228,14334.245362169855,1949.7357641424242,0.162477980345202,0,756,0,0,0,0,0,1111,2,0
26451.95993734362,27596.60026413018,-1144.6403267865571,-0.09538669389887976,0,499,1,0,0,0,0,1043,1,0
16067.471832762332,13812.636876833578,2254.8349559287544,0.18790291299406287,0,411,1,0,0,0,0,1725,1,0
13698.157397661533,12374.08667602515,1324.0707216363826,0.11033922680303188,0,470,1,0,0,0,0,1559,2,0
36292.78684761207,30985.975122689037,5306.8117249230345,0.44223431041025285,0,322,1,1,0,0,0,1430,1,0
13790.539938385406,14232.894731115606,-442.35479273020064,-0.036862899394183385,0,130,1,0,0,0,0,2406,5,0
30777.89348739418,33311.51617101834,-2533.6226836241585,-0.21113522363534654,0,279,1,0,0,0,0,1615,2,0
38949.51667368221,43947.50634266627,-4997.989668984061,-0.41649913908200503,0,557,1,0,0,0,0,2267,1,0
196604.28475812034,18348.458012947965,178255.82674517238,14.854652228764365,4,19,6,0,3,0,0,127,43,1
33670.45649315322,36105.91173976874,-2435.4552466155146,-0.20295460388462622,0,210,1,0,0,0,0,1626,10,0
24085.549334217612,27629.533232624428,-3543.9838984068156,-0.2953319915339013,0,503,1,0,0,0,0,1833,2,0
92575.71651077805,15493.956032366252,77081.7604784118,6.42348003986765,2,48,6,3,1,1,0,181,48,1
27285.06287522781,30321.004622073782,-3035.9417468459724,-0.2529951455704977,0,566,0,0,0,0,0,991,2,0
13540.836709927707,14685.263270315842,-1144.426560388134,-0.0953688800323445,0,238,0,0,0,0,0,2498,1,0
23665.916984108375,22111.26450849014,1554.6524756182334,0.12955437296818612,0,321,1,0,0,0,0,848,9,0
19507.03448244695,19850.69034712567,-343.6558646787198,-0.028637988723226652,1,558,0,0,0,0,0,1207,6,0
21654.7826103649,23439.493715156495,-1784.7111047915969,-0.14872592539929974,1,222,1,0,0,0,0,1751,5,0
17428.33345146593,15646.290893414613,1782.0425580513165,0.14850354650427638,0,316,4,0,0,0,0,1642,2,0
25041.113267238543,21895.54205832689,3145.5712089116532,0.2621309340759711,0,327,0,0,0,0,0,1965,1,0
150467.50425467262,15036.661952966895,135430.84230170574,11.285903525142144,2,46,5,0,3,1,0,190,57,1
10024.712094910295,10944.696906781819,-919.9848118715236,-0.07666540098929363,0,548,2,0,0,0,0,853,9,0
22215.639639803925,24263.794768417,-2048.1551286130743,-0.17067959405108954,1,614,2,0,0,0,0,1991,3,0
18632.616833765103,19570.33695548903,-937.7201217239272,-0.07814334347699393,0,452,0,0,0,0,0,2316,5,0
140350.54900618974,22099.890927503748,118250.658078686,9.854221506557167,2,27,2,1,2,0,0,83,25,1
40752.89311445134,46057.29424473461,-5304.401130283266,-0.44203342752360547,0,212,0,0,0,0,0,2261,1,0
31607.938156450622,27833.304654689833,3774.633501760789,0.31455279181339907,0,168,1,0,0,0,0,2101,12,0
98964.98321890195,30688.1480924051,68276.83512649685,5.689736260541404,4,50,3,0,1,0,1,199,34,1
80378.62785972665,78325.30685587971,2053.3210038469406,0.17111008365391173,0,685,1,0,0,0,0,1952,2,0
17747.97484328382,15930.216642133815,1817.7582011500053,0.15147985009583378,0,333,1,0,0,0,0,728,3,0
26441.053642379127,23692.1636948907,2748.8899474884274,0.2290741622907023,0,764,1,1,0,0,0,382,6,0
28966.11226371459,30223.677514892075,-1257.565251177486,-0.10479710426479051,0,623,0,0,0,0,0,2041,3,0
56934.357082655784,59530.114791355954,-2595.75770870017,-0.21631314239168084,0,305,0,0,0,0,0,1910,11,0
23199.28825592845,20759.409149266503,2439.8791066619488,0.20332325888849573,0,224,3,0,0,0,0,895,2,0
21384.205221203523,21443.515921425995,-59.310700222471496,-0.0049425583518726245,0,706,0,0,0,0,0,1684,3,0
20784.511611943686,18323.628934571847,2460.8826773718392,0.20507355644765327,0,141,1,0,0,0,0,2070,2,0
14311.33993014483,15639.208722678199,-1327.8687925333688,-0.11065573271111406,0,428,0,0,0,0,0,634,5,0
92180.53546800144,23256.038844499843,68924.4966235016,5.743708051958467,2,42,4,2,1,0,1,159,51,1
35074.584895853826,33872.05323772157,1202.531658132255,0.10021097151102125,1,486,1,0,0,0,0,539,4,0
30525.051683335245,29904.42007632523,620.6316070100147,0.05171930058416789,0,653,1,0,1,0,0,2143,1,0
25592.628000482036,23836.47660703389,1756.1513934481482,0.14634594945401236,0,307,1,0,0,0,0,1208,2,0
23653.652805375543,26795.60536120121,-3141.9525558256682,-0.26182937965213904,0,331,2,0,0,0,0,314,2,0
27459.602401962264,30565.191424520122,-3105.5890225578587,-0.25879908521315487,0,470,1,1,0,0,0,1360,2,0
22775.091569598902,19921.506902944053,2853.5846666548496,0.23779872222123746,0,438,0,0,0,0,0,2268,4,0
23716.815473725022,22235.628159860076,1481.1873138649462,0.12343227615541218,0,655,0,0,1,0,0,971,1,0
28432.561174651248,25117.16237496113,3315.398799690116,0.27628323330750965,1,248,0,0,0,0,0,1120,1,0
10943.063273215179,11304.123603640604,-361.0603304254255,-0.030088360868785458,0,218,1,0,0,0,0,365,1,0
21103.31979825912,22553.771756419294,-1450.4519581601744,-0.12087099651334787,1,149,0,0,0,0,0,478,10,0
33164.53211998369,35283.335963640966,-2118.803843657275,-0.1765669869714396,0,195,0,0,1,0,0,557,4,0
30070.184235769102,29533.762051907186,536.422183861916,0.044701848655159665,0,145,2,0,0,0,0,866,7,0
15071.826445912193,12872.807041097525,2199.0194048146677,0.18325161706788898,0,428,2,0,1,0,0,2132,4,0
28177.79813644834,27961.161363178755,216.6367732695835,0.018053064439131957,0,327,0,0,0,0,0,1906,2,0
28441.047550721352,26601.002016095976,1840.0455346253766,0.15333712788544804,0,685,0,1,0,0,0,2468,3,0
22391.743044979397,24589.38197943067,-2197.638934451272,-0.18313657787093932,0,554,1,0,0,0,0,2173,7,0
156133.80147931955,21622.20681544756,134511.59466387198,11.209299555322664,1,61,7,1,1,0,1,89,32,1
21830.79331425956,24415.565514528284,-2584.7722002687224,-0.21539768335572687,1,475,0,0,0,0,0,2073,3,0
34694.90828856594,33076.410126103605,1618.4981624623324,0.13487484687186102,1,565,1,0,0,0,0,480,8,0
39115.65537774797,43148.49949888918,-4032.8441211412064,-0.3360703434284339,0,253,1,0,0,0,0,1725,1,0
21456.955171229605,20396.69181224853,1060.2633589810757,0.08835527991508964,0,756,2,0,0,0,0,2187,1,0
17116.181015619215,17426.22280035882,-310.04178473960565,-0.025836815394967138,0,507,2,0,0,0,0,2051,6,0
118200.38483596353,18425.00358086807,99775.38125509546,8.314615104591288,1,61,4,2,2,0,0,109,40,1
103492.96778689521,23865.51132322924,79627.45646366598,6.635621371972165,1,37,2,1,3,0,1,298,29,1
10393.025418026358,9362.453149218452,1030.5722688079059,0.08588102240065883,0,312,1,0,0,0,0,707,2,0
36414.73274776297,33607.130556311575,2807.6021914513985,0.23396684928761655,0,489,1,0,0,0,0,1559,10,0
16148.314713957474,18340.064242553304,-2191.7495285958303,-0.18264579404965253,0,395,4,0,0,0,0,2228,2,0
12346.507722191212,11422.635679213421,923.8720429777914,0.07698933691481595,0,289,0,0,0,0,0,1384,7,0
14530.773235650744,13133.762722585847,1397.0105130648972,0.1164175427554081,0,407,0,0,0,0,0,2021,5,0
38988.362810191,41854.94519944787,-2866.5823892568733,-0.2388818657714061,0,329,1,0,0,0,0,669,1,0
126028.38461681143,16012.216613739469,110016.16800307196,9.168014000255997,2,11,5,2,2,0,0,223,47,1
24318.88637898719,26705.931337521026,-2387.0449585338356,-0.19892041321115297,0,134,0,0,0,0,0,1189,1,0
31513.019104983316,34023.0168996683,-2509.997794684983,-0.20916648289041526,0,694,0,0,0,0,0,1712,6,0
148793.31288970902,39923.922116903974,108869.39077280505,9.072449231067088,4,13,2,1,2,0,1,53,30,1
128613.32582550186,16614.381308325617,111998.94451717625,9.333245376431353,4,54,7,1,2,1,0,108,56,1
20144.072581420052,22215.200251305967,-2071.1276698859147,-0.17259397249049288,0,643,0,1,0,0,0,2309,3,0
115966.19253730842,24240.448194621204,91725.74434268722,7.643812028557268,2,42,3,0,3,0,1,142,59,1
17483.410309807514,18471.555377783374,-988.14506797586,-0.08234542233132167,0,310,0,0,0,0,0,1333,1,0
13347.220632218674,13532.40518043491,-185.18454821623527,-0.015432045684686273,0,725,2,0,0,0,0,1230,3,0
23757.648468451538,25110.70321145293,-1353.0547430013903,-0.11275456191678253,1,775,1,0,0,0,0,1833,4,0
23024.096480050852,26029.046345286763,-3004.9498652359107,-0.2504124887696592,0,711,0,0,0,0,0,1768,1,0
19960.107511413004,22656.422927036216,-2696.315415623212,-0.22469295130193434,0,656,0,0,0,0,0,1115,3,0
31860.738193837064,30262.256749177082,1598.4814446599812,0.13320678705499844,0,728,2,0,0,0,0,2498,4,0
165244.07600675896,17912.970382784966,147331.105623974,12.277592135331167,3,30,5,1,3,1,0,156,43,1
18288.78428484049,18856.198820022535,-567.4145351820443,-0.047284544598503696,0,496,1,0,1,0,0,1294,3,0
18877.336372652215,17990.652335964896,886.6840366873184,0.07389033639060986,0,153,0,1,0,0,0,2388,2,0
19069.161327323767,16612.296084722075,2456.8652426016924,0.2047387702168077,0,633,1,0,0,0,0,1014,1,0
31550.595228469465,27422.601644657338,4127.993583812127,0.3439994653176773,0,496,1,1,0,0,0,1028,7,0
24280.97434182348,27154.782399405554,-2873.808057582075,-0.23948400479850626,0,250,1,0,0,0,0,923,2,0
21798.05889165323,19960.733389886693,1837.325501766536,0.15311045848054466,0,307,0,0,0,0,0,1562,1,0
36197.51883675287,31679.954478827007,4517.564357925861,0.3764636964938218,0,553,2,0,0,0,0,2102,7,0
27206.330743936793,28828.31986814064,-1621.9891242038466,-0.13516576035032055,0,316,1,1,0,0,0,288,1,0
20511.768790207338,21930.527311693426,-1418.7585214860883,-0.11822987679050735,0,246,0,0,0,0,0,608,4,0
29324.46061227454,30362.92315031061,-1038.4625380360703,-0.08653854483633919,1,341,1,0,0,0,0,1105,1,0
19921.668450527304,20101.492368438463,-179.8239179111588,-0.014985326492596566,0,120,0,0,0,0,0,799,2,0
112072.15414134275,9106.363307025465,102965.79083431727,8.58048256952644,2,35,3,1,1,0,0,290,35,1
30337.039120255704,26030.12534394173,4306.913776313973,0.3589094813594978,0,791,1,0,0,0,0,1216,6,0
25044.911395276395,23799.29240881003,1245.6189864663647,0.10380158220553039,1,288,0,0,0,0,0,493,3,0
38685.16161365109,40090.887144900254,-1405.7255312491616,-0.11714379427076346,1,144,0,1,0,0,0,1948,1,0
137055.87296125272,15833.889620634265,121221.98334061846,10.101831945051538,3,33,4,2,1,1,1,264,33,1
19089.93265004135,17058.52545134594,2031.4071986954114,0.1692839332246176,0,367,2,0,0,0,0,574,8,0
27165.039074265347,28555.18319806651,-1390.1441238011612,-0.11584534365009677,0,448,1,1,0,0,0,1092,2,0
13021.848676745847,13080.378254868056,-58.52957812220848,-0.004877464843517373,0,616,1,0,0,0,0,273,3,0
9075.901870574062,8284.742034440847,791.1598361332144,0.06592998634443453,0,258,0,0,0,0,0,2400,5,0
15196.269359346958,14457.064550783269,739.2048085636889,0.061600400713640736,0,712,1,0,0,0,0,413,3,0
155473.88508059963,18552.748710074877,136921.13637052476,11.41009469754373,2,45,6,2,3,0,1,208,39,1
125416.10097086418,22413.247044129475,103002.85392673471,8.583571160561226,3,24,9,0,2,1,1,292,24,1
105474.42801750686,17248.709929912133,88225.71808759472,7.352143173966227,1,70,5,1,1,0,1,269,25,1
41815.54579423835,39964.8998159194,1850.6459783189493,0.1542204981932458,0,583,2,0,0,0,0,1540,1,0
26322.511918518718,30185.65530029995,-3863.143381781232,-0.321928615148436,0,447,0,0,0,0,0,2100,4,0
24179.55644651493,23277.52892071218,902.0275258027505,0.07516896048356254,0,344,0,0,0,0,0,1788,3,0
30699.32985489437,28143.884935301576,2555.4449195927955,0.21295374329939962,0,131,0,0,1,0,0,1450,1,0
97556.6271099351,18197.215474138255,79359.41163579685,6.613284302983071,1,60,5,2,2,1,1,120,29,1
20643.500796315657,22704.893541394358,-2061.3927450787014,-0.17178272875655845,0,705,2,0,0,0,0,2349,7,0
26657.192002671996,26393.281159761224,263.91084291077277,0.0219925702425644,1,716,1,0,1,0,0,1062,7,0
22793.950053068493,23544.067870755505,-750.1178176870126,-0.06250981814058439,0,689,0,0,0,0,0,960,1,0
17594.742597141576,16942.174500101657,652.5680970399189,0.05438067475332658,0,392,0,0,0,0,0,1891,6,0
30656.44757802481,27310.85836472818,3345.589213296629,0.27879910110805245,0,143,0,0,0,0,0,2146,1,0
135156.43180029732,29395.192831946235,105761.23896835108,8.813436580695925,2,12,5,0,2,0,0,237,16,1
11794.845972190062,11559.1171816054,235.72879058466242,0.019644065882055202,0,474,0,0,0,0,0,1057,10,0
25144.676312123345,22827.357295777732,2317.319016345613,0.19310991802880106,0,517,1,0,0,0,0,989,1,0
12634.379795621553,10831.951730151326,1802.428065470227,0.1502023387891856,0,465,0,0,0,0,0,302,3,0
34767.75953684481,35294.41254788856,-526.6530110437525,-0.043887750920312704,1,388,0,0,0,0,0,828,1,0
37763.81316577115,33313.23483556833,4450.578330202821,0.3708815275169018,0,590,1,0,0,0,0,978,2,0
10377.851581081512,9377.54952382011,1000.3020572614023,0.08335850477178353,0,145,1,0,0,0,0,791,4,0
31285.00140640367,31883.02371468167,-598.0223082779994,-0.04983519235649995,0,326,1,0,0,0,0,2271,7,0
46537.20248601443,42355.96780247084,4181.234683543589,0.3484362236286324,0,693,1,0,0,0,0,573,9,0
39993.53017328954,42544.052889520084,-2550.5227162305455,-0.2125435596858788,0,747,2,0,0,0,0,2156,1,0
29418.081972399388,27045.281335051717,2372.800637347671,0.19773338644563926,0,135,2,0,0,0,0,583,2,0
35134.48980556142,40390.94482345191,-5256.45501789049,-0.43803791815754084,0,320,0,0,0,0,0,1004,12,0
31096.94276580346,30385.042121804494,711.9006439989644,0.05932505366658036,1,785,0,0,0,0,0,1030,3,0
21715.50765229978,19440.544268290592,2274.9633840091883,0.18958028200076568,0,228,1,0,0,0,0,2381,7,0
17173.729113468715,15955.31202797085,1218.4170854978656,0.10153475712482214,0,335,1,0,0,0,0,1055,5,0
32096.903367637406,31936.620769775756,160.28259786164926,0.01335688315513744,0,337,0,0,0,0,0,918,11,0
124892.9842030017,19341.40797071928,105551.57623228242,8.795964686023535,3,20,3,2,2,1,0,213,34,1
122822.70385438326,10189.921864317832,112632.78199006543,9.386065165838787,3,37,3,2,1,1,0,77,29,1
11597.350283906973,11811.725540382178,-214.37525647520488,-0.017864604706267072,0,788,1,0,0,0,0,2137,2,0
38355.85785936026,41710.92808128571,-3355.0702219254526,-0.2795891851604544,0,436,1,0,0,0,0,1080,9,0
35379.83933361333,32946.41822015244,2433.4211134608922,0.20278509278840767,0,700,2,0,0,0,0,1203,2,0
167948.3845155968,10926.258210198797,157022.12630539798,13.085177192116499,2,9,4,2,2,1,1,279,56,1
36002.57539228254,33630.662849717024,2371.9125425655147,0.19765937854712623,0,595,1,0,0,0,0,1002,2,0
18267.65759479063,20386.14384918462,-2118.486254393989,-0.1765405211994991,0,298,0,0,0,0,0,1098,3,0
22919.06918571319,21288.306544264284,1630.762641448906,0.13589688678740883,0,142,0,1,0,0,0,1391,4,0
41028.27024037509,37346.203095394776,3682.067144980312,0.30683892874835933,0,786,0,0,0,0,0,2174,2,0
24761.12042288515,24263.987217979975,497.13320490517435,0.04142776707543119,0,141,0,0,0,0,0,340,4,0
28459.34191159899,29430.194070470006,-970.8521588710173,-0.08090434657258477,0,380,0,0,0,0,0,791,4,0
148612.027282644,25725.0101303282,122887.0171523158,10.240584762692984,2,23,7,2,1,0,1,43,43,1
31480.579479458225,30474.591281467357,1005.9881979908678,0.08383234983257232,1,167,0,0,0,0,0,2332,1,0
12483.90348444004,11434.037205192444,1049.8662792475952,0.08748885660396627,0,237,1,0,0,0,0,609,4,0
17888.359791914387,19635.741317469423,-1747.3815255550362,-0.14561512712958635,0,280,2,0,1,0,0,1708,1,0
25838.402261905878,22835.518566953233,3002.883694952645,0.2502403079127204,0,774,1,0,0,0,0,1742,1,0
31393.631350145988,35739.432704458944,-4345.801354312956,-0.362150112859413,0,215,0,0,1,0,0,1457,3,0
17141.104422327502,17943.970464024904,-802.8660416974017,-0.06690550347478347,0,240,1,0,0,0,0,1367,1,0
34979.54982704546,31825.75185080257,3153.7979762428913,0.26281649802024093,0,461,0,0,0,0,0,1819,8,0
100678.827222437,16347.239453443774,84331.58776899322,7.027632314082768,2,43,6,0,4,0,1,268,20,1
23280.019157937742,24687.990176304862,-1407.9710183671195,-0.11733091819725996,1,569,2,0,0,0,0,1547,3,0
37815.07413901882,33201.57595434362,4613.498184675198,0.3844581820562665,0,413,0,1,0,0,0,1289,6,0
28236.952844180323,31438.52828033411,-3201.5754361537875,-0.2667979530128156,1,435,0,1,0,0,0,902,2,0
42056.77900770659,35800.01029485638,6256.7687128502075,0.5213973927375173,0,398,2,0,0,0,0,399,4,0
8973.624049070659,9144.782492792567,-171.15844372190804,-0.014263203643492336,0,306,1,1,0,0,0,1895,1,0
24183.77275699794,21977.04636031012,2206.72639668782,0.18389386639065167,0,332,0,0,0,0,0,393,2,0
22232.017168777045,22954.319491191276,-722.3023224142307,-0.060191860201185894,0,644,1,0,0,0,0,458,5,0
67693.05454189767,59068.71770537761,8624.336836520059,0.7186947363766716,0,682,0,0,0,0,0,1336,12,0
133171.4619815035,20041.699120028494,113129.762861475,9.42748023845625,2,61,4,3,2,0,0,105,18,1
29738.663103601753,27132.56015582872,2606.1029477730335,0.21717524564775278,0,248,0,0,0,0,0,407,5,0
141392.23809469957,20739.232820976715,120653.00527372285,10.054417106143571,2,26,4,0,1,0,0,102,19,1
20916.93289040105,21936.193946434265,-1019.2610560332141,-0.08493842133610117,0,543,0,1,0,0,0,405,4,0
137510.23761889298,22723.737545949924,114786.50007294305,9.565541672745255,3,9,3,0,1,0,1,130,20,1
17491.03102939814,15531.30222889433,1959.728800503808,0.16331073337531735,0,486,1,0,0,0,0,1428,6,0
26115.22469435585,26554.865686791054,-439.6409924352047,-0.03663674936960039,0,136,0,0,1,0,0,1515,1,0
16747.78974587715,15266.081403662296,1481.7083422148553,0.12347569518457127,0,740,0,0,1,0,0,601,1,0
30801.355699569584,29647.934852991726,1153.4208465778574,0.09611840388148812,0,412,0,0,0,0,0,2254,1,0
159035.609771213,17206.186447189208,141829.42332402378,11.819118610335314,1,56,5,0,2,0,0,290,38,1
89959.9575865123,82864.20276852019,7095.754817992114,0.5913129014993428,0,472,0,0,0,0,0,637,2,0
13101.625386005695,14081.399010317635,-979.7736243119398,-0.08164780202599498,0,733,0,0,0,0,0,895,2,0
25985.059965926634,28388.922455612323,-2403.862489685689,-0.2003218741404741,0,446,1,0,0,0,0,1045,8,0
12817.498108543348,10912.106620978757,1905.3914875645914,0.15878262396371595,0,138,0,0,0,0,0,192,3,0
30427.034085813688,29228.307135580006,1198.7269502336821,0.09989391251947351,0,701,1,0,0,0,0,1407,7,0
31603.733908441485,29130.837756699184,2472.8961517423013,0.20607467931185844,0,124,0,0,0,0,0,1609,5,0
15852.696095560446,17225.63356441593,-1372.9374688554835,-0.11441145573795695,0,293,0,0,0,0,0,291,3,0
34372.59399271192,30821.117808589195,3551.4761841227228,0.2959563486768936,0,365,2,0,0,0,0,1380,4,0
17265.214540920053,18188.122706035818,-922.9081651157649,-0.07690901375964707,0,653,0,0,0,0,0,1111,2,0
23339.841820890357,25978.513621802806,-2638.671800912449,-0.21988931674270407,0,165,1,0,0,0,0,1862,5,0
27364.500596634152,23790.687601123213,3573.81299551094,0.2978177496259117,0,667,2,0,0,0,0,2287,3,0
101488.02483560053,15586.298622823675,85901.72621277686,7.1584771843980715,1,62,4,0,3,1,0,138,37,1
36385.976359916036,32481.246801944435,3904.729557971601,0.32539412983096677,1,301,0,0,0,0,0,471,7,0
21703.73786293261,19748.633810328036,1955.1040526045726,0.16292533771704773,0,788,0,0,0,0,0,1909,1,0
24115.702869700446,24430.703900496414,-315.0010307959674,-0.026250085899663947,1,683,1,0,0,0,0,603,2,0
10170.279507101397,10169.737200588275,0.54230651312173,4.519220942681083e-05,0,528,0,0,0,0,0,1822,3,0
19310.383908159827,17861.486380613474,1448.8975275463526,0.12074146062886272,1,158,1,0,0,0,0,1450,4,0
32418.957543116245,34255.81390508916,-1836.8563619729175,-0.1530713634977431,0,753,2,0,0,0,0,480,9,0
29160.149516610032,24971.269083135914,4188.880433474118,0.3490733694561765,0,463,0,1,0,0,0,1224,1,0
17559.149374711145,18505.63211469691,-946.482739985764,-0.07887356166548033,0,581,0,0,0,0,0,1782,3,0
13918.86363051234,15862.45830393543,-1943.5946734230893,-0.16196622278525744,0,564,0,0,0,0,0,1489,4,0
27415.554559678254,30178.623913519703,-2763.069353841449,-0.2302557794867874,0,254,0,0,0,0,0,1718,1,0
10575.826441573572,10119.517183718966,456.3092578546057,0.03802577148788381,0,438,0,0,0,0,0,237,1,0
40603.70711265513,34679.76004758947,5923.9470650656585,0.4936622554221382,0,554,0,0,0,0,0,756,9,0
17029.075771333075,18812.718040853902,-1783.6422695208275,-0.1486368557934023,0,749,1,0,0,0,0,1879,5,0
20142.965664459512,22827.617064406426,-2684.6513999469134,-0.22372094999557612,0,459,0,0,0,0,0,1271,1,0
36064.93537189855,41196.805851357196,-5131.870479458645,-0.4276558732882204,0,257,0,1,0,0,0,844,1,0
22234.364324938277,20137.24618964981,2097.118135288467,0.17475984460737223,1,735,1,0,0,0,0,2318,1,0
17613.785012052256,15027.555368867917,2586.229643184339,0.21551913693202823,0,492,0,0,0,0,0,1740,1,0
129812.76472133731,18386.49884452016,111426.26587681715,9.285522156401429,3,60,5,3,2,1,0,139,34,1
38810.98735985837,41884.96456312496,-3073.977203266586,-0.2561647669388822,0,598,0,0,0,0,0,2017,1,0
86441.5588527976,21522.174584283915,64919.38426851369,5.409948689042808,1,37,5,2,2,0,0,272,23,1
30609.081298502646,32527.849424006024,-1918.7681255033785,-0.1598973437919482,1,193,0,0,0,0,0,971,1,0
26552.179370892685,24970.39896273803,1581.7804081546565,0.13181503401288805,0,352,1,0,0,0,0,870,10,0
26434.356007749007,28904.274093443335,-2469.9180856943276,-0.20582650714119397,0,600,1,0,0,0,0,215,1,0
37372.548568652936,41134.53597169522,-3761.987403042287,-0.3134989502535239,0,412,1,0,0,0,0,1774,5,0
24900.246931192843,24625.56959871344,274.67733247940487,0.022889777706617074,0,766,2,0,0,0,0,2404,4,0
8326.359564268108,9376.817827691239,-1050.4582634231301,-0.08753818861859418,0,199,1,0,0,0,0,2003,10,0
14228.185903542428,14073.794713574245,154.39118996818252,0.012865932497348543,0,559,0,0,1,0,0,1399,1,0
22328.00619861883,22247.276451574457,80.72974704437365,0.006727478920364471,1,672,3,0,0,0,0,488,1,0
83894.73691228515,10038.179215330263,73856.55769695489,6.154713141412907,3,68,5,3,3,1,1,215,29,1
17199.547504272996,15211.141925308908,1988.405578964088,0.165700464913674,0,322,0,0,0,0,0,1255,6,0
24580.945229488614,24079.67682633866,501.2684031499557,0.041772366929162974,0,151,0,1,0,0,0,2488,2,0
13253.060457872389,11589.9496440683,1663.110813804089,0.13859256781700743,0,618,1,0,0,0,0,2115,2,0
28882.495365137296,30369.738130151618,-1487.2427650143218,-0.12393689708452682,0,733,0,0,1,0,0,1614,4,0
143490.92326058936,21782.06898190098,121708.85427868838,10.142404523224032,2,57,5,0,2,0,1,216,50,1
25530.10621003131,21877.566400279793,3652.539809751517,0.3043783174792931,0,179,0,0,0,0,0,1026,2,0
126602.29025436295,14914.362199249392,111687.92805511356,9.30732733792613,1,37,5,2,1,1,0,74,29,1
23752.564266553956,23540.56540252198,211.99886403197524,0.017666572002664603,1,479,0,0,1,0,0,1359,1,0
14851.023507707681,12895.756895706649,1955.2666120010326,0.16293888433341938,0,273,3,0,0,0,0,857,4,0
21945.35457608689,19344.429646040087,2600.9249300468036,0.21674374417056697,0,619,3,0,0,0,0,1089,8,0
22261.771872387657,24508.91870260026,-2247.1468302126013,-0.18726223585105012,0,381,1,0,0,0,0,422,4,0
32575.50158966816,37070.218356628444,-4494.716766960282,-0.3745597305800235,0,698,0,0,0,0,0,1060,3,0
16198.147744280208,15291.402459231364,906.7452850488444,0.0755621070874037,0,344,0,0,0,0,0,2286,8,0
20581.516542576817,20774.152092513854,-192.63554993703656,-0.016052962494753048,1,754,0,0,0,0,0,1753,1,0
287400.1491316847,13250.416840185253,274149.73229149944,22.84581102429162,1,24,5,2,1,1,1,238,44,1
29154.99775834777,26160.51157599922,2994.4861823485517,0.24954051519571263,0,722,0,0,0,0,0,2268,1,0
31315.71901323385,32190.42299185924,-874.7039786253881,-0.07289199821878234,0,582,1,0,0,0,0,784,4,0
10851.408908143167,10818.510069311367,32.89883883179937,0.002741569902649947,0,545,2,1,0,0,0,562,2,0
26527.332597333643,24231.619771374313,2295.71282595933,0.19130940216327752,0,378,1,0,0,0,0,254,2,0
46304.70191666008,46440.516080564565,-135.8141639044843,-0.011317846992040359,0,140,0,0,0,0,0,1224,1,0
51077.96306101801,53029.787454146404,-1951.8243931283941,-0.1626520327606995,0,335,1,0,0,0,0,1833,3,0
49934.94902434994,54457.86284336421,-4522.913819014269,-0.3769094849178558,0,564,1,0,0,0,0,551,4,0
25561.681702026875,25833.97794296555,-272.2962409386746,-0.022691353411556217,0,660,0,1,0,0,0,1824,2,0
23284.703056832335,26281.07226633417,-2996.369209501834,-0.24969743412515286,0,351,1,0,0,0,0,622,3,0
20198.41426657706,22417.61579643322,-2219.20152985616,-0.18493346082134668,1,461,0,0,0,0,0,1618,1,0
8379.416339125557,7981.622659273009,397.79367985254794,0.03314947332104566,0,351,0,0,0,0,0,452,1,0
31243.5750822202,31250.654327143508,-7.079244923308579,-0.0005899370769423816,0,158,0,0,0,0,0,2472,6,0
28354.224135617376,31081.97464433607,-2727.7505087186946,-0.22731254239322454,0,344,1,0,0,0,0,1863,5,0
11074.762698686922,10754.725283653013,320.0374150339085,0.02666978458615904,0,713,0,0,0,0,0,722,1,0
35929.23023327091,35294.83068257988,634.3995506910287,0.05286662922425239,0,218,3,0,0,0,0,1027,3,0
21235.45168789606,18220.186318582197,3015.2653693138636,0.25127211410948863,0,595,0,0,0,0,0,1182,6,0
22915.27738815999,22195.45695193548,719.8204362245087,0.059985036352042394,0,242,0,1,0,0,0,2146,3,0
20041.178409521417,21685.67247654236,-1644.4940670209435,-0.13704117225174528,0,143,1,0,0,0,0,703,4,0
21024.923563573007,23756.154946410214,-2731.231382837206,-0.22760261523643385,1,660,1,0,0,0,0,1854,1,0
17446.964836664618,19542.568751667277,-2095.603915002659,-0.17463365958355492,0,397,0,0,0,0,0,1479,2,0
34874.99771124455,38088.8658460703,-3213.8681348257523,-0.2678223445688127,0,127,1,0,0,0,0,443,15,0
22011.406643085516,23983.878995385483,-1972.4723522999666,-0.1643726960249972,0,266,1,0,0,0,0,2061,1,0
29960.838893780714,31865.28839979063,-1904.4495060099143,-0.1587041255008262,0,344,2,1,0,0,0,557,1,0
25495.248004631663,22670.895185526548,2824.3528191051155,0.23536273492542628,1,135,1,0,0,0,0,1560,3,0
21926.523316477076,22260.458081370147,-333.9347648930707,-0.027827897074422556,0,556,1,0,0,0,0,1990,1,0
12450.100830915788,13749.108011124561,-1299.0071802087732,-0.1082505983507311,0,344,0,0,0,0,0,949,2,0
28724.594755157512,31123.635116330246,-2399.0403611727343,-0.19992003009772785,1,242,1,0,0,0,0,1310,1,0
12537.64874252468,12264.69562070033,272.9531218243501,0.02274609348536251,0,393,0,0,0,0,0,1489,3,0
24741.86724750762,26331.19716925404,-1589.3299217464191,-0.13244416014553492,0,297,1,0,0,0,0,1579,1,0
19470.64292249057,17111.24478864228,2359.398133848288,0.196616511154024,0,376,1,0,0,0,0,2258,1,0
18794.029720835486,18270.194759654227,523.8349611812591,0.04365291343177159,0,370,1,0,0,0,0,2326,2,0
22785.652852004954,21059.419057151612,1726.2337948533423,0.1438528162377785,0,632,0,0,0,0,0,348,4,0
164546.44926769784,23235.679112591708,141310.77015510615,11.775897512925512,2,16,4,0,2,0,1,187,43,1
18277.408671215402,15929.534126668204,2347.8745445471977,0.1956562120455998,0,697,1,0,0,0,0,1994,2,0
18282.684623915644,16853.830922170087,1428.8537017455565,0.1190711418121297,0,314,3,1,0,0,0,1591,1,0
16934.04831491164,18774.46640530842,-1840.418090396779,-0.1533681741997316,1,252,1,0,0,0,0,541,1,0
17398.745045478412,16685.39884004781,713.3462054306037,0.05944551711921698,0,126,0,0,0,0,0,1027,2,0
19331.810335331735,19308.802909562146,23.007425769588735,0.0019172854807990613,0,378,2,0,0,0,0,789,4,0
14986.531998111166,13864.21931915994,1122.3126789512262,0.09352605657926885,0,235,1,0,0,0,0,498,1,0
150972.78697775028,42759.85977246752,108212.92720528276,9.017743933773563,1,30,4,2,2,1,1,153,23,1
24306.68363344528,21749.09960101893,2557.584032426348,0.21313200270219568,0,282,0,0,0,0,0,856,1,0
19191.803750537467,19013.403060158602,178.40069037886497,0.014866724198238748,0,707,0,0,0,0,0,2420,4,0
34978.07232412542,36085.43550696325,-1107.3631828378275,-0.09228026523648562,0,328,0,0,0,0,0,215,4,0
34786.831417583715,30443.435659073086,4343.395758510629,0.3619496465425524,0,399,1,0,0,0,0,2440,1,0
28776.200428504886,26137.36259651284,2638.837831992045,0.21990315266600374,0,476,0,0,0,0,0,2401,6,0
36893.52659222095,32030.336550014825,4863.190042206126,0.40526583685051054,0,408,1,0,0,0,0,1940,5,0
23771.877973712057,24578.614500491003,-806.7365267789464,-0.06722804389824553,0,655,1,0,1,0,0,624,7,0
21355.00273415566,19910.80252412099,1444.200210034669,0.12035001750288908,0,438,1,0,0,0,0,1469,2,0
33489.44772179433,30171.909081261256,3317.538640533072,0.27646155337775596,1,214,0,0,0,0,0,1296,3,0
18024.42954320268,15361.814395510231,2662.6151476924497,0.22188459564103746,0,732,2,1,0,0,0,1465,7,0
17478.60976104404,18576.56749818964,-1097.9577371455998,-0.09149647809546665,0,687,2,0,0,0,0,2326,11,0
26588.515157432284,22866.600603936768,3721.914553495517,0.31015954612462643,0,605,2,0,0,0,0,1813,3,0
152075.95566023252,30096.834024533648,121979.12163569887,10.164926802974906,3,42,10,3,2,1,0,261,30,1
21396.129677873065,22787.972776152972,-1391.8430982799073,-0.11598692485665894,0,244,0,0,0,0,0,2275,1,0
113951.49241963457,14448.71927769165,99502.77314194292,8.291897761828576,1,18,6,1,1,0,0,23,53,1
29484.16041584478,28691.074190282376,793.0862255624052,0.0660905187968671,0,695,0,0,0,0,0,504,1,0
110896.29368857719,14065.801982902422,96830.49170567477,8.069207642139563,3,31,4,1,2,1,0,278,25,1
15215.200397586434,16268.275841191666,-1053.075443605232,-0.08775628696710268,0,626,0,1,0,0,0,1117,1,0
24814.965373044175,28163.491987337355,-3348.5266142931796,-0.27904388452443163,0,785,1,0,0,0,0,1801,2,0
126315.62254504448,19494.66640464116,106820.95614040332,8.90174634503361,3,60,7,0,2,0,0,212,42,1
34431.00130091029,33269.79857449172,1161.2027264185745,0.09676689386821453,1,622,2,0,0,0,0,1779,1,0
15938.490834940949,15068.882940186428,869.6078947545211,0.07246732456287676,0,623,3,0,0,0,0,988,1,0
21788.618588197587,22867.661401490135,-1079.042813292548,-0.08992023444104567,1,156,0,1,0,0,0,1152,7,0
38011.7178634562,34722.63393229306,3289.0839311631426,0.27409032759692853,0,322,1,0,0,0,0,2322,10,0
19511.93014225841,17463.04298637627,2048.887155882141,0.17074059632351177,0,125,0,0,0,0,0,2439,1,0
8352.782206522399,9337.057414027608,-984.2752075052085,-0.08202293395876738,0,324,0,0,0,0,0,580,1,0
39978.24511207943,39532.455582931136,445.7895291482928,0.037149127429024396,0,666,1,0,0,0,0,1831,4,0
50436.49610673261,52810.43961238272,-2373.9435056501097,-0.19782862547084248,0,245,1,0,0,0,0,193,1,0
24062.09677450722,27524.8135419086,-3462.71676740138,-0.28855973061678164,0,628,1,0,0,0,0,926,27,0
20068.797823940906,18421.91577192217,1646.8820520187364,0.13724017100156136,0,782,2,0,0,0,0,885,2,0
27438.221610073935,25056.75889597553,2381.462714098405,0.19845522617486708,0,485,1,0,1,0,0,2064,7,0
43790.79266669953,44697.87394035392,-907.0812736543885,-0.07559010613786571,0,314,1,0,0,0,0,1060,1,0
12982.090399302138,14777.19192823241,-1795.1015289302723,-0.14959179407752268,0,324,0,0,0,0,0,926,8,0
230621.76256173442,26640.277241597094,203981.48532013732,16.998457110011444,2,67,2,1,3,0,0,37,32,1
33983.26709625688,30719.287593595578,3263.979502661303,0.2719982918884419,1,229,0,0,0,0,0,2380,5,0
18886.48300802036,19179.861576696207,-293.3785686758456,-0.024448214056320465,0,398,0,0,0,0,0,937,1,0
133973.97292287895,24436.24282408783,109537.73009879113,9.12814417489926,2,54,2,2,1,0,1,297,17,1
11630.043814876257,10244.322289574797,1385.7215253014601,0.11547679377512168,0,166,0,0,0,0,0,2340,3,0
30005.542730426,25587.57763473771,4417.965095688291,0.36816375797402423,0,174,0,0,0,0,0,791,4,0
41536.03866870576,42628.46620231839,-1092.4275336126302,-0.09103562780105252,1,736,0,0,0,0,0,1615,3,0
22435.76380233025,19194.688236154994,3241.0755661752555,0.2700896305146046,0,132,1,0,0,0,0,236,8,0
36043.80616093753,37786.1340523808,-1742.327891443274,-0.14519399095360616,1,796,2,0,0,0,0,200,1,0
32180.43850550741,31788.854829461336,391.5836760460734,0.03263197300383945,1,360,0,0,0,0,0,1616,11,0
8149.913574486096,7291.961606963642,857.9519675224537,0.07149599729353781,0,576,0,0,0,0,0,2398,13,0
23794.15341266434,23261.320996443475,532.8324162208628,0.044402701351738565,0,364,2,0,0,0,0,2430,2,0
20208.39260716685,17513.547199329456,2694.8454078373943,0.2245704506531162,0,245,0,0,0,0,0,2463,2,0
18614.651898185315,17989.4747379022,625.1771602831141,0.052098096690259506,0,217,0,0,0,0,0,1211,1,0
32749.943142881886,36422.716068538844,-3672.7729256569583,-0.3060644104714132,0,300,0,0,0,0,0,700,2,0
30799.511005695098,26661.766633424086,4137.744372271012,0.34481203102258434,0,234,0,0,0,0,0,603,2,0
24183.47382149613,24491.419933526257,-307.94611203012755,-0.02566217600251063,0,345,0,0,0,0,0,1054,6,0
102361.64364352135,12818.321328221522,89543.32231529983,7.461943526274985,3,9,4,2,2,0,1,248,46,1
26458.78824208551,24893.132077873044,1565.6561642124652,0.13047134701770544,0,292,0,0,0,0,0,352,2,0
117761.92546231064,14826.623108737265,102935.30235357338,8.577941862797783,3,62,5,1,3,1,0,147,17,1
222848.82414525768,13300.10205980363,209548.72208545404,17.46239350712117,3,19,7,3,4,0,1,251,59,1
31169.808551218062,29919.61694139619,1250.1916098218717,0.10418263415182263,0,277,0,0,0,0,0,724,1,0
111908.78367884616,32573.17410360472,79335.60957524144,6.611300797936787,1,30,5,1,2,0,0,168,25,1
105217.2610050471,17095.71112680965,88121.54987823745,7.3434624898531204,2,32,2,1,4,0,0,74,44,1
44292.302448786715,40651.29933369928,3641.0031150874347,0.3034169262572862,0,690,0,0,0,0,0,1452,2,0
26633.195032664582,22647.832602959767,3985.3624297048154,0.3321135358087346,0,325,1,0,0,0,0,584,2,0
17346.015057959936,17160.605169170154,185.4098887897817,0.01545082406581514,1,717,2,0,1,0,0,249,2,0
12975.030415349816,11281.297080266815,1693.7333350830013,0.1411444445902501,0,179,2,0,0,0,0,2435,2,0
189057.94073016397,19927.608118830947,169130.33261133303,14.094194384277753,1,66,2,0,1,0,0,198,54,1
48412.375011494645,43155.19206952286,5257.182941971783,0.4380985784976486,0,205,0,0,1,0,0,2449,1,0
19011.559884695474,20485.653959948828,-1474.0940752533534,-0.12284117293777945,0,240,1,0,0,0,0,2357,4,0
22903.647191998927,21750.49523029467,1153.1519617042577,0.09609599680868815,0,627,0,0,0,0,0,2180,1,0
21198.50338755672,21780.58544379578,-582.0820562390581,-0.04850683801992151,0,204,1,0,0,0,0,1990,10,0
19976.09423406739,22329.21538195097,-2353.1211478835794,-0.19609342899029827,1,580,0,0,0,0,0,2360,12,0
22820.034314975717,21718.0221094031,1102.012205572617,0.09183435046438475,0,469,2,1,0,0,0,426,2,0
145747.41887256753,27004.55546932457,118742.86340324297,9.895238616936915,1,25,6,1,2,1,0,269,55,1
26959.9180484735,26948.149060191834,11.76898828166668,0.0009807490234722232,0,366,1,0,1,0,0,1234,9,0
23864.45736046948,25569.931761289685,-1705.4744008202033,-0.14212286673501695,0,126,1,0,0,0,0,2463,4,0
137426.9555642342,22077.44287488704,115349.51268934716,9.61245939077893,1,44,6,3,2,1,1,22,40,1
194057.70434886368,21321.952297664087,172735.7520511996,14.394646004266635,2,63,3,1,4,0,0,219,48,1
13324.309496085272,15033.705011321983,-1709.3955152367107,-0.1424496262697259,0,744,0,0,0,0,0,1008,1,0
29493.456527326107,26076.012520711593,3417.4440066145144,0.28478700055120953,0,386,1,0,0,0,0,562,4,0
24141.359595256126,23408.693097548068,732.6664977080582,0.061055541475671514,0,580,0,0,0,0,0,1589,1,0
14730.999864640307,16141.369233496542,-1410.3693688562344,-0.11753078073801954,1,601,0,0,0,0,0,1160,3,0
15808.724889860625,13482.7469769598,2325.9779129008257,0.19383149274173547,0,685,3,0,0,0,0,322,2,0
34602.19679760997,35543.257795163205,-941.0609975532352,-0.07842174979610293,0,373,2,0,0,0,0,1211,3,0
20107.115078010294,17403.183510650786,2703.9315673595083,0.22532763061329236,0,296,1,0,0,0,0,492,3,0
58199.89184514653,65132.171456390715,-6932.2796112441865,-0.5776899676036822,0,192,0,0,0,0,0,1147,2,0
10762.486761202765,11821.692952261323,-1059.206191058558,-0.08826718258821317,0,382,0,0,0,0,0,770,2,0
12165.676619366233,12832.68511324359,-667.0084938773562,-0.05558404115644635,0,463,0,0,0,0,0,553,1,0
17475.182170941145,15749.094910852711,1726.087260088434,0.1438406050073695,0,540,0,0,0,0,0,327,5,0
76883.3769048352,27236.53826552273,49646.83863931247,4.137236553276039,1,25,8,1,4,0,0,141,52,1
22258.966917739443,19974.838803632454,2284.1281141069885,0.1903440095089157,0,122,1,0,0,0,0,2499,3,0
25599.95293268451,23852.34481350088,1747.608119183631,0.14563400993196926,0,525,2,0,0,0,0,2140,9,0
22203.50777403595,22935.34916744841,-731.8413934124619,-0.06098678278437183,0,609,1,0,0,0,0,1009,9,0
25921.15710127923,29049.6435560862,-3128.486454806971,-0.26070720456724755,0,647,2,0,0,0,0,1924,5,0
30643.20404656588,29198.917135929143,1444.2869106367361,0.12035724255306135,0,132,1,0,0,0,0,266,9,0
33889.68606337013,34707.289980994494,-817.6039176243648,-0.0681336598020304,0,477,0,0,0,0,0,186,3,0
23839.348065635393,25824.99342255055,-1985.6453569151563,-0.16547044640959635,0,463,0,0,0,0,0,622,2,0
17062.667024123224,16608.25763844246,454.4093856807631,0.03786744880673026,0,582,0,0,0,0,0,1162,5,0
13078.994017819392,14200.316928439233,-1121.3229106198414,-0.09344357588498678,0,149,2,0,1,0,0,2131,13,0
13927.216086511315,15493.534736762285,-1566.3186502509707,-0.13052655418758088,0,608,1,0,0,0,0,456,10,0
20600.239920626394,18092.83626157336,2507.403659053034,0.20895030492108618,0,625,0,0,0,0,0,415,1,0
31457.904603193685,35887.14729640892,-4429.242693215234,-0.36910355776793613,0,447,0,0,0,0,0,194,1,0
17881.251994190912,15583.425001645797,2297.826992545115,0.19148558271209293,0,666,1,0,0,0,0,1869,2,0
18922.496976435104,20025.3459670442,-1102.8489906090945,-0.09190408255075787,1,537,2,0,0,0,0,281,4,0
10692.044487178602,9202.274491008979,1489.7699961696235,0.12414749968080195,0,695,0,0,0,0,0,629,16,0
39030.04476185282,33266.39587415867,5763.648887694151,0.4803040739745126,0,302,1,0,0,0,0,475,2,0
18157.850449590816,18089.908696192095,67.94175339872163,0.005661812783226802,1,727,0,1,0,0,0,645,1,0
22501.133059615826,20342.982766168865,2158.150293446961,0.17984585778724674,0,655,1,0,0,0,0,704,4,0
25390.38560693932,27872.448911702857,-2482.0633047635383,-0.20683860873029486,0,391,1,0,0,0,0,2358,5,0
13718.19145364867,12544.295905148138,1173.8955485005317,0.09782462904171098,0,450,0,0,0,0,0,232,3,0
18814.1173253306,18326.70801113169,487.4093141989106,0.040617442849909216,0,477,0,0,0,0,0,928,1,0
25349.244792884056,22036.414478172286,3312.8303147117695,0.2760691928926475,0,660,4,0,0,0,0,935,7,0
10215.65126343858,9701.480467242724,514.1707961958564,0.0428475663496547,0,568,2,0,0,0,0,1706,4,0
21120.04574160186,19797.737473714544,1322.308267887318,0.11019235565727649,0,511,3,0,0,0,0,770,3,0
106624.70211775997,12163.226364201779,94461.47575355819,7.871789646129849,1,58,3,1,2,1,0,299,38,1
22198.33265677957,24410.790174617898,-2212.4575178383275,-0.1843714598198606,0,424,1,1,0,0,0,2273,5,0
12131.717848637954,11099.708096814144,1032.0097518238108,0.08600081265198424,0,194,0,0,0,0,0,1319,1,0
15721.017539223918,18025.671020361897,-2304.653481137979,-0.19205445676149824,0,553,0,0,0,0,0,922,3,0
35700.405056741605,33043.312431457794,2657.092625283811,0.22142438544031756,0,192,0,0,1,0,0,388,3,0
33520.906263379584,30043.005470699834,3477.9007926797494,0.28982506605664576,0,746,0,0,0,0,0,826,3,0
25968.920531753087,27636.548502433834,-1667.6279706807472,-0.13896899755672892,0,628,0,0,0,0,0,2425,2,0
27261.795687027687,27588.513809598186,-326.71812257049896,-0.027226510214208247,0,458,0,0,0,0,0,2302,1,0
92284.44968047613,21925.816975777332,70358.6327046988,5.863219392058234,2,57,6,0,4,0,1,41,34,1
159867.74673056655,40006.66393460916,119861.0827959574,9.988423566329782,4,56,5,0,3,0,1,88,29,1
16860.372115841135,18779.023413883297,-1918.6512980421612,-0.1598876081701801,1,726,1,0,0,0,0,1923,1,0
88253.47270679983,33094.24767085504,55159.22503594479,4.5966020863287325,2,58,1,3,2,0,0,28,33,1
40364.06723411782,42538.32759486064,-2174.2603607428173,-0.18118836339523478,0,426,2,0,0,0,0,1975,9,0
16577.88254416045,18787.708828606264,-2209.826284445815,-0.18415219037048458,0,787,0,0,0,0,0,1245,2,0
20677.08667763471,19507.274836724006,1169.8118409107046,0.09748432007589206,0,401,1,0,0,0,0,1079,2,0
15840.860314264703,13876.650160954525,1964.2101533101777,0.16368417944251482,0,699,2,0,1,0,0,1870,4,0
108660.21056179517,12108.244532316392,96551.96602947879,8.045997169123233,3,48,7,0,2,0,1,276,21,1
34246.002948481095,30800.89199481463,3445.1109536664662,0.2870925794722055,0,582,0,0,0,0,0,1645,2,0
38547.18634834303,38066.89931698158,480.2870313614476,0.04002391928012063,0,259,0,0,0,0,0,800,2,0
17722.838456843885,17234.71470279271,488.12375405117564,0.04067697950426464,0,259,1,0,1,0,0,758,1,0
31684.947428591382,29534.787803389725,2150.159625201657,0.17917996876680475,0,668,0,0,0,0,0,837,2,0
117614.71748324021,18587.27487910295,99027.44260413726,8.252286883678105,2,62,2,2,1,0,0,57,51,1
24115.529635168044,26301.997787377644,-2186.4681522096,-0.18220567935079998,0,290,1,0,0,0,0,1915,8,0
34386.46722777848,37120.63691753831,-2734.1696897598304,-0.22784747414665252,0,680,2,0,0,0,0,1681,4,0
124016.89600197735,19810.49016011341,104206.40584186395,8.683867153488663,1,16,4,0,3,1,1,293,30,1
19469.242917659125,20094.372979068,-625.1300614088759,-0.052094171784072996,0,681,0,0,0,0,0,1369,2,0
37086.93632281298,36548.84216415895,538.0941586540284,0.0448411798878357,0,245,0,0,0,0,0,1504,2,0
34042.04505222716,33588.63092665526,453.41412557189324,0.03778451046432443,0,246,1,0,0,0,0,1301,6,0
23636.88482648784,21296.002688765373,2340.8821377224667,0.1950735114768722,0,711,0,1,0,0,0,499,5,0
103127.0500010349,17055.616370227362,86071.43363080754,7.172619469233962,3,33,5,2,1,1,1,248,50,1
17496.0290439961,19688.958366662195,-2192.9293226660957,-0.18274411022217463,0,256,1,1,0,0,0,1754,2,0
32994.90186485383,33643.888411238826,-648.9865463849928,-0.0540822121987494,0,792,1,0,0,0,0,1658,1,0
79199.82652475809,22214.275649058156,56985.55087569993,4.748795906308327,4,56,7,0,1,1,1,20,50,1
17577.572945715474,15322.25032470276,2255.322621012714,0.1879435517510595,0,776,0,0,0,0,0,1466,5,0
14728.4468785609,14664.359979615607,64.0868989452938,0.005340574912107816,0,338,0,0,0,0,0,1034,1,0
133946.01275278453,18971.853728114525,114974.15902467,9.581179918722501,2,23,8,1,2,0,1,271,33,1
33755.76411659785,29624.873720794447,4130.8903958034025,0.3442408663169502,0,711,1,0,1,0,0,1407,1,0
18172.80421108813,19257.639434621262,-1084.835223533133,-0.09040293529442776,0,635,0,0,0,0,0,1988,1,0
119532.49797252806,9962.257708766443,109570.24026376162,9.130853355313468,2,28,2,0,2,0,1,215,39,1
22061.711704122386,23163.208498496344,-1101.4967943739575,-0.09179139953116312,0,417,0,0,0,0,0,356,1,0
41056.77090039927,35352.671058510874,5704.099841888397,0.4753416534906998,0,198,1,0,0,0,0,1994,2,0
43603.54540769461,49080.89741290195,-5477.352005207336,-0.4564460004339447,0,439,0,0,0,0,0,768,7,0
42703.667610508746,38208.12119159249,4495.546418916259,0.3746288682430216,0,611,3,0,0,0,0,1801,1,0
161446.20946012682,26788.62084401186,134657.58861611495,11.22146571800958,3,23,4,1,1,1,1,243,49,1
19362.083221278375,21625.667923459034,-2263.5847021806585,-0.18863205851505488,0,497,0,0,0,0,0,811,10,0
124094.51295487223,7556.947835637359,116537.56511923487,9.71146375993624,3,21,4,1,1,1,1,215,22,1
36218.271865694594,34869.691265263056,1348.5806004315382,0.11238171670262818,1,273,1,0,0,0,0,1713,2,0
133006.91560679226,18057.925164599466,114948.9904421928,9.5790825368494,3,31,2,2,1,1,0,87,50,1
18344.901162716957,16145.93684983534,2198.964312881617,0.18324702607346807,1,720,1,0,0,0,0,2272,1,0
149484.250954995,18972.452981953735,130511.79797304125,10.875983164420104,4,7,10,1,1,1,0,57,45,1
23049.273724708302,20431.63189353242,2617.6418311758825,0.2181368192646569,0,135,1,1,0,0,0,637,13,0
14014.532709277773,15125.410693258544,-1110.8779839807703,-0.09257316533173086,0,608,1,0,0,0,0,1411,6,0
72531.38329911997,32231.818035341177,40299.5652637788,3.3582971053149,3,68,4,0,3,1,1,47,31,1
32246.644923823096,32955.0033375996,-708.3584137765029,-0.05902986781470857,0,612,2,0,0,0,0,1321,3,0
138180.71632956812,16747.081684518787,121433.63464504934,10.119469553754112,2,42,5,3,1,0,0,188,42,1
17069.86649302034,18833.184807190504,-1763.318314170163,-0.1469431928475136,0,124,0,0,0,0,0,2421,3,0
42158.76806889587,42239.35464105602,-80.58657216015126,-0.006715547680012605,0,755,3,0,0,0,0,1476,4,0
40312.13817301514,44151.84824904136,-3839.7100760262183,-0.3199758396688515,0,713,0,0,0,0,0,700,1,0
32942.451242624724,31454.95312969234,1487.4981129323824,0.12395817607769853,0,313,1,0,1,0,0,2457,2,0
25637.958963596415,24533.613022385474,1104.3459412109405,0.09202882843424504,1,464,0,0,0,0,0,575,2,0
27875.759595364056,30640.337984502006,-2764.5783891379506,-0.23038153242816256,0,348,0,0,0,0,0,1758,7,0
19070.53561727141,16217.58524050362,2852.950376767789,0.23774586473064907,0,337,0,0,1,0,0,1353,5,0
9328.444338874273,7990.204724804213,1338.2396140700603,0.11151996783917169,0,561,1,0,0,0,0,1481,4,0
48028.01208677677,42547.49393226753,5480.518154509242,0.4567098462091035,0,546,2,0,0,0,0,1428,2,0
22575.87286982461,24989.50977044334,-2413.6369006187306,-0.20113640838489422,0,342,2,0,0,0,0,1343,1,0
115377.67028798813,19452.558231645264,95925.11205634287,7.993759338028573,2,15,5,0,3,1,1,280,20,1
24840.35383121074,23141.900780360287,1698.453050850454,0.14153775423753784,0,470,0,0,1,0,0,1155,9,0
126739.12702536798,21756.042889014454,104983.08413635353,8.748590344696128,4,27,4,2,1,0,0,205,39,1
43589.37707554713,46862.666054517096,-3273.2889789699693,-0.2727740815808308,0,145,0,1,0,0,0,1362,4,0
38286.50753580417,32953.28604868043,5333.221487123745,0.4444351239269787,0,155,0,0,0,0,0,2153,4,0
112267.40995022876,16275.272600367909,95992.13734986084,7.99934477915507,2,71,6,1,1,1,0,155,56,1
17640.54570390976,17000.652847429894,639.8928564798662,0.05332440470665551,0,345,0,0,0,0,0,2319,2,0
20849.29398600663,22535.585829911346,-1686.291843904717,-0.14052432032539308,0,379,0,0,0,0,0,2297,4,0
25958.195601530868,27476.496645032967,-1518.3010435020988,-0.12652508695850823,0,595,3,1,0,0,0,1809,7,0
118833.15744971266,23951.444328841753,94881.7131208709,7.906809426739242,2,9,3,1,3,1,1,86,27,1
29315.654395567475,30626.4552231694,-1310.8008276019245,-0.10923340230016038,0,366,6,0,0,0,0,773,2,0
45140.0587755412,49636.849544924735,-4496.790769383537,-0.3747325641152947,0,155,1,0,0,0,0,1352,4,0
25794.97142199461,22511.101421430092,3283.8700005645187,0.2736558333803766,0,786,0,0,0,0,0,654,3,0
15444.536764037299,13974.20010148269,1470.3366625546096,0.12252805521288414,0,391,0,0,0,0,0,1489,1,0
19706.001510706563,19799.03071626807,-93.02920556150639,-0.007752433796792199,0,125,0,0,0,0,0,541,2,0
14031.928390907646,13218.523116050896,813.4052748567501,0.06778377290472917,0,260,0,0,0,0,0,2495,6,0
17126.64741154624,14737.474144056592,2389.1732674896484,0.19909777229080403,0,508,0,0,0,0,0,2450,3,0
110456.80772422857,31346.841247383996,79109.96647684457,6.5924972064037135,1,59,4,1,3,0,0,228,28,1
30331.691631315545,27358.00562190838,2973.6860094071635,0.24780716745059697,0,506,1,0,0,0,0,1639,9,0
43689.34818724469,44128.5386733126,-439.1904860679133,-0.036599207172326106,0,727,1,0,0,0,0,836,2,0
51733.73862562061,55320.06440612259,-3586.325780501982,-0.2988604817084985,0,740,0,0,0,0,0,1594,4,0
25564.791022697547,23121.97649538977,2442.814527307779,0.20356787727564823,1,419,3,0,0,0,0,184,1,0
28363.907899722184,32469.435943095494,-4105.52804337331,-0.3421273369477758,0,475,3,1,0,0,0,1521,1,0
138913.6593162382,23672.324127153093,115241.3351890851,9.603444599090425,3,64,3,3,2,0,1,83,29,1
21596.7488470617,24012.604058409084,-2415.855211347385,-0.2013212676122821,0,705,0,0,0,0,0,1748,14,0
25348.584693491248,22211.18553068696,3137.3991628042895,0.2614499302336908,0,626,0,0,0,0,0,2372,8,0
32735.943967149382,28770.808481979664,3965.135485169718,0.33042795709747647,0,370,0,0,0,0,0,855,2,0
34026.965352684856,33941.35362532196,85.61172736289882,0.0071343106135749014,1,193,3,0,0,0,0,1758,2,0
17749.683733823305,17024.357382547685,725.3263512756203,0.06044386260630169,0,154,0,0,0,0,0,1168,8,0
137325.75049534795,21088.74343374805,116237.0070615999,9.686417255133325,2,47,5,2,1,0,0,59,53,1
19167.628129631914,21692.47228085629,-2524.844151224377,-0.2104036792686981,0,225,0,1,0,0,0,2163,2,0
20906.731052937954,17891.799069533543,3014.931983404411,0.25124433195036755,1,610,0,0,0,0,0,1162,1,0
20401.348333197326,18180.971045035916,2220.3772881614095,0.18503144068011745,0,416,2,1,0,0,0,2125,4,0
40304.26394739212,43757.85738053419,-3453.593433142065,-0.2877994527618387,0,123,0,0,0,0,0,2461,1,0
18659.800310519975,16060.283724067383,2599.5165864525916,0.21662638220438263,0,434,0,0,0,0,0,1120,7,0
25922.339056772027,27978.75455160588,-2056.4154948338546,-0.17136795790282122,0,414,0,0,0,0,0,1738,3,0
34477.08543816174,34840.199274223596,-363.113836061857,-0.030259486338488083,0,230,1,0,0,0,0,2376,1,0
26990.49275881854,23453.397300054534,3537.0954587640044,0.29475795489700035,0,313,1,0,0,0,0,952,8,0
164939.66758416922,20854.429401529,144085.23818264023,12.007103181886686,1,20,3,2,3,0,0,183,17,1
13673.351944009717,14863.237632355778,-1189.8856883460612,-0.0991571406955051,0,744,0,0,0,0,0,502,1,0
46929.16880173214,44081.31698302157,2847.851818710573,0.23732098489254774,0,535,1,0,0,0,0,1838,5,0
16016.312310664534,13982.01552478953,2034.2967858750035,0.1695247321562503,0,636,0,0,0,0,0,486,7,0
32430.50312535003,29755.379665907403,2675.123459442628,0.2229269549535523,0,599,0,0,0,0,0,1731,5,0
26450.675960212837,23447.651071641925,3003.0248885709116,0.250252074047576,0,711,0,0,0,0,0,1957,1,0
19908.40868410235,22465.43784310642,-2557.0291590040724,-0.21308576325033937,0,461,0,0,0,0,0,2340,5,0
51713.531819399395,45499.55519188512,6213.976627514276,0.5178313856261897,0,693,1,0,0,0,0,330,1,0
19075.900693166517,18338.302362474937,737.5983306915805,0.061466527557631705,0,785,0,0,0,0,0,185,3,0
95738.50398312796,14283.147765999889,81455.35621712806,6.787946351427339,4,50,1,2,1,0,1,137,20,1
18865.715392295126,18635.627455834398,230.0879364607281,0.019173994705060673,0,130,1,0,0,0,0,781,7,0
9455.61297426591,9974.617179572524,-519.0042053066136,-0.0432503504422178,0,233,0,0,0,0,0,1820,1,0
23646.404742808125,23904.839115035753,-258.43437222762805,-0.02153619768563567,0,210,1,0,0,0,0,589,5,0
99318.90183453742,10452.370373905043,88866.53146063238,7.405544288386031,4,57,3,2,2,0,0,206,16,1
19359.42593739745,18365.388847371047,994.0370900264024,0.08283642416886687,0,698,0,0,0,0,0,2377,2,0
27225.757140539234,27347.843029207197,-122.08588866796345,-0.010173824055663621,0,508,0,0,0,0,0,1222,4,0
27616.508982876738,27754.48235361054,-137.97337073380186,-0.011497780894483488,0,719,0,0,0,0,0,1586,1,0
17905.88240798807,15760.902380970325,2144.980027017744,0.17874833558481198,0,206,1,1,0,0,0,549,3,0
9595.20437353634,9162.422411135798,432.7819624005424,0.03606516353337853,0,628,0,0,1,0,0,292,11,0
135814.21459052135,15850.211631680246,119964.00295884111,9.997000246570092,3,22,2,0,3,1,1,282,15,1
24335.52997772346,22378.84374800062,1956.68622972284,0.16305718581023665,0,335,0,0,1,0,0,1746,1,0
28110.673284195265,26603.28205777477,1507.3912264204955,0.1256159355350413,0,634,0,0,0,0,0,1649,1,0
17431.157518045737,18593.664052491746,-1162.506534446009,-0.09687554453716742,0,154,1,0,1,0,0,1737,1,0
24428.781839854626,26028.168350424145,-1599.3865105695186,-0.13328220921412653,1,343,1,0,0,0,0,1066,4,0
59443.81877531706,59649.24872117553,-205.4299458584719,-0.01711916215487266,0,166,0,0,0,0,0,1651,1,0
23058.7429895047,22865.58797935749,193.1550101472094,0.016096250845600783,0,670,0,0,0,0,0,1641,5,0
24126.64657813903,25625.784333644002,-1499.137755504973,-0.12492814629208109,0,307,1,1,0,0,0,1130,2,0
137907.7322149609,24213.86723989051,113693.8649750704,9.474488747922534,3,66,4,3,1,0,1,40,33,1
146337.0077568578,16019.719520731609,130317.2882361262,10.859774019677184,2,17,6,0,2,0,1,236,52,1
183356.8339516222,18012.19379556427,165344.64015605793,13.778720013004827,2,54,2,2,1,1,0,196,39,1
13548.857230831496,15370.817596532717,-1821.9603657012212,-0.15183003047510177,0,315,1,0,0,0,0,1349,2,0
166598.8841203688,18180.073231905873,148418.81088846293,12.368234240705245,2,20,5,2,3,0,0,263,22,1
21209.28151105172,18290.479791381462,2918.8017196702567,0.24323347663918807,0,415,0,0,0,0,0,1668,1,0
38193.46455063352,36448.081367953455,1745.383182680067,0.14544859855667225,0,123,1,1,0,0,0,1597,5,0
27314.64346081453,27748.46075921598,-433.8172984014527,-0.03615144153345439,0,284,1,1,0,0,0,819,4,0
36833.28013634677,32157.473443013456,4675.8066933333175,0.38965055777777646,0,762,0,0,0,0,0,1651,7,0
18545.752921354935,16229.708109009438,2316.044812345497,0.19300373436212476,1,543,2,0,0,0,0,2208,6,0
34755.249632741135,39894.544794057176,-5139.29516131604,-0.42827459677633667,0,608,1,0,0,0,0,2467,1,0
33433.91445400841,32810.032908900874,623.8815451075352,0.051990128758961265,0,538,0,0,0,0,0,1464,2,0
195032.76853780466,32856.99351688751,162175.77502091715,13.514647918409763,3,69,3,1,4,1,0,61,27,1
10678.220553110477,12180.331339033251,-1502.110785922774,-0.12517589882689784,0,685,1,0,0,0,0,633,6,0
17235.05198333141,16527.96421691138,707.0877664200307,0.05892398053500256,1,762,0,0,0,0,0,2380,3,0
38416.77827059168,36740.66753971473,1676.110730876957,0.1396758942397464,0,659,1,0,0,0,0,491,5,0
25098.93148938937,25252.132883949274,-153.20139455990284,-0.012766782879991903,0,711,0,0,0,0,0,1611,6,0
16955.537551924623,14837.7743463894,2117.7632055352224,0.1764802671279352,0,601,0,0,0,0,0,933,2,0
21097.216567094314,20391.05404406979,706.1625230245227,0.058846876918710225,0,692,0,0,0,0,0,539,2,0
17598.25971222597,19114.00380043812,-1515.7440882121518,-0.12631200735101264,0,615,2,0,0,0,0,2059,12,0
33931.48654078946,31260.615903308266,2670.8706374811954,0.22257255312343296,0,393,0,0,0,0,0,829,2,0
16047.657089263412,15463.637898296016,584.0191909673958,0.048668265913949654,0,434,1,0,0,0,0,1630,2,0
25300.040057271533,28050.51153060161,-2750.4714733300752,-0.2292059561108396,0,666,1,0,0,0,0,1271,1,0
173810.89813841484,13277.823511351562,160533.07462706327,13.377756218921938,3,45,11,2,1,0,0,164,17,1
187190.88988531628,22759.483574133155,164431.40631118312,13.702617192598593,3,8,4,2,2,0,0,136,28,1
11376.388408847446,11909.581498614729,-533.1930897672828,-0.0444327574806069,0,788,0,0,0,0,0,593,1,0
39085.340824196646,39501.90319416803,-416.5623699713833,-0.03471353083094861,1,692,0,0,0,0,0,366,1,0
28637.257432367027,30324.35716224,-1687.0997298729744,-0.1405916441560812,0,382,2,0,0,0,0,393,4,0
133523.10109966047,29628.334942055757,103894.76615760472,8.657897179800393,1,36,3,1,4,1,0,29,51,1
8151.288362306469,7033.216734930115,1118.0716273763537,0.09317263561469614,1,674,2,0,0,0,0,1231,5,0
17385.5033491451,19986.086539549604,-2600.5831904045044,-0.21671526586704204,0,549,0,0,0,0,0,1488,1,0
186317.09290203263,20875.867941118755,165441.22496091388,13.786768746742823,1,21,2,2,2,0,1,86,21,1
9824.383005687052,9275.402158417468,548.980847269584,0.045748403939132,0,724,1,0,0,0,0,592,3,0
26323.450797602825,25218.79546746838,1104.6553301344466,0.09205461084453721,0,435,1,0,0,0,0,417,4,0
131368.25021990683,13894.73559922219,117473.51462068464,9.78945955172372,3,25,2,0,4,0,0,253,48,1
20418.188842442123,20343.54085350683,74.64798893529223,0.0062206657446076865,0,212,0,0,0,0,0,1613,2,0
37573.8965001541,32507.90835071782,5065.988149436282,0.42216567911969016,0,737,0,1,0,0,0,1165,1,0
31001.006591680274,30348.649642615965,652.3569490643094,0.05436307908869245,0,625,1,0,0,0,0,2313,5,0
51136.619576614416,52714.359384174466,-1577.7398075600504,-0.13147831729667087,0,379,0,0,0,0,0,1794,1,0
21969.805134427497,19886.721041789813,2083.084092637684,0.17359034105314033,0,499,1,0,0,0,0,1155,4,0
18588.52482152429,16716.145844733022,1872.3789767912676,0.1560315813992723,0,278,1,0,0,0,0,751,2,0
18709.34489219165,21258.420506615745,-2549.075614424095,-0.21242296786867457,0,642,2,0,0,0,0,567,1,0
14740.214749734607,15602.017998759384,-861.803249024777,-0.07181693741873141,0,733,2,0,0,0,0,1457,6,0
110916.88317999116,20547.86499439706,90369.01818559409,7.530751515466174,1,13,4,1,4,0,1,287,57,1
29709.31484627326,31662.96873512937,-1953.653888856108,-0.162804490738009,0,423,0,0,0,0,0,993,6,0
25689.774797401136,27244.502299399574,-1554.7275019984372,-0.12956062516653644,0,530,2,0,0,0,0,327,6,0
10037.201935998279,8890.703049774696,1146.4988862235823,0.0955415738519652,0,590,1,0,0,0,0,986,2,0
12454.416690460117,11900.793820660332,553.6228697997849,0.04613523914998208,0,376,0,1,0,0,0,2317,5,0
13730.655087744099,11995.170270935958,1735.4848168081407,0.14462373473401172,0,692,0,0,0,0,0,1982,3,0
8107.859060336432,7719.453866234747,388.4051941016851,0.03236709950847376,0,579,1,1,1,0,0,1033,3,0
54824.422865591376,53579.987520009505,1244.435345581871,0.1037029454651559,0,555,0,0,0,0,0,642,1,0
17362.692491845264,14979.511425666165,2383.1810661790987,0.19859842218159157,0,563,1,0,0,0,0,1449,2,0
30937.245413224395,35000.428421937664,-4063.1830087132694,-0.3385985840594391,0,392,0,1,0,0,0,281,2,0
33514.02358300368,33964.247108669086,-450.2235256654021,-0.03751862713878351,0,537,2,0,0,0,0,1710,1,0
23118.701987064385,24036.983038299735,-918.2810512353499,-0.07652342093627916,0,745,0,0,0,0,0,1926,7,0
22457.715685346328,24033.330943820096,-1575.6152584737683,-0.1313012715394807,0,370,0,0,0,0,0,1151,8,0
31080.354997676168,29676.378712312522,1403.9762853636457,0.11699802378030381,0,327,1,0,0,0,0,1497,3,0
11195.491868658268,10880.87886451165,314.61300414661855,0.026217750345551547,1,679,0,0,0,0,0,203,2,0
9004.938627383586,9962.789903100715,-957.8512757171284,-0.07982093964309403,0,626,1,0,0,0,0,1243,3,0
101300.3220681027,17283.80937066504,84016.51269743766,7.0013760581198055,2,11,4,0,3,0,1,54,46,1
28516.326102287723,29463.768161524116,-947.4420592363931,-0.07895350493636609,0,768,1,1,0,0,0,2144,2,0
9588.326530607956,10713.18283214565,-1124.856301537695,-0.09373802512814124,1,170,1,0,0,0,0,1236,1,0
21606.79315739446,24165.321307635233,-2558.5281502407743,-0.2132106791867312,0,756,0,1,0,0,0,1146,2,0
17850.51204844901,16316.054450897314,1534.4575975516964,0.12787146646264136,0,413,1,0,0,0,0,1701,7,0
26881.900526246798,28258.73023486663,-1376.8297086198327,-0.11473580905165272,0,157,1,0,0,0,0,1809,2,0
19293.510751649723,21291.010166799835,-1997.4994151501123,-0.1664582845958427,0,517,1,0,0,0,0,2340,2,0
50893.53402009033,51032.68242570975,-139.14840561941674,-0.011595700468284727,1,233,2,0,0,0,0,1020,9,0
16726.889775178788,17072.98602093318,-346.0962457543901,-0.028841353812865844,0,423,1,0,0,0,0,1585,4,0
38453.80175800011,38198.59124716906,255.21051083104976,0.021267542569254148,0,171,1,0,0,0,0,2384,13,0
24029.62461970321,24383.982458986702,-354.3578392834934,-0.029529819940291115,0,297,0,0,0,0,0,1738,7,0
18320.823528006615,20286.213739036517,-1965.3902110299023,-0.16378251758582518,0,607,0,1,0,0,0,2295,1,0
18194.71984229496,20598.148557362587,-2403.428715067628,-0.20028572625563568,0,549,0,0,0,0,0,894,2,0
187296.23902362166,24940.553461195,162355.68556242666,13.529640463535555,3,29,5,0,1,0,0,15,40,1
16296.505183541458,17089.137937840587,-792.6327542991294,-0.06605272952492745,0,552,0,1,0,0,0,1388,7,0
97558.87231556058,27567.69340631834,69991.17890924224,5.832598242436854,1,25,4,0,1,0,0,86,38,1
22244.685544803513,19685.73217349139,2558.9533713121236,0.2132461142760103,0,797,0,0,0,0,0,484,6,0
27428.394648201705,29142.87998604605,-1714.485337844344,-0.14287377815369534,1,747,1,0,0,0,0,2202,4,0
122184.96395508842,11946.934613374648,110238.02934171377,9.186502445142814,1,21,4,2,3,1,0,99,28,1
14768.315422004633,13840.792831177127,927.5225908275061,0.07729354923562551,0,658,1,0,0,0,0,1135,1,0
27069.88689481416,25677.21474404653,1392.6721507676302,0.11605601256396919,1,512,0,0,0,0,0,1077,2,0
15411.657437447926,14819.368946016506,592.28849143142,0.04935737428595167,0,288,0,0,0,0,0,1236,1,0
24333.074758805786,23142.930357113528,1190.1444016922578,0.09917870014102148,0,624,1,1,0,0,0,1930,1,0
27844.47454096464,30273.193116633807,-2428.718575669169,-0.2023932146390974,0,773,0,0,0,0,0,1473,3,0
26141.434930884538,28201.532960539254,-2060.098029654717,-0.17167483580455972,0,477,1,0,0,0,0,312,2,0
27522.42018668205,28481.014209845296,-958.5940231632449,-0.07988283526360374,0,437,0,0,0,0,0,2201,3,0
166315.65309743653,11732.728065509891,154582.92503192663,12.88191041932722,3,30,5,2,2,1,1,230,42,1
31650.25084289872,28639.245224547227,3011.0056183514935,0.25091713486262446,1,458,1,0,0,0,0,969,2,0
28008.43246633452,30722.68743782065,-2714.254971486127,-0.22618791429051058,1,457,4,0,0,0,0,694,1,0
108818.30569826688,28603.46297954167,80214.84271872521,6.684570226560434,1,66,4,0,2,1,0,16,46,1
24465.080988279427,26275.900178307005,-1810.8191900275779,-0.1509015991689648,0,320,0,1,0,0,0,1054,3,0
154612.16407756746,27947.736554333685,126664.42752323378,10.555368960269481,4,14,6,1,3,0,0,242,51,1
119931.04879835919,13211.801434428022,106719.24736393116,8.893270613660931,2,67,5,2,2,0,0,275,32,1
11980.554678667968,12990.423430000543,-1009.8687513325749,-0.08415572927771457,0,637,1,0,1,0,0,1924,1,0
29436.803194527034,33083.10450815281,-3646.3013136257723,-0.3038584428021477,0,727,1,0,0,0,0,708,14,0
167036.5434321686,19515.91870073407,147520.62473143454,12.293385394286211,4,19,6,1,4,0,1,182,54,1
15697.362026096947,17100.925559526146,-1403.5635334291983,-0.11696362778576652,0,651,1,0,0,0,0,497,4,0
11293.215714469716,9697.459754327685,1595.7559601420307,0.13297966334516922,0,476,0,0,0,0,0,578,3,0
165909.68098982619,32758.83372226871,133150.84726755746,11.095903938963122,4,44,7,3,1,0,0,124,17,1
16155.912228771578,16777.184301088968,-621.2720723173898,-0.051772672693115813,0,429,1,0,0,0,0,1724,1,0
25509.04618924022,22762.102179922545,2746.9440093176745,0.22891200077647286,0,514,1,0,0,0,0,2195,3,0
100151.44586443536,21978.057944029875,78173.38792040548,6.5144489933671235,2,24,4,2,1,0,1,202,14,1
24332.52407846184,27372.641915012056,-3040.1178365502165,-0.25334315304585137,0,730,3,0,0,0,0,2231,1,0
35543.98777798485,36329.50917086316,-785.5213928783123,-0.0654601160731927,0,152,1,0,0,0,0,2201,5,0
141837.29812921118,30340.000424170023,111497.29770504116,9.291441475420097,2,36,6,3,4,1,1,116,17,1
19690.465827139684,21689.074615466572,-1998.6087883268883,-0.16655073236057402,0,337,0,0,0,0,0,916,2,0
137249.35239298648,23686.684169689157,113562.66822329731,9.463555685274775,3,38,7,0,3,1,0,155,34,1
40401.264243294485,41813.038246288765,-1411.7740029942797,-0.11764783358285665,0,502,2,0,0,0,0,2348,2,0
31330.82981639881,26946.63644662928,4384.193369769531,0.3653494474807943,0,723,0,0,0,0,0,653,6,0
21225.361949784583,23110.003716339383,-1884.6417665547997,-0.1570534805462333,1,359,0,0,0,0,0,1272,1,0
36897.68750975958,36521.36999860981,376.3175111497694,0.03135979259581412,1,574,0,0,1,0,0,1613,5,0
154927.50501968933,20861.44497575325,134066.06004393607,11.172171670328005,1,56,4,1,3,1,0,133,16,1
31658.856328455877,34133.54791179341,-2474.6915833375315,-0.20622429861146097,1,291,0,0,0,0,0,2099,4,0
29148.831805581147,31234.951011441495,-2086.1192058603483,-0.173843267155029,0,213,1,0,0,0,0,1304,6,0
17719.170810990574,17389.76318514272,329.4076258478526,0.027450635487321053,0,434,1,0,0,0,0,1191,5,0
37275.945677876254,41319.240863504725,-4043.295185628471,-0.33694126546903924,0,776,0,0,0,0,0,1881,9,0
139242.42830875068,28644.42326034285,110598.00504840782,9.216500420700651,2,28,5,3,3,1,0,293,50,1
52860.93597047701,57887.51066004112,-5026.574689564113,-0.4188812241303428,0,226,2,0,0,0,0,221,6,0
45000.67756397652,44571.72756063386,428.95000334265933,0.03574583361188828,0,143,0,1,0,0,0,1225,1,0
13993.755055594207,13023.13601427978,970.6190413144268,0.08088492010953556,0,628,0,0,0,0,0,455,1,0
47945.68302187116,47493.27162926044,452.41139261072385,0.03770094938422699,0,471,1,0,0,0,0,781,1,0
25951.600016457614,26700.273556810018,-748.6735403524035,-0.06238946169603363,0,392,1,0,0,0,0,1384,2,0
32909.19677372627,31267.50354210856,1641.693231617708,0.13680776930147567,0,270,1,0,0,0,0,217,1,0
11112.459715234269,10574.659796219197,537.7999190150713,0.04481665991792261,0,133,2,0,0,0,0,1591,1,0
46904.660078193985,47228.12364124743,-323.4635630534467,-0.02695529692112056,0,154,1,0,0,0,0,1215,4,0
157767.14599272856,27460.510615370607,130306.63537735795,10.858886281446496,4,37,5,0,3,0,1,224,55,1
17275.822175034526,14771.84483224909,2503.977342785436,0.208664778565453,1,222,3,0,0,0,0,430,7,0
31220.484779081165,28269.636987833263,2950.847791247903,0.2459039826039919,0,365,2,0,0,0,0,675,1,0
144539.04756623754,15354.612783519398,129184.43478271813,10.76536956522651,2,31,3,2,2,0,1,83,38,1
23601.45845417176,22141.486599098167,1459.9718550735925,0.1216643212561327,0,325,1,0,0,0,0,470,1,0
30587.150169724293,35079.46786193891,-4492.317692214616,-0.3743598076845513,1,587,1,0,0,0,0,1757,5,0
25488.085979654657,27954.333714135282,-2466.247734480625,-0.20552064454005206,0,168,2,0,1,0,0,608,1,0
35723.11067154468,38031.03666462993,-2307.9259930852495,-0.19232716609043746,0,795,0,0,0,0,0,1554,1,0
23851.522566431024,26812.556466682807,-2961.033900251783,-0.24675282502098192,0,209,0,1,0,0,0,2371,3,0
117955.01239114514,22201.824487037775,95753.18790410736,7.979432325342279,3,64,4,1,2,0,0,89,28,1
22095.147838941808,21562.69206483726,532.4557741045464,0.044371314508712206,1,347,0,0,0,0,0,1176,1,0
37516.89123759819,39247.80411877105,-1730.9128811728588,-0.14424274009773824,0,413,0,0,0,0,0,1740,7,0
40695.6636964732,44944.63164153209,-4248.967945058888,-0.3540806620882407,0,295,1,0,0,0,0,651,3,0
57267.82414304449,49775.87267927109,7491.951463773403,0.6243292886477836,0,680,1,0,0,0,0,1658,5,0
45121.49412012555,45379.92833960566,-258.4342194801138,-0.02153618495667615,0,505,1,0,0,0,0,1319,4,0
13535.19324307756,15556.47560783705,-2021.2823647594905,-0.1684401970632909,0,638,2,0,0,0,0,1052,1,0
40124.375009355615,39092.49863506931,1031.8763742863084,0.08598969785719236,1,137,0,0,0,0,0,318,1,0
26833.459837940274,29512.8593673737,-2679.3995294334272,-0.22328329411945227,1,380,0,0,0,0,0,1438,2,0
18458.00145573417,18704.814974609977,-246.81351887580604,-0.0205677932396505,0,474,1,0,0,0,0,813,1,0
25660.01571322265,27108.117219442815,-1448.101506220166,-0.12067512551834716,0,472,0,1,0,0,0,1733,1,0
28029.0393093349,25135.757223852353,2893.2820854825477,0.24110684045687897,0,481,0,1,0,0,0,1468,2,0
28787.479609396716,27760.710753411517,1026.7688559851995,0.08556407133209995,0,679,0,0,0,0,0,676,2,0
21267.538457822793,18129.093815558077,3138.444642264716,0.2615370535220597,0,700,1,0,0,0,0,1113,2,0
32632.968881832596,34030.3964800126,-1397.427598180002,-0.1164522998483335,0,324,0,0,0,0,0,1104,2,0
27310.62802486897,23574.301765528544,3736.326259340425,0.3113605216117021,0,431,1,0,0,0,0,2000,3,0
18644.968321222725,18013.773090297418,631.1952309253065,0.05259960257710888,0,526,0,0,0,0,0,1261,3,0
113575.34851585208,27211.50855899204,86363.83995686003,7.1969866630716695,2,15,6,1,2,0,0,74,40,1
28969.05696230088,30844.948380833794,-1875.8914185329122,-0.1563242848777427,0,521,2,0,0,0,0,1683,9,0
30917.390436643975,35447.31260560812,-4529.922168964142,-0.37749351408034515,0,123,0,0,0,0,0,1498,8,0
34826.20824112625,29688.328124399064,5137.880116727189,0.4281566763939324,1,161,1,0,0,0,0,906,4,0
62911.403633947455,57456.40533068131,5454.998303266148,0.4545831919388456,0,447,0,0,1,0,0,1853,3,0
28481.601989718358,24803.98788104187,3677.6141086764874,0.30646784238970726,0,709,0,0,0,0,0,900,2,0
22752.794909591805,20221.06650473298,2531.7284048588263,0.21097736707156886,0,293,0,0,0,0,0,269,1,0
18873.646488710383,16859.013806152245,2014.6326825581382,0.16788605687984484,0,268,1,0,0,0,0,1069,1,0
18638.670208680116,17477.45970879429,1161.2104998858267,0.09676754165715222,0,449,0,0,0,0,0,373,4,0
40539.34764358282,36901.3960727333,3637.9515708495164,0.3031626309041264,0,170,1,0,0,0,0,1563,16,0
36976.0133319911,35499.21052365657,1476.802808334527,0.12306690069454393,1,307,1,0,0,0,0,2381,1,0
26853.817614442803,30254.481174032288,-3400.663559589484,-0.28338862996579034,0,217,1,0,0,0,0,1789,1,0
14741.881951549602,15743.333482600032,-1001.4515310504303,-0.08345429425420252,0,193,3,0,0,0,0,1481,6,0
30181.288839559944,30373.88294955614,-192.5941099961965,-0.01604950916634971,0,764,2,0,0,0,0,1145,6,0
25762.329173258247,26747.266872884535,-984.9376996262872,-0.08207814163552393,0,673,1,0,0,0,0,1963,1,0
211136.29257198365,24204.855746498073,186931.43682548558,15.577619735457132,2,54,3,1,4,1,0,239,51,1
16720.967012568137,16990.998503112798,-270.0314905446612,-0.0225026242120551,0,593,0,0,0,0,0,1718,1,0
132173.18491519656,35983.24949501344,96189.93542018312,8.015827951681926,4,52,3,1,3,0,0,281,16,1
77734.55829789168,24135.499087924756,53599.05920996692,4.466588267497244,2,15,4,2,2,0,0,239,15,1
186773.45743038587,27523.920195776565,159249.5372346093,13.270794769550776,3,43,9,3,1,0,1,229,17,1
30210.13399033349,34218.36478481767,-4008.2307944841814,-0.3340192328736818,0,549,1,0,0,0,0,1989,1,0
25400.538854702318,22913.617658610645,2486.9211960916728,0.2072434330076394,0,470,0,1,0,0,0,1329,2,0
31032.25798545704,28217.456367825598,2814.8016176314413,0.23456680146928677,0,718,0,0,0,0,0,1621,1,0
14420.07811525017,13420.352721153718,999.725394096451,0.08331044950803759,0,296,1,0,0,0,0,758,1,0
109640.73694899993,17961.728427355272,91679.00852164466,7.639917376803722,1,47,2,2,2,0,1,240,42,1
28004.142533624643,24876.07954643076,3128.0629871938836,0.2606719155994903,0,532,2,0,0,0,0,2240,4,0
36772.120498895085,36422.68578299625,349.4347158988385,0.02911955965823654,0,205,1,0,0,0,0,517,9,0
13603.811224710946,13454.151214480758,149.66001023018725,0.01247166751918227,0,217,0,0,0,0,0,2146,2,0
11044.787720817501,9393.784650912685,1651.0030699048166,0.13758358915873473,0,557,0,0,0,0,0,1750,6,0
93794.97440277181,15228.061640441772,78566.91276233004,6.547242730194171,1,25,5,2,2,0,1,295,44,1
172250.89153072177,21893.55334362288,150357.33818709888,12.52977818225824,3,56,5,2,2,0,0,111,20,1
109830.21207247737,17971.69632190231,91858.51575057505,7.654876312547922,2,55,3,1,1,0,1,71,33,1
33996.511680921496,38536.69268457482,-4540.181003653321,-0.37834841697111005,1,797,1,0,0,0,0,2128,3,0
26564.467556195665,27373.125286370752,-808.6577301750876,-0.0673881441812573,0,715,1,0,0,0,0,830,3,0
31866.794984732787,35790.340800046775,-3923.545815313988,-0.3269621512761657,1,610,0,0,0,0,0,269,5,0
13405.15021715895,11913.705553088992,1491.444664069959,0.12428705533916325,0,428,0,0,0,0,0,2163,3,0
16889.092502663298,18860.007232565436,-1970.9147299021388,-0.16424289415851157,0,462,0,0,0,0,0,569,1,0
42638.23057017702,48522.46829371938,-5884.237723542363,-0.4903531436285302,1,177,2,1,0,0,0,1828,5,0
25622.65098626413,22243.273220287836,3379.3777659762927,0.2816148138313577,0,369,4,0,0,0,0,1458,7,0
16255.718466503864,14374.882003728631,1880.8364627752326,0.15673637189793604,0,757,1,0,1,0,0,2081,1,0
142332.85914012487,19016.510064144946,123316.34907597993,10.276362422998327,4,53,3,1,2,0,0,154,53,1
23442.76655269707,25535.4944873544,-2092.7279346573305,-0.17439399455477753,0,244,0,0,0,0,0,1463,2,0
123037.87610441861,16192.359928693433,106845.51617572518,8.903793014643766,2,8,4,1,2,0,0,295,33,1
104800.30921832475,20813.54841576264,83986.76080256212,6.998896733546843,1,37,5,2,2,0,0,254,53,1
125380.07390277783,23660.715610184096,101719.35829259374,8.476613191049479,2,34,6,0,3,0,0,218,26,1
12405.27963257683,12287.308949843762,117.97068273306832,0.009830890227755693,0,344,0,0,0,0,0,2231,1,0
172429.9648395287,26655.993105305846,145773.97173422284,12.147830977851903,3,44,1,3,2,1,0,69,38,1
27808.37084007531,31900.08672853051,-4091.715888455201,-0.34097632403793343,0,632,1,0,0,0,0,2130,2,0
11158.851457200386,12743.165357916982,-1584.3139007165955,-0.13202615839304963,0,557,3,0,0,0,0,1432,3,0
34735.471707416276,30563.68409661127,4171.787610805008,0.34764896756708397,0,628,0,0,0,0,0,955,4,0
100356.76722793245,26125.03168069647,74231.73554723598,6.185977962269665,2,31,4,0,2,1,0,288,26,1
16433.975857665337,18329.493543244866,-1895.517685579529,-0.1579598071316274,0,293,1,0,0,0,0,563,2,0
25954.019712428042,27277.10120266277,-1323.0814902347265,-0.11025679085289387,0,430,0,0,0,0,0,600,1,0
134454.65918532715,29390.656122717355,105064.0030626098,8.755333588550817,4,62,4,2,2,0,0,103,53,1
24404.29821731448,22832.40068311489,1571.8975341995902,0.13099146118329918,0,196,1,1,0,0,0,471,1,0
36575.01315067145,32001.867749696758,4573.145400974696,0.38109545008122464,0,533,1,0,0,0,0,792,5,0
21440.28968359322,19882.88850408779,1557.4011795054284,0.12978343162545236,0,739,0,1,0,0,0,2247,3,0
12437.705868423234,13416.498948938839,-978.7930805156047,-0.08156609004296707,0,199,0,0,0,0,0,644,6,0
216079.07820756623,16446.588191184757,199632.49001638146,16.636040834698456,2,57,5,0,2,0,0,119,21,1
62759.65871923037,60002.279648007694,2757.3790712226764,0.22978158926855638,0,678,0,0,0,0,0,1568,4,0
26428.408150569998,29488.212633592393,-3059.8044830223953,-0.25498370691853295,0,765,1,1,0,0,0,2062,3,0
147726.6885704837,13646.658029644877,134080.03054083884,11.173335878403236,1,39,4,1,2,0,0,289,51,1
15825.170493335296,16495.14237164805,-669.9718783127537,-0.05583098985939614,0,534,0,0,0,0,0,1834,2,0
25208.540678899437,23499.81156792791,1708.729110971526,0.1423940925809605,0,551,1,0,0,0,0,1553,1,0
21025.95655279948,23962.14091285952,-2936.1843600600405,-0.24468203000500338,0,667,1,0,0,0,0,1651,5,0
94293.12701703193,20519.743675108068,73773.38334192387,6.147781945160322,2,37,3,1,2,0,0,148,40,1
31913.034104198996,32050.194527212017,-137.1604230130215,-0.011430035251085125,0,672,0,0,0,0,0,865,3,0
36346.224787582294,35545.366846660385,800.8579409219092,0.06673816174349242,0,511,1,0,0,0,0,2181,2,0
28844.05143166152,30175.248160071944,-1331.1967284104248,-0.11093306070086874,0,357,0,0,0,0,0,1513,2,0
21758.81974043809,25001.27380671762,-3242.45406627953,-0.27020450552329417,1,157,0,0,0,0,0,2297,2,0
141645.21420395077,19853.168077041002,121792.04612690977,10.149337177242481,2,12,2,2,2,1,0,186,16,1
13093.431064786135,14708.910854111558,-1615.4797893254236,-0.13462331577711864,0,674,1,0,0,0,0,2194,1,0
123750.02084146129,20322.94962152686,103427.07121993443,8.618922601661202,2,30,7,0,1,1,0,250,41,1
24005.132764795737,26245.936975797413,-2240.804211001676,-0.18673368425013964,0,481,2,0,1,0,0,638,1,0
33234.578141314705,31089.83753947647,2144.7406018382353,0.17872838348651962,0,675,0,0,0,0,0,207,2,0
34959.14383478259,39528.182934199314,-4569.039099416725,-0.38075325828472706,0,493,0,0,0,0,0,1216,9,0
39582.29545104566,45389.902448028384,-5807.606996982722,-0.4839672497485602,1,511,0,0,0,0,0,462,3,0
34564.79471192754,32850.3637153527,1714.4309965748398,0.14286924971457,0,163,2,1,0,0,0,721,4,0
15028.33610636421,15460.88887053079,-432.55276416658126,-0.03604606368054844,1,732,2,0,0,0,0,1623,8,0
41712.828142482525,38774.337202405426,2938.4909400770994,0.24487424500642493,1,316,1,1,0,0,0,2364,7,0
18477.782440671646,20940.262964248355,-2462.480523576709,-0.2052067102980591,0,171,0,0,0,0,0,1468,1,0
22173.567488213168,18996.172434047145,3177.3950541660233,0.26478292118050195,0,407,0,0,0,0,0,570,4,0
23600.714138753483,21298.489836786295,2302.224301967188,0.19185202516393232,0,477,0,0,0,0,0,1435,2,0
116755.30538245446,13707.767528564887,103047.53785388957,8.587294821157464,4,16,9,2,3,0,0,227,22,1
48642.77944187555,45585.31232766154,3057.467114214014,0.25478892618450116,0,554,1,0,0,0,0,1647,7,0
32431.689703723634,35041.60831022527,-2609.918606501633,-0.2174932172084694,0,727,0,0,0,0,0,2073,2,0
25881.852617738354,22289.593577277934,3592.25904046042,0.29935492003836833,0,694,0,0,0,0,0,584,12,0
21167.019884629783,19878.692340182333,1288.3275444474493,0.10736062870395412,0,477,0,1,0,0,0,2464,3,0
18714.74553993091,16370.488293095716,2344.2572468351955,0.19535477056959963,0,145,0,0,0,0,0,2010,4,0
83959.46327754397,21489.524075584133,62469.93920195983,5.205828266829986,1,21,4,3,3,0,0,53,54,1
166208.80305179325,15829.513682080316,150379.28936971293,12.531607447476079,2,9,6,1,2,0,1,156,14,1
26957.391657448246,25313.31120214533,1644.0804553029157,0.1370067046085763,0,252,0,0,0,0,0,2477,2,0
29254.580094552522,27624.938018737965,1629.6420758145578,0.13580350631787982,0,495,0,0,1,0,0,2094,3,0
24800.05476265093,24736.74991167412,63.304850976808666,0.005275404248067389,0,741,1,0,0,0,0,198,2,0
20217.708080620658,20680.06327896577,-462.3551983451107,-0.038529599862092555,0,292,1,0,0,0,0,257,2,0
43917.369883824555,45085.865830984105,-1168.4959471595503,-0.09737466226329586,0,538,0,0,0,0,0,2403,3,0
29444.879405059324,26852.37406537481,2592.505339684514,0.21604211164037618,0,554,0,0,0,0,0,347,6,0
28943.47144189745,27534.697996750605,1408.773445146846,0.1173977870955705,0,626,2,0,0,0,0,998,3,0
31237.986058299302,29794.813715324173,1443.1723429751291,0.1202643619145941,0,677,0,0,0,0,0,1884,3,0
21987.004776738035,24928.880483352415,-2941.8757066143808,-0.24515630888453174,0,368,0,1,0,0,0,2265,2,0
24377.03325051157,22538.146706706804,1838.886543804765,0.15324054531706377,0,716,0,0,0,0,0,1595,3,0
19016.710329828653,16420.413046203856,2596.2972836247973,0.21635810696873312,1,261,1,0,0,0,0,1888,1,0
29560.45271041133,25900.81580390136,3659.636906509968,0.304969742209164,0,340,0,0,0,0,0,612,1,0
28075.037189397648,28722.914759959545,-647.8775705618973,-0.05398979754682477,0,220,2,0,0,0,0,1668,4,0
32141.850329462883,36230.62628652978,-4088.7759570669004,-0.340731329755575,0,757,0,0,0,0,0,820,3,0
37965.91133481832,43292.30575242213,-5326.394417603813,-0.4438662014669844,0,302,0,0,0,0,0,2478,3,0
127880.68881846154,22397.284099410215,105483.40471905132,8.79028372658761,4,66,3,1,3,0,1,17,52,1
29252.708853952463,26504.19364307523,2748.5152108772345,0.22904293423976954,0,587,0,0,0,0,0,2494,4,0
26643.39886383722,26774.00335703893,-130.60449320171028,-0.01088370776680919,0,230,0,0,0,0,0,795,12,0
26989.083586768902,25113.706888757166,1875.3766980117362,0.156281391500978,1,298,0,0,0,0,0,2293,2,0
30302.70235229191,27637.64972337914,2665.05262891277,0.22208771907606417,1,366,0,0,1,0,0,743,7,0
27778.72294897293,27535.049838558243,243.67311041468565,0.02030609253455714,0,611,0,0,0,0,0,2003,3,0
15990.493719921118,14678.304330948327,1312.1893889727908,0.10934911574773257,0,308,1,0,0,0,0,1620,5,0
40140.5881283506,41546.05860799761,-1405.4704796470105,-0.11712253997058421,1,311,0,0,0,0,0,941,3,0
30480.414870668486,29048.849911996458,1431.5649586720283,0.11929707988933569,0,344,2,0,0,0,0,2413,1,0
29639.865259602717,26744.25826722624,2895.606992376477,0.24130058269803975,0,397,1,0,0,0,0,2012,1,0
141976.46959063516,29594.52575414059,112381.94383649457,9.365161986374547,3,31,2,1,3,0,1,128,23,1
14080.582591750577,15361.03204898242,-1280.4494572318436,-0.10670412143598697,0,604,0,0,0,0,0,714,3,0
37686.11790157679,42123.78738688601,-4437.669485309219,-0.36980579044243495,0,550,2,1,0,0,0,2451,2,0
27960.66332244117,24994.394325956986,2966.2689964841848,0.24718908304034873,0,638,1,0,0,0,0,478,1,0
27311.510990598403,25196.39516856887,2115.115822029533,0.1762596518357944,0,608,1,0,0,0,0,1659,4,0
15143.163476428621,13137.864372211423,2005.299104217198,0.1671082586847665,0,490,0,0,0,0,0,2082,1,0
24861.871198754605,25277.33947516542,-415.4682764108147,-0.03462235636756789,0,669,1,0,0,0,0,1738,2,0
94483.12255225482,20829.538458749863,73653.58409350496,6.137798674458747,1,10,4,3,1,1,1,252,22,1
30583.16287233765,30276.654194493076,306.50867784457296,0.02554238982038108,0,400,0,0,0,0,0,756,3,0
24520.029933877115,21678.045142611154,2841.9847912659607,0.23683206593883005,0,628,0,0,0,0,0,1382,2,0
46553.27864813593,47828.96775873748,-1275.6891106015537,-0.10630742588346281,0,336,0,0,0,0,0,1669,2,0
27463.927537411604,29716.454811360512,-2252.5272739489083,-0.18771060616240903,1,360,0,0,0,0,0,540,3,0
23909.834215761894,23673.06555628861,236.76865947328406,0.019730721622773673,0,136,2,0,0,0,0,1528,6,0
111973.03349256866,22021.615698263748,89951.41779430491,7.495951482858743,3,16,3,2,4,0,0,41,48,1
31656.941364941627,33086.962564897694,-1430.021199956067,-0.11916843332967225,0,773,0,0,0,0,0,1957,3,0
29030.450739604825,27253.722925722577,1776.7278138822476,0.14806065115685396,0,570,4,0,0,0,0,1271,2,0
36401.16697520441,31700.84936528445,4700.317609919959,0.39169313415999657,0,641,0,0,1,0,0,2000,2,0
23820.545363948062,24621.48250903868,-800.9371450906183,-0.06674476209088485,0,643,0,0,0,0,0,1917,5,0
149401.73265176144,19366.39223531227,130035.34041644918,10.836278368037432,3,62,8,1,1,1,1,37,32,1
110253.70164695515,12764.910861580047,97488.7907853751,8.124065898781257,3,63,3,2,4,0,0,126,31,1
44775.74917168638,41353.49332568285,3422.255846003529,0.28518798716696075,1,174,1,0,0,0,0,2369,11,0
32190.530119865038,27602.18095066009,4588.3491692049465,0.3823624307670789,0,220,1,0,0,0,0,995,10,0
83770.95481033623,34616.53269261433,49154.4221177219,4.096201843143492,2,31,4,0,3,0,1,126,32,1
31914.5073205064,35856.62915199024,-3942.121831483837,-0.3285101526236531,1,488,0,0,0,0,0,794,1,0
15792.735213293758,15136.492248432825,656.2429648609323,0.054686913738411023,0,496,1,0,0,0,0,298,2,0
110875.88130764468,31773.830018840723,79102.05128880395,6.591837607400329,4,73,8,1,3,0,0,49,26,1
27113.759453250797,25368.564326843138,1745.1951264076597,0.1454329272006383,0,724,0,1,0,0,0,2166,7,0
18006.74605133632,19575.5761499163,-1568.8300985799833,-0.13073584154833195,0,428,2,0,0,0,0,737,5,0
22333.89959784898,20389.10154788497,1944.7980499640107,0.16206650416366755,0,155,0,0,0,0,0,1083,3,0
141134.4072971976,13604.643744814068,127529.76355238355,10.627480296031962,2,36,6,1,1,1,0,169,28,1
35767.94893912909,33902.84778320821,1865.1011559208782,0.15542509632673984,0,610,0,0,0,0,0,2190,5,0
12976.27590903251,11585.679205989889,1390.5967030426218,0.11588305858688515,0,199,0,1,0,0,0,1268,1,0
118527.56415519364,35425.07483174677,83102.48932344688,6.925207443620573,2,9,6,0,2,0,0,117,39,1
18752.858243870247,17113.863822055016,1638.9944218152305,0.13658286848460255,0,470,1,1,1,0,0,2203,1,0
106515.8080462648,11542.019208546366,94973.78883771844,7.914482403143204,3,16,6,2,3,0,0,208,58,1
18834.695942526283,16952.962193437845,1881.7337490884383,0.15681114575736987,0,128,1,0,0,0,0,1151,6,0
31733.65598108813,31334.449182179666,399.2067989084644,0.03326723324237203,0,741,1,0,0,0,0,2380,5,0
100094.55687178878,19229.0138270553,80865.54304473348,6.73879525372779,1,65,4,2,1,1,1,209,51,1
36252.12743921267,36407.33906067212,-155.21162145944982,-0.012934301788287484,0,125,0,0,0,0,0,1378,3,0
109730.36139189648,12462.346621596145,97268.01477030033,8.105667897525027,2,52,4,0,1,0,1,196,54,1
24572.5500585735,23131.9593487792,1440.5907097942982,0.12004922581619151,0,531,0,0,0,0,0,1490,7,0
15952.26799763132,16853.33825409816,-901.070256466839,-0.07508918803890326,1,570,1,0,1,0,0,2376,6,0
36506.031289516315,35573.273042437635,932.7582470786801,0.07772985392322335,0,250,0,1,0,0,0,865,21,0
24293.29426814878,27596.883940480962,-3303.589672332182,-0.2752991393610152,0,400,1,0,0,0,0,1929,3,0
38243.72522124791,40845.14638319007,-2601.421161942162,-0.21678509682851352,0,384,2,1,0,0,0,969,1,0
15949.88932359328,16549.91281900333,-600.0234954100506,-0.05000195795083755,0,123,0,0,0,0,0,834,1,0
17809.437135085253,15997.88083993786,1811.556295147393,0.15096302459561609,0,458,0,0,0,0,0,757,3,0
20465.73836791953,19630.361003629572,835.3773642899578,0.06961478035749648,0,414,0,0,0,0,0,1628,5,0
20518.026923533813,18108.174474597974,2409.8524489358388,0.2008210374113199,1,506,1,0,0,0,0,487,3,0
21168.48424359003,22873.03754940689,-1704.5533058168621,-0.14204610881807184,0,199,1,0,0,0,0,1637,1,0
14107.7422745455,12795.707468830418,1312.0348057150823,0.10933623380959019,0,529,2,0,0,0,0,2401,3,0
36060.935319281685,36145.14683792896,-84.2115186472729,-0.007017626553939408,1,773,1,0,0,0,0,1322,6,0
16250.609529768011,14427.79180224554,1822.8177275224716,0.1519014772935393,0,744,0,0,1,0,0,1712,4,0
13786.795293389056,12872.059004847022,914.7362885420334,0.07622802404516946,0,680,0,0,0,0,0,294,4,0
12419.179950283271,11909.230200772237,509.9497495110336,0.042495812459252796,0,497,2,0,0,0,0,1704,2,0
23617.822097355525,27062.578129398833,-3444.7560320433076,-0.2870630026702756,0,478,0,0,0,0,0,2425,1,0
164531.2809439268,10046.14877544295,154485.13216848386,12.873761014040323,2,8,7,2,3,0,1,34,35,1
23664.625700823344,24584.999085874508,-920.3733850511635,-0.07669778208759696,0,688,2,0,0,0,0,1596,13,0
20445.064254805464,21053.359925122888,-608.2956703174241,-0.05069130585978534,0,703,1,0,0,0,0,1434,4,0
15378.36921728078,13088.89186945581,2289.47734782497,0.19078977898541416,0,787,0,0,0,0,0,1822,8,0
21991.317673550402,24843.25386000961,-2851.9361864592065,-0.23766134887160054,0,448,2,0,0,0,0,1682,1,0
23765.309678422593,20715.78325235774,3049.526426064851,0.2541272021720709,0,312,0,0,0,0,0,1231,2,0
18203.201222738404,19830.192612750634,-1626.99139001223,-0.13558261583435252,0,125,0,0,0,0,0,1236,2,0
22895.712658618544,22097.389050413076,798.3236082054682,0.06652696735045568,0,799,0,0,0,0,0,900,13,0
24359.603310711984,21814.02691100112,2545.5763997108625,0.21213136664257187,0,713,2,0,0,0,0,541,1,0
13903.447412606694,15906.887216392366,-2003.4398037856718,-0.1669533169821393,0,613,1,0,0,0,0,1877,3,0
27679.67312596673,31593.27078218375,-3913.5976562170217,-0.32613313801808513,0,525,0,0,0,0,0,1707,4,0
26540.68828000285,26159.316152170133,381.3721278327175,0.03178101065272646,0,210,0,0,0,0,0,861,1,0
31320.777155792122,33251.72806765787,-1930.9509118657443,-0.16091257598881203,0,691,1,0,0,0,0,393,3,0
27564.362546150573,25876.902324540024,1687.4602216105486,0.1406216851342124,0,606,1,0,0,0,0,749,6,0
145766.24321368587,17957.174409981766,127809.06880370411,10.65075573364201,2,15,7,3,1,0,1,222,23,1
41791.5981129253,47632.84729162494,-5841.24917869964,-0.4867707648916366,1,359,0,0,0,0,0,2410,8,0
26680.501263393864,25368.44802851163,1312.0532348822344,0.10933776957351954,1,222,1,0,0,0,0,573,13,0
23161.447293473117,22868.983577831783,292.4637156413337,0.024371976303444474,0,223,0,0,0,0,0,596,7,0
35706.42846220908,35196.26404988767,510.1644123214064,0.04251370102678387,0,341,0,0,0,0,0,233,2,0
161724.83726477783,21830.698837286644,139894.13842749118,11.657844868957598,3,67,3,1,1,1,0,52,26,1
28778.662207243324,27268.227275529855,1510.4349317134693,0.1258695776427891,1,493,0,0,0,0,0,2054,1,0
31149.704261204628,32586.94703058279,-1437.242769378161,-0.11977023078151341,0,788,0,0,0,0,0,1500,1,0
17132.528627712556,16066.524417581895,1066.0042101306608,0.08883368417755506,0,240,1,0,0,0,0,1722,2,0
19455.455763254937,20619.157773975126,-1163.7020107201897,-0.09697516756001581,0,651,0,0,0,0,0,2126,2,0
107426.0015328615,22088.73308468808,85337.26844817342,7.111439037347785,1,55,4,0,2,1,0,69,23,1
41872.22962181106,45869.50341875108,-3997.273796940026,-0.33310614974500213,0,259,0,0,1,0,0,1683,3,0
28960.129602842386,28152.88023404696,807.2493687954266,0.06727078073295222,0,576,0,0,0,0,0,1768,1,0
23883.58825178499,27322.827937843016,-3439.2396860580266,-0.28660330717150223,0,580,0,0,0,0,0,1091,5,0
20926.025534465887,18921.960488442215,2004.065046023672,0.16700542050197267,1,241,1,0,0,0,0,1800,2,0
102105.95591734262,31598.25820530345,70507.69771203917,5.875641476003264,3,68,2,1,2,0,0,299,49,1
32365.903430231203,29368.43083662286,2997.4725936083414,0.24978938280069513,0,176,1,0,0,0,0,1502,1,0
18789.024033178597,19059.772397686273,-270.74836450767543,-0.022562363708972952,1,247,0,0,0,0,0,331,6,0
89303.99981665815,9251.238218693663,80052.76159796449,6.671063466497041,1,67,4,2,2,1,0,282,52,1
20669.540157342206,23172.982693598067,-2503.4425362558613,-0.2086202113546551,0,621,1,1,0,0,0,1134,4,0
26337.51799795873,22737.668625311057,3599.8493726476736,0.29998744772063946,0,662,0,0,0,0,0,2255,1,0
30771.51035415878,28151.927625633594,2619.582728525187,0.21829856071043227,0,356,0,0,0,0,0,868,2,0
44775.46813841302,43435.14712585582,1340.3210125572004,0.11169341771310004,0,172,0,0,0,0,0,1157,1,0
19933.20167555937,17233.449542647057,2699.752132912312,0.22497934440935932,0,268,0,0,0,0,0,2368,2,0
38591.700501914485,35999.208116792106,2592.4923851223793,0.21604103209353162,0,415,2,0,0,0,0,2274,1,0
12982.67075714382,14286.40855418054,-1303.7377970367197,-0.10864481641972665,0,775,3,0,0,0,0,1799,13,0
10079.454780642216,9239.025329089498,840.4294515527181,0.07003578762939318,1,130,0,0,0,0,0,1350,4,0
34495.1853254593,34129.12660169113,366.0587237681684,0.03050489364734737,0,765,0,0,0,0,0,250,4,0
17396.64892303981,17039.93983584138,356.7090871984328,0.02972575726653607,1,617,2,0,0,0,0,1600,2,0
9145.973072896155,9030.773938257618,115.19913463853663,0.009599927886544719,1,378,0,1,0,0,0,1954,1,0
17307.856575512713,18391.523746833944,-1083.6671713212309,-0.09030559761010257,0,663,1,1,0,0,0,348,2,0
40434.189912515045,46317.775093405544,-5883.585180890499,-0.4902987650742083,1,455,0,0,0,0,0,1884,5,0
30027.078775662565,26872.58058620824,3154.4981894543234,0.26287484912119363,0,638,0,0,0,0,0,1930,5,0
9642.499709648257,8420.792668095224,1221.7070415530325,0.10180892012941938,0,411,0,0,0,0,0,536,5,0
35253.86239549717,34381.570502221606,872.2918932755638,0.07269099110629698,0,675,0,0,0,0,0,437,1,0
18298.83875625937,21020.91780939509,-2722.0790531357197,-0.22683992109464332,0,243,0,0,1,0,0,1808,2,0
21431.041382519197,24299.63152190391,-2868.5901393847125,-0.23904917828205938,0,150,0,0,0,0,0,647,1,0
15781.223590738013,17725.213927138208,-1943.9903364001948,-0.16199919470001622,0,257,1,1,0,0,0,246,7,0
34614.17164101567,36867.31434968388,-2253.142708668209,-0.1877618923890174,0,516,1,0,0,0,0,1147,1,0
43020.91085255164,48231.764093890255,-5210.853241338613,-0.43423777011155107,0,577,0,0,0,0,0,1799,1,0
28417.64566393383,28090.778919257715,326.86674467611374,0.027238895389676145,0,652,0,0,0,0,0,182,7,0
20170.531435618628,18277.566079836826,1892.965355781802,0.15774711298181682,0,716,1,1,0,0,0,1086,6,0
33026.13114337182,30354.728200543435,2671.4029428283866,0.22261691190236554,1,477,0,1,0,0,0,278,8,0
20557.137989629635,22300.809093370757,-1743.6711037411224,-0.1453059253117602,0,391,0,0,1,0,0,917,2,0
25163.958199420173,24528.232831228994,635.7253681911789,0.052977114015931574,0,534,0,0,0,0,0,1518,3,0
27016.991961027587,28273.482253988703,-1256.4902929611162,-0.10470752441342634,0,229,0,0,0,0,0,242,1,0
39366.35146997237,40814.17261502991,-1447.82114505754,-0.12065176208812833,0,396,1,1,0,0,0,267,6,0
34163.73209026847,34445.73169608785,-281.9996058193792,-0.023499967151614936,0,196,0,0,0,0,0,1157,1,0
14266.051526107462,15693.830312631067,-1427.778786523606,-0.11898156554363383,0,437,1,0,0,0,0,914,4,0
100555.5620924002,11260.765154327772,89294.79693807242,7.441233078172702,4,41,8,3,2,0,0,115,44,1
32472.114254746455,34467.553577533676,-1995.4393227872206,-0.16628661023226837,0,482,1,1,0,0,0,1095,4,0
139769.66711778153,20717.764362719623,119051.9027550619,9.92099189625516,1,25,3,0,3,1,1,33,59,1
31177.10761917221,31016.397370830928,160.71024834128184,0.01339252069510682,0,775,1,0,0,0,0,2484,1,0
160434.92598232205,26423.16553066345,134011.7604516586,11.167646704304884,3,63,7,2,2,0,0,184,37,1
17941.308138377186,18271.117006389086,-329.8088680118999,-0.027484072334324993,0,138,2,1,0,0,0,1723,3,0
14398.91168341131,13130.598273177171,1268.3134102341392,0.10569278418617827,0,619,0,0,0,0,0,716,3,0
9860.303686129047,10443.461216368767,-583.1575302397196,-0.048596460853309965,0,691,2,0,0,0,0,198,2,0
37520.033799918834,37642.18812999406,-122.1543300752237,-0.010179527506268642,0,543,0,1,0,0,0,1524,6,0
27284.856546558527,27608.235907700775,-323.37936114224794,-0.02694828009518733,0,795,0,1,0,0,0,192,2,0
17248.51592622631,19184.092102209957,-1935.576175983646,-0.16129801466530383,0,412,1,0,1,0,0,915,2,0
41773.30082945707,44760.82249894406,-2987.5216694869887,-0.24896013912391574,0,698,2,0,0,0,0,2430,4,0
26669.76347421284,30051.716047352584,-3381.9525731397443,-0.2818293810949787,0,632,0,0,0,0,0,1827,1,0
22062.554128320997,24176.050371861507,-2113.4962435405105,-0.17612468696170921,0,508,0,0,1,0,0,2034,8,0
105861.18306970425,24078.435243246444,81782.74782645781,6.815228985538151,1,44,3,0,1,1,1,247,47,1
12184.200865648369,12825.167665106674,-640.9667994583051,-0.053413899954858755,0,315,1,0,1,0,0,1835,1,0
17859.148682764077,18257.60267156829,-398.4539888042127,-0.03320449906701772,0,183,2,1,0,0,0,671,3,0
30481.068152658147,33738.893740954685,-3257.8255882965386,-0.2714854656913782,0,540,0,0,0,0,0,750,1,0
22557.078561340324,19443.742836256475,3113.335725083849,0.2594446437569874,0,710,1,0,0,0,0,1827,1,0
198193.1218052495,10715.927355816093,187477.19444943342,15.623099537452784,3,44,4,3,2,1,0,209,18,1
18868.064682228087,20356.864785428093,-1488.8001032000066,-0.12406667526666722,0,730,0,0,0,0,0,897,2,0
9566.00498179567,8748.089239094483,817.9157427011869,0.0681596452250989,0,462,1,0,0,0,0,521,2,0
25676.460399693657,27147.10973676965,-1470.6493370759927,-0.12255411142299939,0,196,1,0,0,0,0,343,2,0
21301.23022334604,21070.037654061547,231.1925692844925,0.019266047440374374,0,619,0,0,0,0,0,574,7,0
17468.77803446064,16293.230051358885,1175.5479831017547,0.09796233192514622,0,553,0,0,0,0,0,1093,2,0
17008.112642916203,17638.303066120796,-630.1904232045927,-0.05251586860038272,0,210,0,0,1,0,0,1218,5,0
15038.240024978953,15929.251397567292,-891.0113725883384,-0.07425094771569486,0,237,1,0,0,0,0,1407,11,0
15176.044442908795,13802.919261834028,1373.1251810747672,0.11442709842289726,0,135,0,0,0,0,0,196,1,0
44680.64276677978,48211.05596073592,-3530.413193956134,-0.2942010994963445,1,527,1,0,0,0,0,1598,1,0
16866.2365514417,17312.069728508664,-445.8331770669647,-0.037152764755580395,0,237,0,0,0,0,0,2120,1,0
19875.63077936915,21453.14201268517,-1577.5112333160214,-0.1314592694430018,1,323,0,0,0,0,0,511,1,0
29222.628733910813,32564.50523236752,-3341.876498456706,-0.2784897082047255,1,578,1,0,0,0,0,1694,3,0
127925.38689695444,20878.20516235126,107047.18173460319,8.9205984778836,2,64,5,0,2,1,1,119,47,1
14695.067920510084,15489.542238326381,-794.4743178162971,-0.06620619315135809,0,162,0,1,0,0,0,1777,2,0
17347.161534240702,15242.961476175808,2104.2000580648946,0.17535000483874122,0,712,0,0,0,0,0,1780,6,0
18317.95689819196,19054.61632819492,-736.659430002961,-0.06138828583358009,0,272,1,0,0,0,0,943,1,0
32609.916226837147,37372.37289237322,-4762.456665536072,-0.3968713887946727,1,735,1,0,0,0,0,992,2,0
18332.274358205534,19446.659069865873,-1114.3847116603392,-0.0928653926383616,0,509,0,0,0,0,0,659,3,0
80217.62142612376,32211.508397095215,48006.11302902855,4.000509419085713,2,43,6,2,1,1,1,121,18,1
25449.834236425173,26682.42700969369,-1232.5927732685159,-0.10271606443904299,0,756,1,0,0,0,0,2225,1,0
157445.76062914205,40096.504430760586,117349.25619838147,9.779104683198456,1,25,3,3,1,0,0,114,44,1
26517.984227892626,28281.13558549449,-1763.1513576018624,-0.1469292798001552,1,513,1,0,0,0,0,226,4,0
35597.825673247586,34478.08654603187,1119.7391272157183,0.0933115939346432,0,289,1,1,0,0,0,2436,2,0
16461.81554963065,16462.271554015373,-0.45600438472320093,-3.800036539360008e-05,0,799,0,0,0,0,0,1997,2,0
14609.800623466419,14695.06093558532,-85.2603121189004,-0.007105026009908367,0,799,0,0,0,0,0,550,2,0
116709.51409017305,23591.88267822618,93117.63141194687,7.759802617662239,2,32,5,2,2,0,1,207,34,1
51565.77282180724,47191.82062585305,4373.952195954189,0.3644960163295157,0,148,2,0,0,0,0,1755,3,0
19893.49595083439,18452.249482319592,1441.246468514797,0.12010387237623309,1,582,1,0,0,0,0,1216,2,0
24062.493486770847,26209.991463352526,-2147.497976581679,-0.1789581647151399,0,148,2,0,0,0,0,1945,2,0
28342.37177065699,32380.075936511596,-4037.704165854604,-0.33647534715455035,0,359,0,0,0,0,0,1373,3,0
22316.518978804485,22961.428026379923,-644.9090475754383,-0.05374242063128653,0,198,0,0,0,0,0,2247,2,0
23412.53832673633,20689.234654953078,2723.303671783251,0.22694197264860425,0,784,0,0,0,0,0,1482,4,0
11722.21798867221,12628.313613150742,-906.095624478532,-0.07550796870654433,0,796,0,1,0,0,0,2152,5,0
62057.27404652954,53553.376225356435,8503.897821173108,0.7086581517644257,0,307,1,0,0,0,0,1453,1,0
22478.828436076154,23755.66290623347,-1276.834470157315,-0.10640287251310959,0,189,2,1,0,0,0,1249,1,0
16952.85993856972,14966.478445645862,1986.3814929238579,0.16553179107698815,0,207,0,1,0,0,0,864,3,0
30543.559119469723,31986.479938754244,-1442.9208192845217,-0.12024340160704347,0,538,0,0,0,0,0,480,3,0
151354.26632359548,27305.202807962436,124049.06351563305,10.337421959636087,2,38,5,2,2,0,0,269,18,1
28868.382019895857,29569.13801748362,-700.755997587763,-0.05839633313231358,0,317,0,0,0,0,0,2139,1,0
35395.68206960089,36610.56816421203,-1214.8860946111454,-0.10124050788426212,0,606,1,0,0,0,0,1457,1,0
14873.91951248998,14980.89662082701,-106.97710833703059,-0.008914759028085882,0,148,0,0,0,0,0,2132,4,0
17793.03320175012,19483.79098399663,-1690.75778224651,-0.14089648185387585,0,633,0,1,0,0,0,2217,8,0
12461.187461190182,13632.273539686488,-1171.086078496306,-0.09759050654135884,0,563,3,0,0,0,0,2194,3,0
30532.689154640455,33006.116063584035,-2473.42690894358,-0.20611890907863167,0,551,1,0,0,0,0,1187,1,0
30953.42743600977,26871.725153914696,4081.7022820950733,0.3401418568412561,0,141,1,0,0,0,0,292,7,0
43036.425024742966,37841.19688217495,5195.228142568019,0.43293567854733495,0,418,0,0,0,0,0,606,3,0
30248.64739728265,27568.24341807229,2680.4039792103613,0.22336699826753012,0,585,4,0,0,0,0,1175,3,0
162157.12627732512,26944.770412609112,135212.355864716,11.267696322059667,3,41,4,2,2,0,0,70,15,1
18880.174422457225,16114.001937151066,2766.1724853061587,0.23051437377551323,0,413,1,0,1,0,0,359,1,0
17697.87869132924,16389.384840626844,1308.4938507023944,0.10904115422519954,0,420,0,0,0,0,0,851,1,0
17737.55434560102,17060.742426983303,676.8119186177173,0.05640099321814311,0,695,0,0,0,0,0,1756,4,0
140481.78903093014,20894.619293118987,119587.16973781116,9.96559747815093,2,67,6,2,3,0,0,220,37,1
18658.791054324178,20564.987403465908,-1906.19634914173,-0.15884969576181082,0,196,0,0,0,0,0,1770,7,0
30124.127641937845,30438.787695439438,-314.6600535015932,-0.026221671125132767,0,499,1,0,0,0,0,780,9,0
29399.056357870166,25900.2788748979,3498.7774829722657,0.29156479024768883,0,383,1,0,0,0,0,206,1,0
47074.41593145306,43650.708616058226,3423.7073153948368,0.2853089429495697,0,396,1,0,0,0,0,1846,8,0
44875.998796311214,40043.6587945318,4832.340001779412,0.40269500014828435,0,220,0,0,0,0,0,716,1,0
21185.086204200223,18478.389603195392,2706.696601004831,0.22555805008373592,0,778,0,0,0,0,0,1124,11,0
15645.599573833668,16244.984434816703,-599.3848609830347,-0.049948738415252894,0,339,2,1,0,0,0,714,8,0
22682.604317033834,19774.800931089623,2907.803385944211,0.24231694882868426,0,175,0,0,0,0,0,719,3,0
19086.311150511938,20729.96693527743,-1643.6557847654913,-0.13697131539712426,0,129,0,0,0,0,0,2381,3,0
15036.732941197162,16846.505046920578,-1809.7721057234157,-0.15081434214361797,0,327,2,0,0,0,0,922,7,0
10652.056760096479,10304.798121920237,347.2586381762412,0.028938219848020103,0,462,1,0,0,0,0,1168,3,0
25775.754458482643,27124.659525390754,-1348.9050669081116,-0.11240875557567596,0,435,2,0,1,0,0,1471,3,0
25571.25241194142,25584.316643409507,-13.06423146808811,-0.0010886859556740092,0,748,1,0,0,0,0,396,6,0
31663.123274385478,35604.535261253906,-3941.4119868684284,-0.32845099890570234,0,328,0,0,0,0,0,1476,4,0
6747.302906787156,6841.455531364681,-94.15262457752488,-0.007846052048127073,0,649,0,0,0,0,0,2020,6,0
16690.783399410197,17707.080177732558,-1016.2967783223612,-0.0846913981935301,0,424,0,0,0,0,0,938,1,0
33089.31970604822,37867.85197731457,-4778.532271266347,-0.39821102260552893,0,256,0,0,0,0,0,1448,3,0
13434.391783372037,12411.76208149832,1022.6297018737168,0.08521914182280974,1,338,0,0,0,0,0,2217,2,0
24596.46097618808,22659.65969868832,1936.8012774997587,0.16140010645831324,1,534,2,0,0,0,0,1559,1,0
35595.0226683936,35638.53701593723,-43.51434754363436,-0.0036261956286361965,0,206,0,0,0,0,0,1318,7,0
19021.778140606617,16601.981337358662,2419.796803247955,0.20164973360399624,0,616,1,0,1,0,0,440,4,0
13474.96504686127,15356.294001381908,-1881.3289545206371,-0.15677741287671976,0,614,0,0,0,0,0,1683,1,0
18998.087161538835,21637.57496097293,-2639.487799434093,-0.21995731661950776,0,293,0,1,0,0,0,1497,3,0
29670.194446713907,29402.182761748227,268.0116849656806,0.022334307080473386,0,640,1,0,0,0,0,2392,3,0
36987.934241513365,36505.372156717356,482.562084796009,0.04021350706633409,1,793,0,0,1,0,0,1585,1,0
21238.1354461446,18130.72434712695,3107.4110990176487,0.25895092491813737,0,630,2,0,0,0,0,1454,2,0
18298.774070065112,16550.31318774958,1748.4608823155322,0.14570507352629436,0,555,0,0,0,0,0,735,1,0
16949.467841255464,16323.99808083243,625.4697604230332,0.05212248003525277,0,749,2,0,0,0,0,2449,1,0
35217.793366460915,37822.85361717996,-2605.0602507190415,-0.2170883542265868,1,339,0,0,0,0,0,1311,1,0
31330.946700453977,31060.592155235812,270.3545452181643,0.022529545434847024,0,536,1,0,0,0,0,524,4,0
118318.49930701955,28521.003760512245,89797.4955465073,7.483124628875609,1,35,5,0,1,1,0,73,14,1
23655.42717246224,24546.68974607882,-891.2625736165792,-0.07427188113471493,0,395,0,0,0,0,0,1706,2,0
13855.427611540003,12770.491879842319,1084.9357316976839,0.090411310974807,0,647,0,0,0,0,0,1098,7,0
84034.2308986885,16277.594517605052,67756.63638108346,5.646386365090288,3,6,7,1,1,0,0,43,44,1
26345.203520381587,28196.36246730975,-1851.1589469281644,-0.15426324557734702,0,501,1,0,0,0,0,1135,6,0
48746.20729604534,55109.95657101324,-6363.7492749679,-0.5303124395806583,0,742,3,0,0,0,0,904,6,0
51547.143745802256,53564.00432593494,-2016.8605801326848,-0.16807171501105708,0,443,0,0,0,0,0,1636,2,0
114118.63864065148,14227.472602433989,99891.16603821749,8.324263836518124,1,8,3,2,2,0,0,197,41,1
23270.290699679626,20280.36449489303,2989.926204786596,0.24916051706554965,0,124,0,0,0,0,0,2071,1,0
16757.106105486644,16986.214354717144,-229.1082492304995,-0.019092354102541623,0,401,0,0,1,0,0,595,2,0
19428.640765089407,18911.914200201714,516.7265648876928,0.0430605470739744,0,702,0,0,0,0,0,2448,1,0
34149.22850302095,31113.17742158236,3036.0510814385925,0.25300425678654936,0,656,2,0,0,0,0,2291,1,0
24409.913477921258,23744.079639127925,665.8338387933327,0.055486153232777724,0,230,0,0,0,0,0,2246,2,0
106603.80959606632,22678.23034925283,83925.57924681349,6.993798270567791,1,50,2,1,2,0,0,166,58,1
15010.470040054894,15822.231585839472,-811.7615457845786,-0.06764679548204822,0,746,0,0,0,0,0,2384,3,0
55673.80591375408,54320.82696120607,1352.9789525480082,0.11274824604566736,1,370,0,0,0,0,0,1816,2,0
28620.241516383405,29557.15908503218,-936.9175686487761,-0.07807646405406467,0,210,0,0,0,0,0,1416,10,0
42221.101868048914,41100.27857960907,1120.8232884398458,0.09340194070332049,0,752,1,0,0,0,0,1439,1,0
27283.942665049497,30262.258577479442,-2978.3159124299455,-0.24819299270249545,0,442,0,1,0,0,0,636,1,0
12377.801160029589,11151.334662722802,1226.4664973067866,0.1022055414422322,0,513,0,0,0,0,0,992,1,0
28588.75466651384,24447.72779161781,4141.02687489603,0.34508557290800246,1,474,0,0,0,0,0,352,7,0
127409.12029890346,15703.358428689331,111705.76187021413,9.30881348918451,3,48,2,1,2,0,0,247,21,1
26963.749198972288,26221.70768865414,742.0415103181476,0.0618367925265123,0,726,0,0,0,0,0,2311,4,0
100144.85280815205,8036.918948090599,92107.93386006146,7.6756611550051215,1,61,3,0,3,1,0,113,25,1
15029.752223585514,16548.984429183944,-1519.2322055984296,-0.12660268379986914,0,165,0,1,1,0,0,1794,3,0
13919.9583920188,14103.277648959503,-183.31925694070378,-0.015276604745058648,0,374,1,0,0,0,0,307,2,0
10151.552339349044,8689.363068539264,1462.1892708097803,0.12184910590081502,0,687,1,0,0,0,0,927,1,0
18592.924136032547,18178.831537557824,414.09259847472276,0.03450771653956023,0,709,2,0,0,0,0,652,2,0
24585.632490008244,21859.868563913205,2725.763926095038,0.22714699384125317,0,228,0,0,0,0,0,1601,2,0
16578.440030320606,17441.430033810353,-862.9900034897473,-0.07191583362414561,0,187,1,1,0,0,0,1708,1,0
147275.44621601462,21354.147748908814,125921.29846710581,10.493441538925484,2,47,2,2,4,0,1,253,46,1
44525.531544106154,40485.96942516861,4039.562118937545,0.33663017657812877,0,424,0,0,0,0,0,1044,2,0
30932.366013112627,35191.81857623564,-4259.45256312301,-0.35495438026025083,0,510,0,1,1,0,0,1418,2,0
36215.435540200204,38602.00296158672,-2386.567421386513,-0.19888061844887608,0,687,0,1,0,0,0,1328,1,0
23394.515999182793,22333.809030691293,1060.7069684915004,0.0883922473742917,0,635,1,0,0,0,0,541,1,0
151015.13316781446,16320.164321304093,134694.96884651037,11.224580737209198,3,5,6,2,2,1,0,271,23,1
164393.21795111947,27710.764552789627,136682.45339832985,11.390204449860821,2,37,5,2,4,0,1,59,27,1
16019.877722584864,14115.668203958445,1904.2095186264196,0.15868412655220163,0,632,3,0,0,0,0,216,1,0
32232.421169480993,31274.177614707438,958.2435547735549,0.07985362956446292,0,448,0,0,0,0,0,1660,1,0
33539.03906295824,31254.242947769653,2284.7961151885866,0.19039967626571555,0,238,0,0,0,0,0,2488,1,0
28819.606680053206,27517.94874684223,1301.657933210976,0.10847149443424799,1,724,0,0,0,0,0,1632,1,0
22184.992654705093,24858.783494320258,-2673.790839615165,-0.22281590330126377,1,452,0,0,0,0,0,1199,1,0
16326.186330183922,14703.175058087018,1623.0112720969046,0.13525093934140872,0,486,0,0,0,0,0,1688,1,0
21034.452029194035,19307.121242695015,1727.3307864990202,0.14394423220825167,0,561,2,0,0,0,0,1337,1,0
18249.12758420478,15703.275048453303,2545.8525357514773,0.21215437797928977,0,251,1,0,0,0,0,1422,2,0
80236.09628333399,17497.044958987135,62739.05132434685,5.228254277028904,2,37,2,2,2,0,0,79,39,1
27730.153590481234,25938.6918864899,1791.461703991332,0.149288475332611,0,188,1,1,0,0,0,2431,8,0
15312.560351081607,13401.105119025395,1911.4552320562125,0.15928793600468438,0,226,0,0,0,0,0,364,4,0
19108.250176290094,18558.04781037251,550.2023659175829,0.04585019715979858,0,625,0,0,0,0,0,711,7,0
32207.588314019464,29412.1023178046,2795.485996214862,0.2329571663512385,0,145,0,0,0,0,0,2232,2,0
29765.021325659818,27021.46907728509,2743.5522483747263,0.2286293540312272,0,432,0,0,0,0,0,1974,2,0
17143.32145944694,18410.654696177975,-1267.3332367310359,-0.10561110306091966,1,291,0,0,0,0,0,2282,1,0
19939.38679773715,16999.651839182152,2939.7349585549964,0.24497791321291637,0,693,0,0,0,0,0,1979,1,0
29359.5575951067,25733.166563095085,3626.3910320116156,0.30219925266763464,1,134,0,0,0,0,0,368,4,0
24051.01584296484,22320.179555073635,1730.8362878912048,0.14423635732426707,0,682,1,0,0,0,0,373,4,0
18058.792997965145,16975.430550916597,1083.3624470485483,0.09028020392071236,0,686,0,0,0,0,0,1469,4,0
103009.21059452034,31656.659107376872,71352.55148714347,5.946045957261956,3,39,4,0,1,0,0,253,28,1
11822.136073285072,10452.997877531487,1369.138195753585,0.11409484964613209,0,162,1,0,0,0,0,1639,6,0
31452.687595833035,33732.95292692746,-2280.2653310944224,-0.1900221109245352,0,625,2,0,0,0,0,1410,3,0
13514.47617807989,15392.45849518946,-1877.9823171095686,-0.1564985264257974,1,416,0,0,0,0,0,1425,2,0
31607.316781715694,33590.2698266925,-1982.9530449768063,-0.1652460870814005,0,516,0,0,0,0,0,1914,3,0
93872.9436475492,17962.121829855474,75910.82181769372,6.325901818141143,2,69,5,2,2,0,1,159,44,1
48287.47663902581,46394.561712861745,1892.9149261640632,0.15774291051367192,0,288,1,0,0,0,0,1323,3,0
39551.33279088071,34481.035712334175,5070.297078546537,0.4225247565455447,0,415,0,0,0,0,0,2029,3,0
32566.75808683561,29968.67530652091,2598.0827803147004,0.21650689835955836,0,539,0,0,0,0,0,2063,2,0
90804.33186266362,10987.587751157651,79816.74411150596,6.651395342625497,2,73,4,3,1,0,1,46,53,1
12793.35360600708,14103.297134832792,-1309.9435288257118,-0.10916196073547599,0,373,2,0,0,0,0,1314,2,0
31480.02946745945,35339.37620137016,-3859.346733910712,-0.32161222782589266,0,165,0,1,0,0,0,1987,3,0
27585.667636657417,24878.872255092694,2706.7953815647234,0.2255662817970603,0,571,1,0,0,0,0,818,1,0
37790.690428949376,38939.916212279015,-1149.225783329639,-0.09576881527746992,0,152,2,0,0,0,0,417,1,0
20165.82709603685,21743.611521734118,-1577.7844256972676,-0.1314820354747723,0,142,1,0,0,0,0,1431,4,0
143110.5902183049,21200.687497411207,121909.90272089367,10.159158560074474,4,34,3,0,2,0,0,139,48,1
21033.43115575473,19515.185137511657,1518.2460182430732,0.1265205015202561,0,370,2,0,0,0,0,1927,3,0
24035.94652730833,21243.194472383373,2792.7520549249566,0.23272933791041306,0,586,0,0,0,0,0,553,1,0
44159.436698449725,50670.84749265048,-6511.410794200754,-0.5426175661833962,0,294,1,0,0,0,0,450,2,0
19135.702616646155,21275.81850063578,-2140.115883989627,-0.17834299033246892,0,127,0,0,0,0,0,963,1,0
21403.22596638479,24279.287102776205,-2876.061136391414,-0.23967176136595117,0,617,0,0,0,0,0,1732,2,0
49915.92557232645,50270.74292977,-354.81735744354955,-0.029568113120295798,0,296,0,0,0,0,0,2213,5,0
61052.84089184225,22086.364478135878,38966.476413706376,3.2472063678088645,1,38,4,1,3,0,0,254,14,1
54905.511262065156,61925.9622712688,-7020.4510092036435,-0.5850375841003036,0,723,0,0,0,0,0,1549,1,0
18222.821096003503,19619.34781569153,-1396.5267196880268,-0.1163772266406689,0,330,1,0,0,0,0,1436,6,0
27501.269046930756,30757.81068438151,-3256.541637450755,-0.2713784697875629,0,232,1,0,0,0,0,240,1,0
32692.739816795754,29435.49047137322,3257.249345422533,0.27143744545187776,0,280,1,0,0,0,0,1896,3,0
22749.704567575573,23995.10802157227,-1245.403453996696,-0.10378362116639134,0,699,0,0,0,0,0,396,1,0
193643.714549042,24832.317551287655,168811.39699775435,14.06761641647953,3,18,6,1,1,0,0,85,45,1
129926.38696878222,9856.68936722463,120069.6976015576,10.005808133463132,2,65,3,1,3,1,0,203,46,1
106990.48744809795,18190.249206637964,88800.23824145999,7.400019853454999,3,16,3,2,3,0,0,184,31,1
20315.412531287886,23335.96115984257,-3020.548628554683,-0.2517123857128903,0,544,0,0,0,0,0,1001,4,0
102537.07754069421,15581.730500131425,86955.34704056279,7.246278920046899,1,49,6,2,1,0,1,168,22,1
37495.32379514227,40388.08756188621,-2892.7637667439412,-0.24106364722866178,0,316,0,0,0,0,0,907,1,0
31957.55789830513,32625.83484252063,-668.2769442155004,-0.0556897453512917,0,245,0,0,0,0,0,879,4,0
36221.51060475959,35445.252892814315,776.2577119452762,0.06468814266210636,1,745,0,0,0,0,0,2138,5,0
20452.082710751325,18837.174200929578,1614.9085098217474,0.13457570915181227,0,676,1,0,0,0,0,617,2,0
28444.853242268797,27156.258171015863,1288.5950712529338,0.10738292260441115,0,284,1,1,0,0,0,1822,3,0
27136.53794602119,24816.945798073415,2319.5921479477765,0.19329934566231471,0,785,1,1,0,0,0,1679,1,0
32700.612145672938,37073.38338437838,-4372.771238705442,-0.36439760322545345,0,669,1,0,0,0,0,1656,8,0
19355.659055096512,17865.384568248555,1490.2744868479567,0.12418954057066306,1,659,0,0,0,0,0,2101,12,0
23210.508223060082,20183.313820736057,3027.194402324025,0.25226620019366874,0,549,0,0,0,0,0,1595,2,0
30878.99351400431,30796.903584372365,82.08992963194396,0.0068408274693286635,0,737,2,0,0,0,0,669,2,0
30798.66963400989,35231.85936694923,-4433.189732939343,-0.36943247774494525,0,191,0,0,0,0,0,1259,2,0
14298.88964634144,12543.721737391686,1755.1679089497538,0.14626399241247948,0,380,0,0,0,0,0,875,9,0
7014.22437901824,6877.413712372914,136.8106666453259,0.011400888887110492,0,682,0,1,0,0,0,2349,3,0
26916.65255005581,29216.20398743085,-2299.551437375041,-0.1916292864479201,0,253,2,0,0,0,0,2226,11,0
58853.978393980164,60444.6848900524,-1590.7064960722346,-0.1325588746726862,0,405,2,0,0,0,0,1610,1,0
60457.9643676995,67741.67921169235,-7283.71484399285,-0.6069762369994042,0,720,1,0,0,0,0,259,1,0
53640.04672483357,58799.5582628241,-5159.511537990533,-0.4299592948325444,0,334,0,0,0,0,0,2245,1,0
33355.310211420496,34484.60200973682,-1129.2917983163206,-0.09410764985969339,1,589,1,1,0,0,0,871,2,0
25188.582557843092,26534.10910814219,-1345.5265502990987,-0.1121272125249249,0,302,0,1,0,0,0,1905,5,0
21598.968480548458,19315.56971881582,2283.3987617326384,0.19028323014438653,1,669,1,0,0,0,0,1608,3,0
29737.65187384747,25973.843712387286,3763.8081614601833,0.31365068012168196,0,550,1,0,0,0,0,900,9,0
17071.999683268557,18498.63683229637,-1426.6371490278143,-0.1188864290856512,0,519,1,0,0,0,0,741,2,0
21548.74461396688,22417.933525308723,-869.1889113418438,-0.07243240927848699,0,798,1,0,0,0,0,2030,4,0
14496.726897667624,14242.338667300008,254.38823036761642,0.02119901919730137,0,388,1,0,0,0,0,2441,1,0
90627.69594730769,35241.406702778884,55386.2892445288,4.615524103710733,2,14,2,0,1,0,0,295,44,1
24287.39925620326,24685.086024580483,-397.6867683772216,-0.03314056403143513,0,322,0,0,0,0,0,269,6,0
27360.804505059077,24078.038804278673,3282.7657007804046,0.273563808398367,0,753,4,0,0,0,0,954,1,0
15537.287344093542,17033.89437944089,-1496.6070353473497,-0.12471725294561248,0,603,1,0,0,0,0,685,6,0
129254.29910073908,16249.097750683892,113005.20135005518,9.417100112504599,4,52,2,2,2,1,1,51,23,1
165540.95353133584,25385.30782217154,140155.6457091643,11.679637142430359,3,23,2,3,4,1,0,163,14,1
29013.099770487013,25730.63524256161,3282.4645279254037,0.2735387106604503,0,765,0,0,0,0,0,1467,3,0
12862.81432672875,12406.97581140392,455.83851532483095,0.037986542943735914,0,493,1,0,0,0,0,1088,6,0
141162.59297935612,17948.32426365489,123214.26871570124,10.267855726308436,2,5,6,1,4,1,0,227,42,1
23396.857905233883,24481.897486550453,-1085.0395813165705,-0.09041996510971421,0,794,0,0,1,0,0,2127,3,0
18451.37477791833,17860.449931821382,590.9248460969466,0.04924373717474555,0,792,1,0,0,0,0,2474,2,0
13107.684704774607,14664.08669399538,-1556.4019892207725,-0.1297001657683977,0,448,1,0,0,0,0,1270,4,0
23842.687727209443,23123.117570163955,719.5701570454876,0.059964179753790633,0,150,2,0,0,0,0,409,3,0
76328.55582591961,14672.176675480965,61656.379150438646,5.1380315958698874,3,32,5,3,4,1,0,183,23,1
34756.43332113592,31491.860958256086,3264.5723628798332,0.27204769690665276,1,137,1,0,0,0,0,1737,9,0
90147.362758317,31354.1963631668,58793.1663951502,4.899430532929183,2,34,3,3,2,1,0,250,31,1
182383.45839540137,15826.595723210163,166556.8626721912,13.879738556015933,1,47,3,0,1,0,0,109,29,1
31416.44765433936,34181.20338308902,-2764.75572874966,-0.23039631072913835,0,430,0,0,0,0,0,1536,2,0
176434.57126697924,17006.44769278798,159428.12357419127,13.28567696451594,2,65,5,0,2,1,0,207,42,1
86691.98935507337,31481.504950994236,55210.484404079136,4.600873700339928,2,44,9,1,3,0,1,38,39,1
29028.616597972992,27155.47506339779,1873.141534575203,0.15609512788126692,0,478,1,0,0,0,0,2077,5,0
48999.77308394394,51950.518060497954,-2950.744976554015,-0.24589541471283458,0,660,0,0,0,0,0,1863,2,0
20097.051717812894,20632.404191371068,-535.3524735581741,-0.04461270612984784,1,748,0,0,0,0,0,1358,3,0
25459.557493350767,29214.316042263465,-3754.7585489126977,-0.3128965457427248,0,781,1,0,0,0,0,1020,1,0
24403.922351620768,23291.803012575776,1112.1193390449916,0.09267661158708264,1,617,1,1,0,0,0,798,1,0
24207.462822156293,22966.612767779592,1240.8500543767004,0.10340417119805836,0,431,2,0,1,0,0,1664,2,0
30619.02796202361,32298.517770335253,-1679.4898083116423,-0.1399574840259702,0,484,1,0,0,0,0,831,2,0
20857.267212864786,19453.967146039216,1403.30006682557,0.11694167223546416,0,637,0,0,1,0,0,652,5,0
47860.171183513456,51612.6429689003,-3752.4717853868424,-0.3127059821155702,0,699,0,0,0,0,0,1065,2,0
32989.22961643123,28654.15790760811,4335.071708823118,0.3612559757352598,0,750,2,0,0,0,0,1617,8,0
26137.574670361475,22992.850422048035,3144.7242483134396,0.26206035402612,1,162,2,0,0,0,0,1852,3,0
34198.07544562814,29408.9409096933,4789.134535934842,0.3990945446612368,1,460,1,0,0,0,0,1332,6,0
33662.98472038994,36783.730660382236,-3120.7459399922955,-0.26006216166602464,0,569,1,0,0,0,0,1616,1,0
30294.44881456968,30199.574836982192,94.87397758748921,0.007906164798957433,0,228,1,0,1,0,0,963,4,0
24755.68151673561,28430.511645868213,-3674.8301291326025,-0.30623584409438354,0,696,1,0,0,0,0,910,7,0
148856.13633796934,17068.586643766743,131787.5496942026,10.982295807850218,2,30,6,0,2,1,1,237,59,1
38572.28023285564,33150.45092303811,5421.8293098175345,0.45181910915146123,1,481,0,0,0,0,0,503,10,0
28413.383155715594,25125.596311110858,3287.786844604736,0.27398223705039465,0,531,1,0,0,0,0,1782,3,0
30976.027669925505,28118.767115806746,2857.2605541187586,0.23810504617656322,1,588,0,0,0,0,0,865,2,0
13404.166613925217,15359.924848907345,-1955.7582349821278,-0.1629798529151773,0,482,1,0,0,0,0,1392,2,0
18238.547226875635,18862.66111014068,-624.1138832650468,-0.052009490272087226,1,764,1,0,0,0,0,2494,2,0
19490.25827036635,17658.63952516137,1831.6187452049817,0.15263489543374847,0,260,0,0,0,0,0,1088,1,0
94239.81588925238,18376.12452789767,75863.69136135471,6.321974280112892,4,21,8,1,1,1,0,262,15,1
36047.04248570758,38521.68075275707,-2474.638267049493,-0.20621985558745776,0,428,1,1,0,0,0,2351,1,0
23695.092741208085,25428.59358295118,-1733.5008417430945,-0.1444584034785912,0,585,1,0,0,0,0,2017,3,0
17546.392913549345,17981.83196954938,-435.43905600003563,-0.03628658800000297,0,791,1,0,0,0,0,1745,5,0
24275.145153401183,24026.6014728138,248.54368058738328,0.02071197338228194,0,303,1,0,0,0,0,2156,5,0
14638.426851171824,15029.537013992056,-391.1101628202323,-0.03259251356835269,1,569,1,0,0,0,0,1215,3,0
32895.03831391972,30236.803218496607,2658.235095423115,0.22151959128525958,0,382,2,0,0,0,0,1847,2,0
22256.79817334407,21553.071277540384,703.7268958036839,0.058643907983640324,1,447,3,0,0,0,0,1618,9,0
23764.79192424466,26896.022605674654,-3131.2306814299955,-0.2609358901191663,0,715,2,1,0,0,0,405,2,0
16429.55833426428,15087.924325496793,1341.6340087674853,0.11180283406395711,0,197,1,0,0,0,0,1483,2,0
39858.023157475145,38888.76581942643,969.2573380487156,0.08077144483739297,0,727,0,0,0,0,0,273,1,0
34595.07564686061,35282.18391008563,-687.1082632250182,-0.05725902193541818,0,619,0,0,0,0,0,1408,6,0
16250.440890516556,18091.02534736877,-1840.5844568522134,-0.15338203807101777,0,634,0,0,0,0,0,388,7,0
35247.09715378096,36191.068286204776,-943.971132423816,-0.078664261035318,1,678,0,0,0,0,0,1023,1,0
19288.4474733807,16731.067469154666,2557.3800042260336,0.21311500035216946,0,581,0,0,0,0,0,328,1,0
225922.09349588837,25129.8817219177,200792.2117739707,16.732684314497558,2,6,5,1,4,0,0,133,24,1
21479.815793421967,21016.450264122643,463.3655292993244,0.03861379410827703,0,705,0,1,0,0,0,2118,6,0
28987.094306323084,33275.77076248629,-4288.676456163204,-0.35738970468026704,0,719,0,0,0,0,0,2472,1,0
186856.29234527473,12123.86523431765,174732.4271109571,14.561035592579758,2,21,12,1,2,0,1,79,40,1
35677.700496795675,40357.85177845575,-4680.151281660073,-0.3900126068050061,0,246,2,0,1,0,0,2387,7,0
21715.976888320372,24782.67346725947,-3066.696578939096,-0.2555580482449247,0,477,0,1,0,0,0,1046,4,0
21832.975610885955,23703.636701405103,-1870.6610905191483,-0.15588842420992902,0,298,3,0,0,0,0,1855,3,0
23610.34475389597,20704.142438775674,2906.2023151202957,0.24218352626002465,0,608,1,0,0,0,0,549,2,0
35558.48263542476,39711.202738442065,-4152.720103017302,-0.34606000858477515,0,657,0,0,0,0,0,2102,1,0
29196.52572721241,33015.03848573681,-3818.512758524401,-0.31820939654370006,0,716,0,0,0,0,0,1857,5,0
33857.622722778804,36552.87903243942,-2695.2563096606173,-0.2246046924717181,0,390,1,0,0,0,0,1043,1,0
74710.59919919283,15952.637435235616,58757.96176395722,4.896496813663101,2,62,4,0,1,1,0,165,14,1
18549.88015412204,20302.88710732157,-1753.0069531995323,-0.1460839127666277,1,130,0,0,0,0,0,2376,5,0
32527.53713155733,28532.362136170595,3995.174995386733,0.3329312496155611,1,284,0,0,0,0,0,1078,5,0
24898.78158634323,26436.829142363986,-1538.047556020756,-0.12817062966839635,0,556,0,1,0,0,0,1264,4,0
22354.695889227332,20697.114434700386,1657.581454526946,0.1381317878772455,0,134,2,0,0,0,0,2045,1,0
16526.45852019044,14622.87554695498,1903.5829732354614,0.15863191443628846,0,780,0,0,0,0,0,404,6,0
37413.1521381048,41846.97826870631,-4433.826130601512,-0.3694855108834593,0,233,1,1,0,0,0,896,2,0
29027.09129017334,26760.750394897117,2266.340895276222,0.1888617412730185,0,441,0,0,0,0,0,2235,2,0
39101.397743711335,35139.810199458625,3961.5875442527104,0.33013229535439254,0,191,0,0,0,0,0,925,1,0
43967.945487699915,43602.089894567885,365.85559313202975,0.030487966094335812,0,797,1,1,0,0,0,2439,2,0
30538.02900393871,32123.036086885226,-1585.0070829465149,-0.13208392357887624,0,248,0,0,0,0,0,1922,1,0
42711.99693609522,48760.55508014919,-6048.558144053975,-0.5040465120044979,1,276,0,1,0,0,0,509,1,0
36565.004574602994,33393.47865035961,3171.525924243382,0.26429382702028187,0,358,1,0,0,0,0,859,3,0
162249.36016353138,11213.317143357504,151036.04302017388,12.586336918347824,2,70,4,3,2,0,1,146,54,1
93296.51442111796,23870.315635915103,69426.19878520285,5.785516565433571,2,5,4,1,3,0,0,55,46,1
166799.47575505523,22725.2373175858,144074.23843746944,12.006186536455786,3,39,6,1,3,0,0,174,36,1
6543.568590015775,6206.5264709913945,337.04211902438055,0.02808684325203171,0,147,0,0,0,0,0,1067,5,0
55494.28635032327,54744.4528372073,749.8335131159765,0.06248612609299804,1,700,1,0,1,0,0,1466,5,0
29480.004013750633,26348.24808325515,3131.755930495485,0.2609796608746237,0,247,0,1,0,0,0,239,5,0
20820.150912362955,18045.896331106327,2774.2545812566277,0.23118788177138563,0,444,1,0,0,0,0,646,2,0
30500.02454853293,27908.355521174297,2591.669027358632,0.21597241894655267,1,224,0,0,0,0,0,2152,2,0
44478.92586650149,45263.76409598287,-784.8382294813782,-0.06540318579011485,0,227,0,0,0,0,0,299,1,0
105161.16468770677,15465.396184063246,89695.76850364353,7.474647375303627,2,30,4,2,2,1,1,131,23,1
27731.360636962647,29052.771344157096,-1321.410707194449,-0.11011755893287076,0,386,2,0,0,0,0,271,4,0
30281.029045310475,28111.034282042998,2169.9947632674775,0.18083289693895646,0,206,0,0,0,0,0,2486,2,0
104671.31691099104,11882.655531142887,92788.66137984816,7.7323884483206795,2,9,3,1,2,0,1,246,26,1
22470.819614879805,24313.2293505082,-1842.4097356283964,-0.1535341446356997,0,401,1,0,0,0,0,1414,2,0
26558.438214218746,24431.50647483101,2126.9317393877354,0.1772443116156446,0,647,0,0,0,0,0,498,2,0
15392.553038217204,14618.83582315294,773.7172150642637,0.06447643458868864,0,201,3,1,0,0,0,767,3,0
96602.69172145605,9961.042457379717,86641.64926407633,7.220137438673028,2,65,9,1,2,0,0,254,15,1
175897.6280435745,23213.299927834247,152684.32811574027,12.723694009645023,2,58,4,0,2,0,1,185,15,1
23105.19479721774,21521.224296546417,1583.970500671323,0.13199754172261025,0,310,1,0,0,0,0,1006,6,0
28135.96675362699,24536.968028274387,3598.998725352605,0.2999165604460504,0,166,0,0,0,0,0,435,1,0
23252.537079708072,20202.187353191704,3050.349726516368,0.25419581054303064,0,280,1,0,0,0,0,449,5,0
9149.84200556931,8933.923530527905,215.91847504140424,0.017993206253450352,0,328,0,0,0,0,0,796,7,0
34251.76369082043,37427.96279242905,-3176.1991016086176,-0.26468325846738483,0,573,0,0,0,0,0,1678,1,0
43621.86206848457,42573.72749637732,1048.134572107243,0.08734454767560358,0,612,0,0,0,0,0,1426,2,0
24203.69494318754,26581.569718085793,-2377.8747748982532,-0.1981562312415211,0,208,1,0,0,0,0,1849,7,0
24570.951014621798,21262.214254993636,3308.736759628162,0.27572806330234684,1,717,2,0,0,0,0,2474,2,0
31839.5358250166,32785.075386107055,-945.5395610904561,-0.07879496342420468,0,253,1,0,0,0,0,335,1,0
13226.561817792066,14806.92316957211,-1580.361351780044,-0.13169677931500368,0,536,2,0,0,0,0,1793,1,0
25210.89378476504,26488.720353321678,-1277.8265685566366,-0.10648554737971971,1,196,1,0,0,0,0,2264,2,0
27190.591871725377,28377.203648271465,-1186.6117765460876,-0.09888431471217397,0,737,1,0,0,0,0,242,4,0
31764.684381540723,35035.168105648336,-3270.483724107613,-0.2725403103423011,0,645,1,0,0,0,0,1875,1,0
11734.182614756339,13041.157844124558,-1306.9752293682195,-0.10891460244735163,0,798,1,0,0,0,0,2275,4,0
15932.724046480955,16092.07414192492,-159.35009544396598,-0.013279174620330498,0,369,0,0,0,0,0,1469,1,0
47905.797172523795,50452.326983433486,-2546.529810909691,-0.2122108175758076,0,301,1,0,1,0,0,908,1,0
27611.65060587145,25199.803467678154,2411.8471381932977,0.20098726151610816,0,230,0,0,0,0,0,1368,1,0
22838.573407246404,26149.536913335825,-3310.9635060894216,-0.2759136255074518,0,263,1,0,0,0,0,217,1,0
21456.300235865456,23178.211427317598,-1721.9111914521418,-0.1434925992876785,0,469,1,0,0,0,0,1029,2,0
56380.40842044041,53756.8449072761,2623.563513164314,0.21863029276369284,0,670,0,0,0,0,0,2087,3,0
132662.33114728786,15056.37972641608,117605.95142087177,9.800495951739315,1,54,3,1,2,1,0,68,54,1
22037.946887447113,18873.664734432794,3164.282153014319,0.26369017941785994,0,551,0,0,0,0,0,770,2,0
16843.308375787885,15307.091136825737,1536.2172389621483,0.12801810324684568,0,680,0,0,0,0,0,2408,5,0
24716.413008836047,22750.9331463329,1965.4798625031472,0.16378998854192894,0,391,2,0,0,0,0,1239,2,0
25811.728668133263,24414.40348006538,1397.3251880678836,0.11644376567232363,0,512,0,0,0,0,0,796,8,0
24747.55595436477,24134.727804574544,612.8281497902244,0.0510690124825187,0,606,1,0,0,0,0,2353,2,0
24217.91164865844,22564.200603876277,1653.7110447821615,0.1378092537318468,0,662,1,0,0,0,0,1926,2,0
35739.09990779997,39816.48014067009,-4077.3802328701204,-0.33978168607251,0,321,3,0,0,0,0,342,3,0
29736.592159846045,30846.584154106287,-1109.9919942602428,-0.09249933285502024,0,652,0,0,0,0,0,1318,1,0
35912.15545986378,39907.135946067814,-3994.980486204033,-0.3329150405170027,0,311,1,0,0,0,0,1382,2,0
24482.98798286145,21147.318109889562,3335.6698729718883,0.277972489414324,0,695,0,0,0,0,0,889,18,0
127860.87030992641,20577.533330087786,107283.33697983863,8.940278081653219,1,6,4,0,3,1,0,43,22,1
77439.98305299909,9950.65651416485,67489.32653883424,5.6241105449028534,2,40,5,2,2,1,0,256,32,1
157727.96149928952,14396.656051935886,143331.30544735363,11.944275453946137,2,39,4,2,3,0,0,109,36,1
85966.52848109198,16146.49329279867,69820.03518829332,5.8183362656911095,1,69,3,1,4,0,0,249,49,1
23679.61230779314,20545.35052473005,3134.2617830630916,0.2611884819219243,0,357,2,0,0,0,0,2324,8,0
35242.51789306101,38297.80300713229,-3055.2851140712737,-0.2546070928392728,0,326,2,0,0,0,0,1732,2,0
41361.95611558802,46133.01475520986,-4771.058639621835,-0.39758821996848626,0,770,2,0,0,0,0,797,6,0
156437.83929864445,34696.380089839746,121741.4592088047,10.145121600733725,1,38,9,1,2,0,0,268,50,1
147048.44552194903,12830.070631373259,134218.37489057577,11.184864574214647,2,70,4,0,2,0,1,259,24,1
22926.86359352369,21600.429557723925,1326.4340357997644,0.11053616964998036,0,547,3,0,0,0,0,939,1,0
138141.29432312516,22676.033342891245,115465.26098023391,9.62210508168616,2,12,4,1,3,1,0,79,35,1
16775.47291096907,14966.77063154695,1808.7022794221211,0.15072518995184342,0,592,0,0,1,0,0,698,2,0
14868.644465260253,13783.567672407939,1085.0767928523146,0.09042306607102622,0,376,0,0,0,0,0,1906,6,0
19798.213521234487,21757.98672098436,-1959.773199749874,-0.16331443331248952,0,645,1,1,0,0,0,1183,6,0
27780.542558758552,26349.33590156082,1431.2066571977339,0.11926722143314449,0,343,0,1,0,0,0,1416,12,0
23945.994130025054,21083.76879716803,2862.2253328570223,0.2385187777380852,0,796,0,0,0,0,0,1538,5,0
33550.36237061038,35155.64828097279,-1605.2859103624069,-0.1337738258635339,0,729,0,1,0,0,0,1126,1,0
19638.172769286968,16712.353167109286,2925.819602177682,0.24381830018147352,1,279,0,1,0,0,0,1339,4,0
15480.859186709326,15347.340104408335,133.5190823009907,0.011126590191749225,0,576,0,0,0,0,0,1365,2,0
38938.01199141276,44701.159258477324,-5763.147267064567,-0.4802622722553806,0,532,2,0,0,0,0,950,9,0
24205.713024183126,22290.987999276433,1914.7250249066929,0.1595604187422244,0,657,0,0,0,0,0,2002,2,0
21794.902143600615,22407.393867539646,-612.4917239390306,-0.05104097699491922,0,514,1,0,0,0,0,1746,2,0
106283.36386507633,13845.734205955072,92437.62965912126,7.703135804926772,1,47,3,0,2,1,1,165,54,1
22873.026019844012,24041.359741556633,-1168.333721712621,-0.09736114347605174,0,656,0,0,0,0,0,1150,5,0
43551.651130263686,37953.593604696056,5598.05752556763,0.46650479379730253,0,683,0,0,0,0,0,375,7,0
154354.01493916896,11602.858459113711,142751.15648005524,11.89592970667127,2,68,2,0,1,1,0,216,48,1
13127.301157113086,12396.674835314765,730.6263217983214,0.060885526816526786,0,397,0,0,0,0,0,2156,5,0
34509.994747535704,33100.748677243835,1409.2460702918688,0.1174371725243224,0,568,1,0,0,0,0,1905,2,0
31692.324318409654,32844.02408309901,-1151.6997646893542,-0.09597498039077952,0,365,0,0,0,0,0,1479,1,0
19611.618756002616,18959.275576729717,652.3431792728989,0.0543619316060749,0,351,1,0,0,0,0,1210,3,0
24590.962933860414,26198.23700935503,-1607.2740754946171,-0.1339395062912181,0,767,0,0,0,0,0,772,2,0
28122.909136968647,28760.543728623623,-637.6345916549762,-0.05313621597124802,1,440,0,0,0,0,0,273,6,0
29335.43667991653,32347.448990518475,-3012.0123106019455,-0.25100102588349543,0,196,1,0,0,0,0,847,2,0
35089.56028276052,32112.091789923743,2977.468492836775,0.2481223744030646,0,256,1,0,0,0,0,1715,2,0
24881.063824918547,23827.945362165086,1053.1184627534603,0.0877598718961217,0,704,1,0,0,0,0,1297,5,0
17355.73595113808,14910.776055157072,2444.9598959810064,0.2037466579984172,0,446,2,0,0,0,0,1211,5,0
17432.463449053874,19021.02255534463,-1588.5591062907552,-0.13237992552422959,0,318,1,0,0,0,0,367,2,0
10115.693017787362,10539.38901941615,-423.6960016287885,-0.035308000135732376,0,457,2,0,1,0,0,297,1,0
22664.742789590113,21071.953350212498,1592.789439377615,0.13273245328146793,1,772,0,0,0,0,0,579,4,0
13972.892178196355,14936.068664295735,-963.1764860993808,-0.0802647071749484,0,137,0,1,0,0,0,2428,4,0
10055.195034557062,10007.96448315839,47.230551398672105,0.003935879283222675,0,393,1,0,0,0,0,2485,3,0
177700.61368780123,17505.533943910996,160195.07974389024,13.34958997865752,3,22,5,2,2,0,1,277,15,1
40614.312542250445,44140.19900528579,-3525.886463035342,-0.29382387191961185,1,238,2,0,0,0,0,1228,7,0
18229.025877321983,17351.652902765607,877.372974556376,0.07311441454636466,0,322,1,0,0,0,0,1511,1,0
195837.16056125573,13013.74240240295,182823.4181588528,15.235284846571066,4,20,10,3,3,0,1,89,24,1
23784.16724553645,23102.86789428192,681.299351254529,0.05677494593787742,0,341,0,0,0,0,0,2464,1,0
14119.015720939322,13161.203521181142,957.8121997581802,0.07981768331318169,1,650,0,0,0,0,0,2154,3,0
12921.95572841723,12185.467656659197,736.4880717580327,0.061374005979836055,0,388,0,0,0,0,0,588,5,0
47589.53448888287,52566.27178688382,-4976.737298000953,-0.4147281081667461,0,209,0,0,0,0,0,1040,3,0
31981.620604541517,28607.256459145297,3374.364145396219,0.2811970121163516,0,373,1,0,0,0,0,1616,2,0
31523.148349377047,34780.17311196929,-3257.0247625922457,-0.2714187302160205,0,556,0,0,0,0,0,789,2,0
21547.964018407216,23373.776676185375,-1825.8126577781586,-0.15215105481484656,0,191,0,0,0,0,0,583,4,0
56602.75380000983,28385.35541867787,28217.398381331957,2.3514498651109963,1,49,3,2,1,0,0,190,46,1
130880.91652007154,21298.030814859267,109582.88570521228,9.131907142101023,2,19,8,0,2,1,0,282,22,1
21493.05496924355,19904.912697643857,1588.1422715996923,0.13234518929997435,0,795,0,0,0,0,0,1877,1,0
8818.48454457551,8937.19885375694,-118.71430918142869,-0.00989285909845239,1,151,1,0,0,0,0,588,2,0
93405.99367219055,23633.901356978353,69772.0923152122,5.814341026267683,3,19,4,0,2,1,0,141,51,1
41083.73475206515,39534.91271323092,1548.8220388342306,0.12906850323618588,0,282,1,0,0,0,0,1251,3,0
103628.81316376124,15356.41194960647,88272.40121415477,7.356033434512898,4,26,6,2,1,0,1,190,21,1
28496.293497961964,29772.15291317858,-1275.8594152166152,-0.10632161793471794,1,132,2,0,0,0,0,422,1,0
95198.55380344311,41354.09955833569,53844.454245107416,4.4870378537589515,2,27,4,0,2,1,0,191,56,1
136212.34930463473,17420.270981096954,118792.07832353777,9.899339860294814,1,30,2,2,1,0,0,263,40,1
17011.946079745296,18181.868717736903,-1169.9226379916072,-0.09749355316596726,0,156,0,0,0,0,0,424,7,0
17501.865235755304,19202.209152076444,-1700.3439163211406,-0.14169532636009505,0,628,1,0,0,0,0,270,1,0
30367.27908000381,34388.61604055475,-4021.3369605509397,-0.335111413379245,1,481,0,0,0,0,0,796,1,0
84003.2900273495,17734.911509917576,66268.37851743193,5.522364876452661,3,41,4,3,1,0,1,249,52,1
140414.69003122055,9649.170665194953,130765.5193660256,10.897126613835468,2,12,3,3,1,0,0,42,25,1
40646.93417573848,41620.42102954137,-973.4868538028895,-0.08112390448357412,0,556,1,0,0,0,0,1168,2,0
17256.707790955923,16943.45978203188,313.24800892404164,0.026104000743670138,0,121,0,0,0,0,0,1417,1,0
9173.422899708074,9379.152569070608,-205.72966936253397,-0.017144139113544496,0,195,0,0,0,0,0,1482,3,0
24400.296702356743,23448.71104828921,951.585654067534,0.07929880450562783,0,386,2,0,0,0,0,359,4,0
33389.12618003535,35904.81354297679,-2515.6873629414404,-0.20964061357845337,0,737,0,0,0,0,0,668,1,0
8420.188948541532,8515.60007427073,-95.41112572919701,-0.007950927144099751,1,740,0,0,0,0,0,1391,2,0
33428.588124713904,29527.997833014375,3900.590291699529,0.32504919097496077,0,666,1,0,1,0,0,1847,4,0
14042.812110543111,13724.46390033388,318.3482102092312,0.026529017517435933,0,383,0,0,0,0,0,1037,5,0
43177.76265675024,40160.4264260008,3017.336230749439,0.25144468589578656,0,786,2,0,1,0,0,1241,1,0
33926.999973488084,31198.948078527053,2728.0518949610305,0.2273376579134192,0,403,1,0,1,0,0,293,2,0
27139.191541275162,26236.796730677754,902.3948105974087,0.07519956754978406,0,588,1,0,0,0,0,473,2,0
20277.38204571864,19418.198348910366,859.1836968082753,0.07159864140068961,0,674,1,0,0,0,0,884,1,0
15873.777548162463,16028.617691019204,-154.8401428567413,-0.012903345238061775,0,435,1,0,1,0,0,1588,5,0
154373.47478178973,16976.151568419773,137397.32321336996,11.449776934447497,3,14,6,2,4,0,0,133,17,1
20964.71053547583,18135.380433789873,2829.3301016859587,0.2357775084738299,0,791,1,0,0,0,0,979,6,0
137628.47957289318,16710.18261645823,120918.29695643495,10.076524746369579,3,69,2,1,3,0,1,278,25,1
25574.653687826227,29409.356729611038,-3834.703041784811,-0.3195585868154009,0,656,1,0,0,0,0,1447,5,0
43894.768525583124,50257.964690191344,-6363.19616460822,-0.530266347050685,0,470,0,0,0,0,0,1287,2,0
29350.18087006575,24986.410145670015,4363.770724395734,0.36364756036631113,1,261,2,0,0,0,0,457,1,0
16913.692793559392,17303.18561119074,-389.49281763134786,-0.03245773480261232,0,545,0,0,0,0,0,1524,1,0
18777.981288784773,19115.089780737744,-337.10849195297124,-0.02809237432941427,0,300,2,0,0,0,0,1209,3,0
30375.343344532786,27947.55529723122,2427.788047301565,0.20231567060846373,0,768,1,0,0,0,0,2343,2,0
16013.359554360492,14252.206596358566,1761.152958001925,0.1467627465001604,0,229,1,1,0,0,0,556,4,0
29751.26149954534,27370.45537194606,2380.8061275992804,0.19840051063327338,0,793,1,0,0,0,0,490,3,0
29834.780616369637,31515.430812720402,-1680.6501963507653,-0.14005418302923045,0,489,0,0,0,0,0,1106,7,0
16540.21472060094,15310.70642685395,1229.5082937469888,0.10245902447891574,1,708,0,0,0,0,0,694,3,0
44062.296671695214,43429.6377260405,632.6589456547154,0.05272157880455961,0,365,1,0,0,0,0,1083,6,0
14010.529581435767,14821.357393808048,-810.8278123722812,-0.06756898436435677,0,483,0,0,0,0,0,1223,12,0
20623.78577921102,23303.397595030096,-2679.6118158190766,-0.2233009846515897,0,292,0,0,0,0,0,362,5,0
12932.556302404939,12574.059377359536,358.49692504540326,0.029874743753783604,0,728,1,0,0,0,0,905,3,0
21870.219646125763,20079.25752393171,1790.9621221940542,0.14924684351617118,0,570,0,0,1,0,0,777,6,0
123137.93052571116,27446.60319893425,95691.32732677691,7.974277277231409,1,67,5,1,4,0,1,197,59,1
20726.472621344015,17895.195187880076,2831.27743346394,0.23593978612199498,0,564,3,0,0,0,0,982,6,0
13131.857747446353,12436.397193017348,695.4605544290043,0.05795504620241703,0,146,1,0,0,0,0,708,1,0
28845.375758863724,29160.622940912595,-315.24718204887176,-0.026270598504072647,0,583,1,1,0,0,0,877,4,0
154344.38829281367,31918.374958883185,122426.01333393049,10.20216777782754,3,56,4,3,4,0,0,24,20,1
37233.04424920022,39659.00297184638,-2425.958722646159,-0.20216322688717991,0,247,0,0,0,0,0,2364,4,0
43294.05083989441,48998.71519401133,-5704.664354116925,-0.47538869617641044,0,222,2,0,0,0,0,1302,9,0
112982.19324493874,16115.382638102852,96866.81060683589,8.072234217236325,1,38,4,1,2,0,0,62,15,1
117352.15631557947,27693.188014565916,89658.96830101355,7.471580691751129,2,59,4,3,2,0,0,262,49,1
17811.34370659431,19043.225921176796,-1231.8822145824852,-0.1026568512152071,0,440,0,0,0,0,0,774,5,0
27605.43233855901,25036.16900719233,2569.263331366681,0.2141052776138901,0,247,0,0,0,0,0,1103,4,0
150550.55717834953,21782.566902221108,128767.99027612842,10.730665856344034,2,44,7,3,3,0,0,216,16,1
13238.095639062389,12428.93989201205,809.1557470503394,0.06742964558752829,0,526,0,1,0,0,0,2124,4,0
59387.54837902259,55460.74338395444,3926.8049950681525,0.3272337495890127,0,352,0,1,1,0,0,1500,3,0
24512.118024775868,20999.630455677634,3512.4875690982335,0.2927072974248528,0,669,0,0,0,0,0,629,2,0
32618.2093017821,37176.19498779002,-4557.98568600792,-0.37983214050066,0,202,1,0,0,0,0,488,1,0
13961.003668318863,14743.467172855333,-782.4635045364703,-0.06520529204470586,0,496,1,1,0,0,0,222,1,0
17476.741410661147,14965.46373475777,2511.277675903377,0.20927313965861474,0,691,0,0,0,0,0,1933,3,0
30764.887058958855,29695.74739373177,1069.139665227085,0.08909497210225709,0,145,0,0,0,0,0,2394,1,0
138353.50544453086,20839.1778570504,117514.32758748047,9.792860632290038,4,56,3,0,1,0,0,272,32,1
46012.655063297134,51276.38624509735,-5263.731181800213,-0.4386442651500177,0,480,1,0,0,0,0,1536,1,0
16477.85701729031,16456.409491499202,21.447525791107182,0.0017872938159255985,0,671,0,0,1,0,0,1275,3,0
47348.126548425455,48238.272946695,-890.1463982695423,-0.07417886652246186,0,464,0,0,0,0,0,2256,1,0
26564.44273319268,22921.161192884338,3643.281540308344,0.3036067950256953,0,138,0,0,0,0,0,361,1,0
29375.11668544848,25006.58232344752,4368.534362000959,0.3640445301667466,0,291,1,0,0,0,0,1212,3,0
26334.19112281946,25292.412549584424,1041.7785732350349,0.08681488110291957,0,467,0,0,0,0,0,561,7,0
33085.38992843648,34670.82393705061,-1585.434008614131,-0.13211950071784426,0,236,1,0,0,0,0,1102,4,0
21480.74237615663,20235.964270774464,1244.7781053821673,0.10373150878184727,0,210,2,0,0,0,0,1535,4,0
53094.973270346556,54156.88527280667,-1061.9120024601143,-0.08849266687167619,0,237,0,0,0,0,0,1269,2,0
24620.703680153598,25695.327516077767,-1074.6238359241688,-0.08955198632701407,0,237,1,0,0,0,0,2040,2,0
47943.9183238357,51329.91956719364,-3386.0012433579395,-0.2821667702798283,0,715,0,0,0,0,0,845,2,0
36533.710604454245,41500.5877150576,-4966.877110603353,-0.4139064258836127,0,773,1,0,0,0,0,397,3,0
42444.721312198846,43370.06610754147,-925.3447953426221,-0.07711206627855184,0,646,1,0,0,0,0,1867,1,0
19187.50531756715,20187.65775227392,-1000.1524347067716,-0.0833460362255643,0,563,0,0,0,0,0,1625,2,0
21132.30483434352,22170.535411178294,-1038.230576834776,-0.08651921473623134,0,759,1,0,0,0,0,882,4,0
44339.14372085649,45147.13411031401,-807.9903894575182,-0.06733253245479318,0,459,2,1,0,0,0,616,4,0
114489.68807183893,22840.944803723018,91648.74326811591,7.637395272342992,2,31,1,2,3,0,0,164,17,1
29775.842887619856,27758.593766023107,2017.2491215967493,0.16810409346639577,0,736,1,0,0,0,0,1772,4,0
21790.954116462875,23550.995557390335,-1760.04144092746,-0.14667012007728833,0,196,1,0,0,0,0,2274,7,0
15304.708355612558,15793.499917676927,-488.7915620643689,-0.04073263017203074,0,636,0,0,1,0,0,317,3,0
29154.161488160942,25417.435085082525,3736.726403078417,0.3113938669232014,0,195,1,0,0,0,0,2097,1,0
22301.84450552594,20206.368822843404,2095.475682682536,0.174622973556878,0,616,0,0,0,0,0,303,1,0
20997.906838491508,23450.282135310383,-2452.3752968188746,-0.20436460806823956,1,535,0,0,0,0,0,2325,2,0
24239.168384747085,23894.229288155384,344.93909659170095,0.02874492471597508,1,160,0,0,0,0,0,582,1,0
111834.78857021485,17236.370325203487,94598.41824501136,7.883201520417614,1,60,6,3,1,1,0,128,36,1
23001.76826762274,24820.778182763464,-1819.009915140723,-0.15158415959506025,0,569,0,0,0,0,0,789,4,0
51028.389391321456,50107.13414438316,921.2552469382936,0.07677127057819114,0,753,1,0,0,0,0,2367,2,0
44890.47386587965,50908.50063452152,-6018.026768641874,-0.5015022307201561,0,515,1,0,0,0,0,2450,5,0
20741.48503011713,18849.066273990138,1892.41875612699,0.1577015630105825,0,745,3,0,0,0,0,2281,5,0
39586.22220867844,33769.824791531304,5816.397417147135,0.4846997847622612,0,518,1,0,0,0,0,1228,1,0
19093.3642991976,21943.91006046416,-2850.5457612665596,-0.23754548010554663,0,465,1,0,1,0,0,542,5,0
75544.98291897423,25316.449624834855,50228.53329413937,4.185711107844948,2,68,6,3,2,1,0,245,46,1
12858.55803562542,14292.171930196779,-1433.6138945713592,-0.11946782454761326,0,650,1,1,0,0,0,968,8,0
13478.487648155115,11810.442336605654,1668.0453115494602,0.139003775962455,0,363,1,0,0,0,0,509,4,0
21590.397878783526,24727.793458128446,-3137.3955793449204,-0.2614496316120767,0,465,0,0,0,0,0,1741,4,0
24119.05073515203,22890.536455625526,1228.514279526502,0.10237618996054183,0,442,0,0,0,0,0,1206,2,0
19172.777453777053,16912.368379017564,2260.409074759489,0.1883674228966241,0,705,1,0,0,0,0,737,3,0
30149.723078910283,34381.04499388458,-4231.3219149742945,-0.3526101595811912,0,624,1,0,0,0,0,1383,7,0
23461.068263519035,20606.72702232702,2854.3412411920144,0.23786177009933454,0,390,1,0,0,0,0,877,4,0
10536.939352459362,11461.561097139349,-924.6217446799874,-0.07705181205666561,0,526,1,0,0,0,0,1239,7,0
28227.820279038533,27035.740860013957,1192.079419024576,0.09933995158538134,0,144,0,0,0,0,0,423,5,0
26902.651904930197,25215.52013169953,1687.131773230667,0.1405943144358889,1,348,0,0,0,0,0,1109,1,0
19407.601748841797,16947.614226781003,2459.9875220607937,0.2049989601717328,0,194,1,0,0,0,0,215,1,0
28678.98277381428,25209.024170518675,3469.9586032956067,0.28916321694130054,1,293,0,0,0,0,0,241,3,0
30150.36060135719,34010.024449135344,-3859.6638477781526,-0.3216386539815127,0,452,0,0,0,0,0,2127,1,0
42502.02232083318,40422.74104077124,2079.281280061943,0.17327344000516193,0,230,0,0,0,0,0,1369,3,0
78718.36272403339,19642.683908256156,59075.67881577723,4.9229732346481025,2,11,3,1,3,1,0,287,55,1
139193.63958481437,25861.642675417064,113331.9969093973,9.444333075783108,2,35,5,3,2,0,0,261,17,1
35495.813737352524,39202.58474212781,-3706.7710047752844,-0.3088975837312737,0,456,2,0,0,0,0,1200,1,0
19367.63373302964,19829.00348679756,-461.36975376791816,-0.038447479480659845,0,304,1,0,0,0,0,593,2,0
23196.019219015227,24005.72027455231,-809.7010555370834,-0.06747508796142362,0,166,2,0,0,0,0,1625,2,0
28725.16482548357,31056.12024743028,-2330.95542194671,-0.19424628516222583,0,272,1,0,0,0,0,528,5,0
44103.38623108075,39846.635114428296,4256.751116652456,0.354729259721038,0,539,0,0,0,0,0,1904,2,0
22416.95916850441,19941.654948338073,2475.3042201663375,0.20627535168052813,0,395,1,1,0,0,0,1073,3,0
27818.51852360516,28181.83709696942,-363.3185733642604,-0.03027654778035503,0,778,0,0,0,0,0,2160,14,0
114249.75808662163,19791.904366562776,94457.85372005886,7.871487810004905,4,53,4,1,4,0,0,17,35,1
193092.80962361256,15504.804732548133,177588.00489106443,14.799000407588702,3,5,2,3,1,0,1,199,58,1
26439.37790232392,29773.121208160483,-3333.743305836564,-0.277811942153047,0,629,2,0,1,0,0,2149,2,0
26726.92996735411,25799.55115744155,927.3788099125595,0.0772815674927133,0,414,1,1,0,0,0,318,4,0
24122.65013324532,21570.042980117232,2552.607153128087,0.2127172627606739,1,652,0,0,0,0,0,1597,1,0
43775.405860636965,43296.750995344126,478.65486529283953,0.03988790544106996,0,562,3,0,0,0,0,679,1,0
9961.348725889027,8556.14345935624,1405.2052665327865,0.11710043887773221,0,320,0,0,0,0,0,2340,4,0
28924.705300739635,28762.230752175565,162.47454856407057,0.013539545713672548,0,407,1,0,0,0,0,1392,2,0
18288.67373399644,20593.051204419215,-2304.3774704227762,-0.19203145586856468,0,561,0,0,1,0,0,554,1,0
51834.16848777347,50803.62046257006,1030.5480252034104,0.0858790021002842,1,713,1,0,0,0,0,2106,5,0
15044.435015853453,16458.657021294548,-1414.2220054410955,-0.11785183378675795,0,571,0,0,0,0,0,2044,4,0
12424.774493378232,13007.793869560088,-583.0193761818555,-0.04858494801515462,0,268,2,0,0,0,0,1232,2,0
40653.053658419754,46368.22843252021,-5715.174774100458,-0.4762645645083715,0,281,1,0,0,0,0,2333,1,0
148389.17168670864,38764.29613758622,109624.87554912241,9.135406295760202,2,35,7,2,2,1,0,101,31,1
21992.684715185922,20274.681055044526,1718.0036601413958,0.14316697167844966,0,451,0,0,0,0,0,1821,3,0
20466.511947139446,18482.467068067403,1984.0448790720438,0.16533707325600366,0,454,2,0,0,0,0,657,6,0
121289.76123867457,28587.3230201473,92702.43821852727,7.725203184877272,2,42,6,0,2,1,1,63,55,1
162938.2398928482,14031.519402622283,148906.72049022594,12.408893374185496,1,61,2,3,4,1,1,196,52,1
21260.03278252025,23750.149437930904,-2490.116655410653,-0.2075097212842211,0,352,1,0,0,0,0,2140,3,0
24843.113684395023,26011.68906901165,-1168.5753846166263,-0.09738128205138552,0,355,0,0,1,0,0,1344,1,0
11421.255693114826,12513.69731270529,-1092.4416195904632,-0.0910368016325386,1,788,1,0,0,0,0,1609,7,0
22960.374418599746,24255.229474269017,-1294.8550556692717,-0.1079045879724393,0,550,0,0,0,0,0,1502,1,0
8891.336357285829,8840.792117526013,50.544239759816264,0.004212019979984689,0,550,1,0,0,0,0,373,3,0
44166.86427776824,37859.78234051356,6307.081937254683,0.5255901614378903,0,596,1,0,0,0,0,1611,7,0
20383.609227243134,22745.83967939095,-2362.2304521478145,-0.19685253767898453,0,450,1,0,0,0,0,2275,2,0
23904.442828638035,24320.01254162165,-415.5697129836153,-0.03463080941530128,0,633,1,0,0,0,0,844,9,0
27467.478059391127,25299.699601797514,2167.778457593613,0.18064820479946775,0,698,1,0,0,0,0,1816,1,0
30549.44538086673,28855.667645327296,1693.7777355394355,0.1411481446282863,0,469,0,0,0,0,0,2172,3,0
27193.4387107788,26342.310571765163,851.1281390136355,0.07092734491780296,0,681,1,0,0,0,0,1106,4,0
7909.664942059008,6922.424054887891,987.2408871711177,0.08227007393092647,0,701,1,0,0,0,0,2031,4,0
26113.44051416607,25717.50220846577,395.9383057003033,0.03299485880835861,0,155,0,0,0,0,0,425,3,0
19286.118338443233,17298.729546446793,1987.38879199644,0.16561573266637,0,797,0,0,1,0,0,1432,4,0
114807.81032299993,33224.19404140592,81583.616281594,6.798634690132833,3,6,4,1,4,0,1,273,43,1
34977.0700560878,31822.31457541116,3154.755480676642,0.2628962900563868,0,171,0,0,0,0,0,745,1,0
15070.676081669,14753.661809656864,317.01427201213664,0.026417856001011385,0,423,1,0,0,0,0,291,1,0
28119.837712739078,24388.475436196313,3731.3622765427644,0.31094685637856373,0,653,0,0,0,0,0,2438,3,0
15586.099435476077,16124.162791446333,-538.0633559702565,-0.04483861299752137,0,403,0,0,0,0,0,740,2,0
23206.137068673084,22481.69551054603,724.441558127055,0.060370129843921254,0,781,0,0,1,0,0,1658,7,0
16077.407516413405,14007.801057992756,2069.606458420649,0.1724672048683874,0,506,0,0,0,0,0,1219,1,0
26918.225314211606,23472.55615030748,3445.6691639041273,0.2871390969920106,0,500,3,0,0,0,0,526,7,0
39402.79717805273,45219.1048338817,-5816.307655828969,-0.48469230465241403,0,712,0,0,0,0,0,515,1,0
140360.81431047354,22898.492447379325,117462.32186309421,9.788526821924517,2,19,7,1,1,1,0,298,31,1
42109.367914690425,41651.815069276665,457.5528454137602,0.03812940378448002,0,400,1,0,0,0,0,2207,14,0
23863.2403417986,23621.197142688783,242.04319910981576,0.020170266592484647,0,267,1,0,0,0,0,1169,4,0
19793.663375971973,19144.928123555514,648.7352524164598,0.05406127103470499,0,233,1,0,0,0,0,421,1,0
133846.12255864855,27923.756258375448,105922.3663002731,8.826863858356091,1,49,7,0,2,0,0,37,38,1
21104.722541270676,23323.015367962194,-2218.2928266915187,-0.18485773555762655,0,689,0,0,0,0,0,937,8,0
23539.598789613017,26067.71796309307,-2528.1191734800523,-0.21067659779000436,0,775,1,0,0,0,0,2278,4,0
30958.479501536418,27149.45604394464,3809.0234575917784,0.31741862146598154,1,690,0,0,0,0,0,404,3,0
31485.372492320155,31351.09475587003,134.27773645012348,0.011189811370843624,0,599,0,0,0,0,0,940,3,0
55338.45157106014,53536.12280988242,1802.3287611777196,0.15019406343147662,0,340,0,0,0,0,0,603,8,0
18576.298947617004,18631.429180858588,-55.13023324158348,-0.00459418610346529,0,170,3,0,0,0,0,524,3,0
31323.440765724517,28804.10696623594,2519.333799488577,0.20994448329071475,0,570,1,0,0,0,0,387,3,0
154513.3337840776,23249.351442848125,131263.98234122948,10.938665195102457,2,60,4,0,3,1,1,79,54,1
138776.89929079186,19898.91114042997,118877.9881503619,9.906499012530158,2,13,5,3,3,0,0,138,59,1
39498.65328875777,43568.28379165298,-4069.630502895212,-0.33913587524126765,0,151,1,0,0,0,0,1746,2,0
146907.48009719024,13124.625746287362,133782.8543509029,11.148571195908575,3,57,6,2,2,1,0,37,59,1
28050.36677137993,31268.275687070298,-3217.9089156903683,-0.2681590763075307,0,151,0,0,0,0,0,1359,1,0
18347.54237959717,19006.20530754551,-658.6629279483423,-0.05488857732902852,0,374,1,0,0,0,0,663,1,0
27300.999607307687,30163.654107549708,-2862.6545002420207,-0.23855454168683507,0,161,2,0,0,0,0,362,4,0
15759.554277966832,13486.54605861718,2273.008219349653,0.18941735161247106,0,400,1,0,0,0,0,1703,1,0
16317.619655832714,17769.468148733664,-1451.84849290095,-0.1209873744084125,0,702,1,0,0,0,0,1807,4,0
38725.50807574152,37011.10302223564,1714.4050535058777,0.14286708779215648,0,729,1,0,0,0,0,2148,2,0
29309.942445740937,32563.76809054946,-3253.825644808523,-0.2711521370673769,0,491,0,0,0,0,0,322,1,0
42814.51356242297,45630.87588894773,-2816.362326524759,-0.2346968605437299,0,587,1,0,0,0,0,1323,4,0
81519.4257212976,22411.334102167013,59108.09161913058,4.925674301594215,2,22,2,0,3,1,0,49,36,1
28533.527088306633,28923.5451147735,-390.018026466867,-0.03250150220557225,0,286,0,0,0,0,0,538,2,0
28473.096138076708,31285.839505970962,-2812.7433678942543,-0.23439528065785453,1,211,2,0,0,0,0,1617,2,0
38640.554343189164,43378.18885698789,-4737.634513798723,-0.39480287614989357,0,634,0,0,0,0,0,836,5,0
99241.627448724,14804.090653675614,84437.53679504839,7.036461399587366,3,13,6,1,1,1,0,60,53,1
30512.356722273827,34033.6264996727,-3521.2697773988693,-0.29343914811657246,1,279,0,0,0,0,0,2462,6,0
23805.223115461627,23931.919205637612,-126.69609017598486,-0.010558007514665405,0,376,1,0,0,0,0,1700,3,0
169056.1378791233,17730.43515588944,151325.70272323384,12.610475226936154,2,22,5,1,3,0,0,211,30,1
25458.75104155986,25424.451820666534,34.29922089332467,0.0028582684077770562,0,340,0,0,0,0,0,1460,9,0
23331.29509617683,20601.682257875,2729.6128383018295,0.22746773652515245,0,525,1,0,0,0,0,2192,1,0
11635.267364673606,11799.422881867646,-164.15551719403993,-0.013679626432836661,0,436,0,0,0,0,0,809,11,0
133475.51368261577,31661.016992440775,101814.496690175,8.484541390847916,1,21,2,2,2,0,1,84,43,1
20219.275107783502,20487.684253031955,-268.40914524845357,-0.022367428770704464,0,276,0,0,0,0,0,509,6,0
14432.732204517115,13993.945195118598,438.7870093985166,0.03656558411654305,0,337,0,0,0,0,0,1916,2,0
24624.836293394044,27500.135702493713,-2875.299409099669,-0.2396082840916391,1,667,1,0,0,0,0,1087,4,0
30403.337416432056,32899.17759071523,-2495.8401742831775,-0.20798668119026478,0,514,1,0,0,0,0,1912,1,0
35020.03876549978,31177.95842043733,3842.0803450624517,0.32017336208853764,0,550,1,0,0,0,0,1578,2,0
33194.53177895027,31398.521995058585,1796.0097838916881,0.14966748199097402,1,758,1,0,0,0,0,300,1,0
164836.64440335246,18995.28215800481,145841.36224534764,12.15344685377897,3,16,5,2,3,1,0,29,22,1
25469.348170258912,26470.796151466602,-1001.4479812076897,-0.08345399843397415,0,190,1,0,0,0,0,2327,6,0
30314.62881234022,33872.6213979387,-3557.992585598484,-0.296499382133207,0,391,0,0,0,0,0,1278,5,0
25462.4430204144,27339.671791489112,-1877.2287710747114,-0.15643573092289262,0,580,0,0,0,0,0,1797,4,0
16898.139744644126,17509.307584151753,-611.1678395076269,-0.050930653292302244,0,143,0,0,0,0,0,1604,3,0
33819.512999907456,38464.480971900855,-4644.967971993399,-0.38708066433278326,0,273,0,0,0,0,0,2201,8,0
9394.652413622487,9885.127052750731,-490.47463912824423,-0.04087288659402035,0,678,1,0,0,0,0,2072,8,0
21041.8425178075,22025.647227544705,-983.8047097372037,-0.08198372581143364,1,709,1,0,0,0,0,1468,9,0
25628.410404551607,25239.108737811388,389.30166674021893,0.03244180556168491,0,151,0,0,0,0,0,1659,1,0
109201.52143743334,17265.798669298827,91935.72276813452,7.661310230677877,2,38,4,0,3,1,0,154,23,1
189194.99937085557,18340.7848579814,170854.21451287417,14.23785120940618,1,71,3,1,1,1,0,177,40,1
24131.024044293597,26425.76411947713,-2294.740075183534,-0.19122833959862784,0,720,0,0,0,0,0,1653,3,0
20286.46974950912,20334.317645989024,-47.847896479903284,-0.003987324706658607,0,552,1,0,0,0,0,457,5,0
147547.5900792244,18922.107424002817,128625.4826552216,10.718790221268467,2,32,6,2,2,1,0,41,48,1
40383.87173369398,40989.48946604434,-605.617732350358,-0.05046814436252983,0,382,0,0,0,0,0,2281,1,0
21301.11994062966,18984.956156920853,2316.1637837088056,0.19301364864240048,0,190,1,0,0,0,0,691,1,0
32916.43656946071,37319.11933268917,-4402.682763228462,-0.3668902302690385,0,566,3,0,0,0,0,1383,1,0
152025.0911199217,26074.75932943833,125950.33179048338,10.495860982540282,4,12,5,1,3,0,1,269,23,1
24825.473759721503,27013.3438075398,-2187.870047818298,-0.1823225039848582,0,762,2,0,0,0,0,2415,1,0
37389.79393758147,36830.34098698484,559.4529505966275,0.04662107921638563,0,276,0,0,0,0,0,248,8,0
27001.744039114048,30303.76803842319,-3302.023999309142,-0.27516866660909517,0,527,0,1,0,0,0,791,1,0
107659.3820820848,27715.676639645877,79943.70544243892,6.661975453536577,1,61,6,1,2,0,0,236,30,1
25928.44757396163,23558.070985476206,2370.376588485422,0.19753138237378517,0,591,0,0,0,0,0,2032,4,0
231428.94110785454,39551.064557278674,191877.87655057586,15.989823045881321,3,44,6,0,1,0,0,185,40,1
15882.507706197655,14619.98550704262,1262.5221991550352,0.1052101832629196,0,543,2,0,0,0,0,224,6,0
106489.88014567117,12974.628502901043,93515.25164277012,7.79293763689751,3,69,6,2,2,1,0,99,57,1
43567.61764011084,37457.01513976576,6110.602500345078,0.5092168750287565,0,312,0,0,0,0,0,1491,2,0
99243.05532664157,18903.074324130037,80339.98100251153,6.69499841687596,2,37,2,3,2,1,0,93,15,1
11391.201202070717,12560.656365186265,-1169.4551631155482,-0.09745459692629568,0,720,0,0,0,0,0,1425,2,0
19699.692810387252,21718.961809459186,-2019.2689990719336,-0.16827241658932782,0,453,2,0,0,0,0,1018,2,0
27343.724024023064,27387.490287336637,-43.76626331357329,-0.0036471886094644407,0,533,0,0,0,0,0,1326,12,0
46033.69944057995,45643.80069708384,389.8987434961091,0.03249156195800909,0,313,1,0,0,0,0,1910,6,0
31968.49138495867,28317.365961624335,3651.125423334335,0.30426045194452794,0,331,0,0,0,0,0,483,3,0
98736.0359150678,20702.90120873294,78033.13470633485,6.502761225527904,1,15,1,1,2,0,0,53,43,1
18710.606533027953,17097.508205303067,1613.0983277248852,0.13442486064374043,0,584,0,0,0,0,0,1026,1,0
98473.57196566174,17977.278460280035,80496.2935053817,6.708024458781809,4,30,6,0,3,0,1,171,51,1
37120.913144934624,37347.78372805712,-226.87058312249428,-0.018905881926874524,0,583,0,0,0,0,0,1570,5,0
157936.11140612196,13264.443481260823,144671.66792486113,12.05597232707176,4,42,2,0,1,1,1,167,34,1
34271.470481448705,34692.18513340331,-420.7146519546077,-0.03505955432955064,0,400,1,0,0,0,0,844,2,0
31828.44661590246,31410.60318937366,417.84342652879786,0.034820285544066486,0,204,0,0,0,0,0,1390,1,0
28529.670376978014,25898.459594368367,2631.210782609647,0.2192675652174706,0,287,0,0,1,0,0,469,1,0
21667.9315978031,19724.860839801586,1943.070758001515,0.16192256316679293,1,794,0,0,0,0,0,572,3,0
19913.85334515046,17124.719815457694,2789.1335296927646,0.2324277941410637,0,601,2,0,0,0,0,2055,3,0
20117.581300533748,21470.30343349581,-1352.7221329620625,-0.11272684441350521,0,168,1,0,0,0,0,1541,2,0
48370.23180994222,50617.00041903207,-2246.7686090898496,-0.18723071742415415,0,563,1,0,0,0,0,1358,1,0
19379.519354965065,19476.345639344654,-96.8262843795892,-0.008068857031632433,0,779,1,0,0,0,0,2449,1,0
17944.688065980234,17097.33328047238,847.3547855078541,0.07061289879232117,0,223,1,0,0,0,0,675,2,0
97446.93230628819,8996.318781362803,88450.61352492539,7.370884460410449,3,62,7,2,2,1,1,266,27,1
22404.952502348635,21589.67901307326,815.273489275376,0.06793945743961467,0,506,0,0,0,0,0,2449,4,0
15084.823590246455,14906.809448724474,178.0141415219805,0.014834511793498375,0,768,1,0,0,0,0,1372,5,0
27441.552798584282,24177.738797805538,3263.8140007787442,0.27198450006489533,0,481,2,1,0,0,0,724,2,0
142772.81568070047,29338.75799803576,113434.05768266472,9.45283814022206,3,42,3,3,1,1,0,44,53,1
64274.16669379376,71386.825594085,-7112.658900291244,-0.5927215750242704,0,353,0,0,0,0,0,1816,1,0
38369.89347587826,39368.52516814927,-998.631692271003,-0.08321930768925025,0,620,0,0,0,0,0,445,7,0
89563.98932061138,23822.930269066423,65741.05905154496,5.4784215876287465,1,57,3,1,1,0,1,137,48,1
51614.21519080461,58079.27852642936,-6465.063335624756,-0.5387552779687297,0,675,1,0,0,0,0,1324,8,0
24316.61012297581,25061.82405331384,-745.2139303380318,-0.06210116086150265,0,301,4,0,0,0,0,2019,2,0
30688.26747050003,29012.129506755366,1676.1379637446662,0.13967816364538885,0,743,0,1,0,0,0,649,4,0
18775.951767558035,21153.50915903244,-2377.5573914744054,-0.19812978262286712,0,557,0,0,0,0,0,2216,1,0
35431.52785588353,33004.7652858294,2426.762570054125,0.20223021417117706,0,251,0,0,0,0,0,1146,1,0
27121.477000268296,24283.1761219233,2838.300878344995,0.23652507319541624,0,683,1,0,0,0,0,1228,7,0
15746.334434453682,16722.706568726855,-976.3721342731733,-0.08136434452276443,0,196,0,0,0,0,0,721,3,0
18627.715977625296,20847.856611437055,-2220.1406338117595,-0.1850117194843133,0,785,1,0,0,0,0,186,8,0
14698.560678525775,13453.867603153922,1244.6930753718534,0.10372442294765445,0,566,1,0,0,0,0,2172,2,0
26813.270134199272,29862.43771190044,-3049.167577701166,-0.25409729814176385,0,489,1,0,0,0,0,695,3,0
150800.35481792124,13843.468393232835,136956.8864246884,11.413073868724032,4,36,4,1,1,1,1,276,20,1
115415.49824601767,28429.076956146506,86986.42128987116,7.248868440822596,2,63,7,2,2,1,0,52,44,1
194012.0042163017,18643.053397331554,175368.95081897013,14.614079234914177,2,57,8,0,4,1,0,250,18,1
25156.316061067457,24440.7353715589,715.5806895085552,0.05963172412571294,1,342,1,0,0,0,0,1809,4,0
23012.46712122451,25014.19462868548,-2001.7275074609715,-0.16681062562174762,0,323,1,0,0,0,0,1391,3,0
52480.433235293654,53668.72581990284,-1188.292584609182,-0.09902438205076518,0,562,0,0,0,0,0,915,1,0
109462.25520125397,9883.988588045107,99578.26661320886,8.298188884434072,2,26,6,0,3,0,1,113,20,1
45977.84743135949,45284.418387003614,693.4290443558784,0.0577857536963232,0,694,2,0,0,0,0,1531,1,0
19250.55550137634,19659.11239936003,-408.55689798368985,-0.03404640816530749,0,698,1,0,0,0,0,1092,1,0
24685.88855534351,27371.76805998126,-2685.879504637749,-0.22382329205314574,0,227,0,0,0,0,0,1300,2,0
25146.186557237106,22915.223574011678,2230.9629832254286,0.18591358193545238,0,741,0,0,0,0,0,951,9,0
120942.40666362454,10368.723830338447,110573.68283328609,9.214473569440507,2,28,5,1,2,0,1,169,50,1
21574.345257954905,23377.178374415027,-1802.8331164601223,-0.1502360930383435,0,558,0,0,0,0,0,1829,8,0
29913.13160292608,31698.29639332104,-1785.1647903949597,-0.1487637325329133,1,702,0,0,0,0,0,2077,1,0
17491.987139683544,19839.154627864027,-2347.167488180483,-0.19559729068170692,1,572,2,0,0,0,0,1893,1,0
11190.576339524514,10891.451915010091,299.12442451442257,0.024927035376201882,0,422,0,0,0,0,0,1497,13,0
106490.3938001809,25966.873030303257,80523.52076987765,6.710293397489804,1,7,7,1,3,1,0,195,56,1
33782.07655173418,29255.70557805891,4526.370973675268,0.37719758113960566,1,237,0,0,0,0,0,2156,12,0
10370.359046366852,11047.716432589217,-677.3573862223657,-0.056446448851863805,1,314,0,0,0,0,0,192,4,0
156691.8296293432,12858.656095777304,143833.1735335659,11.986097794463824,1,35,3,2,2,1,0,172,30,1
120978.58036722949,25945.732839446544,95032.84752778294,7.919403960648578,3,42,2,1,3,0,0,39,30,1
38040.566814456375,38858.13151834454,-817.5647038881652,-0.06813039199068044,0,176,0,0,0,0,0,1018,3,0
52122.39274210652,53151.57012410202,-1029.1773819955051,-0.08576478183295876,1,728,0,0,0,0,0,1705,5,0
23838.94251934463,21627.050430991163,2211.8920883534665,0.18432434069612222,0,702,0,0,0,0,0,347,2,0
28065.473281636107,29140.075176262668,-1074.6018946265613,-0.08955015788554677,0,247,1,1,0,0,0,340,4,0
31481.084183712654,29189.996938452412,2291.0872452602416,0.19092393710502015,1,300,0,0,1,0,0,1902,1,0
149481.4963805469,13348.008563483327,136133.48781706355,11.34445731808863,3,21,6,1,2,0,0,97,53,1
23380.75503794688,26640.164787433572,-3259.409749486691,-0.2716174791238909,0,400,0,0,0,0,0,1378,2,0
28925.533405387047,30897.464997138763,-1971.931591751716,-0.16432763264597633,0,463,1,0,0,0,0,1354,2,0
19600.39070969747,19416.54018257337,183.85052712409743,0.015320877260341452,0,246,1,0,0,0,0,1565,4,0
27780.222840062903,29356.67185479778,-1576.449014734877,-0.13137075122790642,0,178,1,0,0,0,0,1404,6,0
150404.6891652445,17710.175313277134,132694.51385196735,11.057876154330613,1,8,5,0,1,1,0,278,27,1
25936.514470778664,23903.357362740335,2033.1571080383292,0.1694297590031941,0,620,0,0,0,0,0,883,2,0
11819.20542974649,11520.3104121736,298.8950175728896,0.024907918131074135,0,244,2,0,1,0,0,1479,3,0
116581.84785276563,24691.947847209867,91889.90000555576,7.657491667129646,1,35,2,2,2,0,0,265,20,1
9773.6072399486,9742.1525247579,31.45471519070088,0.00262122626589174,0,390,0,0,0,0,0,223,4,0
15154.674856476018,13947.805503907004,1206.8693525690142,0.10057244604741784,0,363,2,0,0,0,0,927,1,0
42921.54657203772,43360.65575579942,-439.10918376169866,-0.03659243198014155,0,762,0,0,0,0,0,1202,3,0
13074.21153336373,14995.697660662046,-1921.4861272983162,-0.16012384394152634,0,274,1,0,0,0,0,749,2,0
18974.325153585636,16898.791630412954,2075.533523172682,0.17296112693105684,0,564,1,0,0,0,0,1858,1,0
11928.59125259688,10169.022081260735,1759.5691713361448,0.14663076427801205,0,587,3,0,0,0,0,610,6,0
15985.830791474797,15169.670086572933,816.1607049018639,0.06801339207515533,0,233,0,1,0,0,0,305,5,0
24980.496348603632,26937.29797927495,-1956.801630671318,-0.16306680255594316,0,573,0,1,0,0,0,2489,5,0
27466.03099539266,26811.27671513254,654.7542802601201,0.05456285668834335,0,447,0,0,0,0,0,809,4,0
21037.70032825933,22645.080694120214,-1607.380365860885,-0.1339483638217404,0,475,1,1,0,0,0,1880,1,0
10710.551475989927,10499.24310213749,211.3083738524365,0.01760903115436971,0,260,0,0,0,0,0,1487,1,0
211077.75735997336,25133.31007955244,185944.44728042092,15.495370606701744,2,32,5,2,1,0,0,180,21,1
19626.752270360244,21062.060671911262,-1435.3084015510176,-0.1196090334625848,0,641,2,0,0,0,0,547,7,0
16500.12247360802,17733.253742811212,-1233.1312692031934,-0.10276093910026611,0,697,0,0,0,0,0,517,4,0
59099.2845650649,59668.76279259331,-569.4782275284088,-0.04745651896070073,1,394,1,0,0,0,0,259,5,0
111384.77309197134,28578.376171319975,82806.39692065136,6.900533076720946,1,44,5,2,2,1,0,202,20,1
48958.774103862925,43082.79451828305,5875.979585579873,0.4896649654649894,0,307,1,0,0,0,0,588,1,0
16565.52932776734,14501.480016068415,2064.0493116989255,0.17200410930824378,0,591,1,0,0,0,0,1756,2,0
93672.76450940891,19052.484875823415,74620.2796335855,6.218356636132125,4,34,8,1,2,0,0,206,50,1
27506.792246349185,24079.52423254089,3427.268013808294,0.28560566781735786,0,737,0,0,0,0,0,853,2,0
21317.047368242143,23157.975127157377,-1840.9277589152334,-0.15341064657626946,0,474,0,0,0,0,0,1186,5,0
20720.063728535843,23536.20996970412,-2816.146241168277,-0.23467885343068975,0,647,1,0,0,0,0,2370,1,0
18141.402181587444,19314.15773230445,-1172.7555507170073,-0.09772962922641727,0,750,1,0,0,0,0,1493,6,0
25952.76300960434,24779.165356874353,1173.5976527299863,0.09779980439416552,0,335,0,0,0,0,0,1385,1,0
19766.996696217793,21334.910145278896,-1567.9134490611032,-0.13065945408842528,0,518,1,0,0,0,0,1863,1,0
10680.135321277172,9250.162993154967,1429.972328122205,0.11916436067685042,0,267,3,0,0,0,0,1145,1,0
27408.789745838523,24865.33036421998,2543.4593816185443,0.21195494846821203,0,324,2,0,0,0,0,2144,1,0
29751.743273801116,28601.419115828565,1150.324157972551,0.09586034649771258,0,618,2,0,0,0,0,2243,1,0
12133.843031665552,13729.911950052512,-1596.06891838696,-0.13300574319891334,0,206,1,1,0,0,0,1813,2,0
23797.467894443602,22882.238634651218,915.2292597923843,0.07626910498269869,0,526,1,0,0,0,0,620,1,0
22604.525205017326,22505.33357707001,99.19162794731528,0.008265968995609607,0,378,1,0,0,0,0,994,6,0
44326.715017069044,48852.84725266773,-4526.132235598685,-0.3771776862998904,0,695,0,0,0,0,0,1320,1,0
17013.981976044473,18862.98477846386,-1849.0028024193853,-0.15408356686828212,0,503,0,0,0,0,0,1921,2,0
12445.986958914673,10882.227556733314,1563.7594021813584,0.1303132835151132,0,121,0,0,0,0,0,1588,2,0
33789.322135116134,38843.125987063795,-5053.803851947661,-0.4211503209956384,0,718,1,0,0,0,0,1265,2,0
23685.828126332803,25502.86843171762,-1817.0403053848167,-0.15142002544873473,0,678,1,0,0,0,0,543,2,0
26403.485957147906,22743.945672679045,3659.5402844688615,0.3049616903724051,0,769,1,0,0,0,0,909,2,0
96256.98160534057,23631.285565629805,72625.69603971076,6.052141336642563,2,69,5,3,2,1,0,161,34,1
91496.13228541637,22760.640472403215,68735.49181301316,5.72795765108443,4,36,5,1,3,1,1,44,37,1
18492.7198287894,17925.073598500603,567.6462302887958,0.04730385252406631,0,130,0,0,0,0,0,285,2,0
43475.89395332924,43893.02515566116,-417.13120233191876,-0.034760933527659896,0,753,2,0,0,0,0,523,6,0
49474.6563059405,47983.09152670366,1491.56477923684,0.12429706493640333,0,234,0,0,0,0,0,1845,1,0
21727.949614526733,22919.376745762664,-1191.4271312359306,-0.09928559426966088,0,204,0,0,0,0,0,2185,1,0
20836.09670917015,22576.754687444605,-1740.6579782744557,-0.1450548315228713,0,735,1,0,0,0,0,243,5,0
104991.81360684319,35277.71711740434,69714.09648943885,5.809508040786571,3,35,2,0,2,0,1,22,54,1
116626.05244916168,25494.354906445165,91131.69754271652,7.594308128559709,1,23,3,2,2,0,0,168,22,1
29048.00225860187,25059.725601069604,3988.2766575322676,0.332356388127689,0,252,1,0,0,0,0,2348,4,0
36252.767069676716,37280.24866657319,-1027.4815968964758,-0.08562346640803965,0,198,2,0,0,0,0,1765,2,0
52655.790052572156,51410.871005098015,1244.9190474741408,0.10374325395617841,0,396,2,0,0,0,0,1727,4,0
193087.63922367443,43034.495550031366,150053.14367364306,12.504428639470255,1,44,2,2,3,0,0,82,35,1
21022.212385619714,22120.829262867017,-1098.616877247303,-0.09155140643727525,0,724,1,0,0,0,0,1921,1,0
19635.468547516317,18174.67647838859,1460.7920691277286,0.12173267242731071,0,264,0,0,0,0,0,1489,3,0
20053.065842886535,18666.76748150702,1386.298361379515,0.11552486344829291,1,399,0,0,0,0,0,1313,1,0
110166.31606462135,14738.823348091591,95427.49271652976,7.952291059710813,4,25,5,2,2,0,0,214,36,1
27510.968020959783,27092.949729232627,418.0182917271559,0.034834857643929656,0,198,0,0,0,0,0,840,11,0
96578.10403167452,19205.891971127417,77372.2120605471,6.447684338378925,2,22,6,0,4,0,1,87,20,1
19421.621452304575,16564.69860621301,2856.9228460915656,0.2380769038409638,0,419,0,0,0,0,0,1886,1,0
38369.753052089116,38742.69194052167,-372.93888843255263,-0.031078240702712718,0,586,0,0,0,0,0,2209,10,0
165416.39253056733,18069.636505243783,147346.75602532356,12.27889633544363,3,63,10,3,1,1,0,291,47,1
14363.121991483076,13539.442084868851,823.6799066142248,0.06863999221785207,1,172,0,0,0,0,0,1111,1,0
14711.187843249076,16562.726009629005,-1851.538166379929,-0.15429484719832742,0,501,1,0,0,0,0,905,7,0
44140.47709967498,38256.1806251103,5884.296474564682,0.49035803954705687,0,607,0,0,0,0,0,456,1,0
24029.761783316855,21539.597109301354,2490.164674015501,0.2075137228346251,0,703,1,0,0,0,0,2309,1,0
18451.56058373934,20778.61511715261,-2327.0545334132694,-0.19392121111777244,1,487,1,0,0,0,0,1439,2,0
35375.061142921586,32652.46213918058,2722.5990037410047,0.22688325031175038,0,267,2,0,0,0,0,2374,1,0
16220.483299964004,18145.141552195084,-1924.65825223108,-0.16038818768592333,1,167,0,1,0,0,0,660,4,0
29901.28787626341,27483.06880849492,2418.2190677684885,0.20151825564737405,0,290,0,0,0,0,0,2235,1,0
24783.837506352163,21185.661655953514,3598.1758503986493,0.2998479875332208,0,382,1,0,0,0,0,1793,10,0
13800.853701510237,15494.387958211979,-1693.5342567017415,-0.14112785472514514,0,570,0,0,0,0,0,2249,3,0
38731.62210676382,40940.850762446215,-2209.2286556823965,-0.18410238797353304,0,392,2,0,0,0,0,1993,2,0
29089.686269591963,31696.841974488354,-2607.1557048963914,-0.2172629754080326,0,184,0,0,0,0,0,2324,1,0
24464.145914126522,23719.94412002732,744.2017940992009,0.06201681617493341,0,666,0,0,0,0,0,457,4,0
18626.67116640942,16610.50135512625,2016.169811283169,0.1680141509402641,0,264,1,0,0,0,0,2072,1,0
34986.0386995708,32572.054471255917,2413.9842283148864,0.20116535235957386,0,701,0,0,0,0,0,400,2,0
102634.0160407075,9459.405236934253,93174.61080377325,7.764550900314437,2,17,7,0,2,0,1,74,33,1
35432.88807984993,34060.82133029767,1372.0667495522575,0.11433889579602147,0,572,0,1,0,0,0,2300,1,0
20402.83792832396,18739.9260895991,1662.91183872486,0.138575986560405,0,699,1,1,0,0,0,659,1,0
26921.31478469258,26480.38749185513,440.9272928374485,0.03674394106978737,0,292,0,0,0,0,0,1048,2,0
40934.40716377448,35182.48861236761,5751.918551406867,0.4793265459505722,1,479,0,0,0,0,0,1525,5,0
19861.52676231258,21905.11342491923,-2043.586662606649,-0.17029888855055408,1,649,1,1,0,0,0,1883,1,0
14512.759341189132,12629.96759563199,1882.7917455571423,0.15689931212976185,0,635,1,0,0,0,0,271,2,0
195375.64438575914,18755.21537699607,176620.42900876305,14.718369084063587,4,45,2,1,1,0,1,134,27,1
22317.48821340657,25512.09381566307,-3194.605602256499,-0.26621713352137494,1,794,1,0,0,0,0,1676,2,0
13518.063055314375,11574.889776854312,1943.1732784600626,0.16193110653833856,0,323,1,0,0,0,0,1505,2,0
21763.513648954915,22809.289490756728,-1045.775841801813,-0.08714798681681775,0,288,0,0,1,0,0,539,4,0
31065.12351301508,30829.59817140912,235.52534160596042,0.019627111800496703,1,771,1,0,0,0,0,1563,2,0
18408.93576676897,17808.492551216565,600.4432155524046,0.05003693462936705,0,489,1,0,0,0,0,295,1,0
22741.497665225837,25699.195308865004,-2957.697643639167,-0.24647480363659724,0,485,2,0,0,0,0,905,3,0
20245.17149355337,19244.391001131797,1000.7804924215743,0.08339837436846452,0,373,4,0,0,0,0,1717,5,0
91817.39973058268,20135.224610821373,71682.1751197613,5.973514593313442,3,40,6,1,3,0,1,223,49,1
12277.242413530146,13889.301194012729,-1612.0587804825827,-0.1343382317068819,0,308,1,1,0,0,0,1249,1,0
131269.6402509752,20583.155099507392,110686.48515146782,9.223873762622318,3,40,3,1,1,0,1,54,30,1
15198.709835394022,16700.859000588956,-1502.1491651949345,-0.1251790970995779,1,664,1,0,0,0,0,2286,2,0
24146.425441089432,23883.7007608258,262.72468026363276,0.02189372335530273,0,447,0,0,0,0,0,1968,1,0
98571.82877658748,16321.493859771992,82250.3349168155,6.854194576401292,4,69,3,2,2,0,0,118,43,1
8301.182772242839,8080.344821816949,220.83795042589009,0.01840316253549084,0,707,0,0,0,0,0,686,3,0
15849.956773575952,13870.365271488396,1979.5915020875564,0.16496595850729637,0,202,0,0,0,0,0,2182,2,0
23560.67018283175,24243.90304357673,-683.2328607449817,-0.056936071728748476,0,632,0,0,0,0,0,893,1,0
29982.757381930514,31425.40569973267,-1442.6483178021554,-0.12022069315017961,0,786,0,0,0,0,0,1260,1,0
25399.560003334467,27300.919825187982,-1901.3598218535153,-0.15844665182112627,0,182,2,0,0,0,0,1724,1,0
18444.384695459627,18987.7223964966,-543.3377010369732,-0.0452781417530811,0,139,1,0,0,0,0,2237,4,0
27691.92230757462,24611.339266042825,3080.583041531794,0.25671525346098284,1,575,0,0,0,0,0,1184,4,0
25569.958232188346,27009.074611155374,-1439.1163789670281,-0.11992636491391902,1,483,0,0,0,0,0,1203,2,0
25809.764569667324,26706.33812226463,-896.5735525973068,-0.07471446271644223,0,282,0,0,0,0,0,1450,1,0
21136.537981125464,22819.63342031752,-1683.0954391920568,-0.14025795326600474,0,735,0,0,0,0,0,520,5,0
14163.299868693617,16001.760927960197,-1838.4610592665795,-0.15320508827221496,0,425,0,0,0,0,0,2025,1,0
31754.433197253213,27843.668818169255,3910.7643790839575,0.3258970315903298,0,278,1,0,0,0,0,974,1,0
18740.256938244544,20407.475767493426,-1667.2188292488827,-0.1389349024374069,0,510,1,0,0,0,0,1276,1,0
78333.54966060838,16661.25141720612,61672.298243402256,5.139358186950188,4,56,8,1,1,0,0,71,39,1
15355.997377828777,14129.8902539003,1226.1071239284774,0.10217559366070646,0,756,1,0,0,0,0,2317,6,0
23248.65419173855,20395.339201014973,2853.3149907235784,0.23777624922696486,0,431,0,0,0,0,0,723,3,0
30773.266645022974,31852.338058976347,-1079.0714139533738,-0.08992261782944783,0,333,0,0,1,0,0,1402,3,0
22036.124329451173,19766.188767320313,2269.9355621308605,0.18916129684423838,0,672,0,0,0,0,0,432,7,0
19571.478689391966,17911.30788507907,1660.1708043128965,0.1383475670260747,0,426,1,0,0,0,0,1660,5,0
22637.92201529049,19877.175550166023,2760.7464651244663,0.23006220542703887,0,487,0,1,0,0,0,1281,1,0
34294.022404671436,37553.94853032006,-3259.926125648628,-0.271660510470719,0,522,0,0,0,0,0,1812,2,0
29197.912848678403,32101.95161821626,-2904.038769537856,-0.24200323079482133,0,608,0,0,0,0,0,610,2,0
34722.34202348003,32211.900596461248,2510.441427018781,0.20920345225156506,0,292,0,0,0,0,0,615,2,0
138973.57900681652,14394.473633648033,124579.1053731685,10.381592114430708,1,11,5,0,1,1,0,257,17,1
37426.48777656333,35895.30745845971,1531.1803181036157,0.127598359841968,0,593,0,0,0,0,0,1269,2,0
74689.62962346675,15390.20712754166,59299.42249592509,4.941618541327091,4,23,6,1,2,0,1,16,41,1
15751.401465485966,14865.410919601794,885.9905458841713,0.07383254549034761,0,747,0,0,0,0,0,1359,15,0
9600.153675700789,10987.214567507499,-1387.06089180671,-0.11558840765055917,0,419,2,0,0,0,0,2062,2,0
122071.92488473613,15859.75134678115,106212.17353795498,8.851014461496248,2,44,3,0,2,0,0,235,43,1
48796.51202371136,42021.2425372445,6775.269486466859,0.5646057905389049,0,301,0,1,0,0,0,313,1,0
126072.18704361671,28111.976684171088,97960.21035944563,8.163350863287135,2,45,4,1,1,0,0,213,46,1
29041.198105518066,30744.251829333312,-1703.0537238152465,-0.14192114365127054,0,480,0,0,0,0,0,231,5,0
24589.53485270208,24190.928192707917,398.6066599941623,0.03321722166618019,0,605,0,0,0,0,0,953,2,0
158996.16131388207,35812.82873974032,123183.33257414175,10.265277714511813,1,49,6,2,3,1,1,176,26,1
52102.479621810155,48993.32428391175,3109.1553378984026,0.25909627815820024,0,556,1,1,0,0,0,1990,2,0
48164.17965909357,50336.84982016645,-2172.670161072878,-0.18105584675607314,0,294,0,0,0,0,0,319,1,0
24700.309171316076,28100.834857261234,-3400.5256859451583,-0.28337714049542984,0,406,1,0,0,0,0,1613,14,0
14791.553392687385,12828.607886672458,1962.9455060149267,0.16357879216791055,0,553,0,0,0,0,0,1875,3,0
14849.09033551027,15776.329907875166,-927.239572364897,-0.07726996436374141,0,746,0,0,0,0,0,1050,1,0
25938.684356028443,28366.804284940456,-2428.1199289120123,-0.20234332740933436,0,236,0,0,0,0,0,1582,8,0
15453.346563359057,16617.13636939917,-1163.789806040113,-0.09698248383667608,0,605,1,0,0,0,0,1701,2,0
17199.527219167307,15843.163571207228,1356.363647960079,0.11303030399667326,0,198,0,0,0,0,0,2029,5,0
118305.95700547184,15384.192849485686,102921.76415598615,8.576813679665513,2,66,5,2,2,0,0,197,57,1
46922.26586132326,47544.97253175494,-622.7066704316749,-0.05189222253597291,0,677,1,0,0,0,0,700,2,0
40751.99497435393,41550.19158473157,-798.1966103776358,-0.06651638419813631,0,148,2,0,0,0,0,555,1,0
45535.56136084953,41245.60909671024,4289.9522641392905,0.3574960220116075,0,756,0,1,0,0,0,890,3,0
39704.61594168869,45164.18228583374,-5459.566344145052,-0.4549638620120877,1,138,1,0,0,0,0,573,2,0
22173.110517429006,19482.644406914955,2690.4661105140513,0.22420550920950427,0,680,0,0,0,0,0,592,3,0
98382.19529896056,15203.218765602673,83178.9765333579,6.931581377779825,4,49,4,2,2,1,1,175,42,1
130625.95441601957,20717.224766505533,109908.72964951403,9.159060804126169,3,17,6,2,1,0,1,158,28,1
17906.847010046527,20236.258411312654,-2329.4114012661266,-0.19411761677217723,0,691,0,1,0,0,0,627,3,0
22482.017446867696,20850.119028174875,1631.898418692821,0.1359915348910684,0,378,0,0,0,0,0,1997,2,0
28210.741336771425,27219.836852491528,990.9044842798976,0.08257537368999146,0,631,0,0,0,0,0,262,10,0
24425.85757266668,25878.460805280494,-1452.6032326138156,-0.12105026938448464,1,332,0,0,0,0,0,2474,2,0
9380.175790611174,8431.40827292457,948.7675176866051,0.07906395980721709,0,213,1,0,0,0,0,1570,3,0
19240.109769030692,17114.770294860635,2125.3394741700577,0.1771116228475048,0,575,3,0,0,0,0,1948,6,0
98817.87569252365,8243.750444420575,90574.12524810308,7.547843770675257,4,29,2,2,3,0,1,229,14,1
8776.19489073957,8150.006128448438,626.1887622911327,0.05218239685759439,0,139,1,0,0,0,0,1538,4,0
110011.73076145486,17834.589493826003,92177.14126762886,7.681428438969071,2,24,3,2,2,0,1,149,26,1
75871.22085877188,12033.673611060254,63837.54724771163,5.319795603975969,1,44,4,1,2,0,1,155,57,1
202490.38000505717,34404.699683345054,168085.6803217121,14.007140026809342,1,11,4,0,1,0,1,75,35,1
20820.306219467988,18331.59216114916,2488.7140583188266,0.20739283819323553,0,223,0,1,0,0,0,2046,9,0
138360.53354587796,27503.779803691432,110856.75374218653,9.238062811848877,1,38,7,1,1,1,1,74,27,1
26805.261429225415,26668.179562585516,137.0818666398991,0.011423488886658258,0,654,1,0,0,0,0,2280,1,0
115504.99810059839,26088.02426683326,89416.97383376512,7.451414486147094,1,13,2,3,1,0,0,147,45,1
22648.264594246077,25586.84889481818,-2938.5843005721035,-0.24488202504767528,0,454,1,0,0,0,0,737,2,0
13621.976848774566,15657.9088421049,-2035.931993330334,-0.1696609994441945,0,342,0,0,0,0,0,2493,6,0
41403.279004170094,41070.58332734438,332.69567682571505,0.027724639735476255,0,266,1,0,0,0,0,1965,3,0
21219.271171997192,23224.963306258476,-2005.692134261284,-0.16714101118844035,0,466,0,0,0,0,0,1896,13,0
48481.574672155926,47309.14239519489,1172.4322769610371,0.0977026897467531,0,782,0,0,0,0,0,753,3,0
31479.478291993717,32182.419046094386,-702.9407541006694,-0.05857839617505579,0,667,1,0,0,0,0,1451,3,0
19094.9147700379,17192.367546891586,1902.5472231463136,0.15854560192885947,1,194,2,0,0,0,0,506,2,0
26474.040887027186,22550.12544012236,3923.9154469048262,0.3269929539087355,0,744,0,0,0,0,0,1897,1,0
37808.89296383179,42408.22543956067,-4599.332475728879,-0.38327770631073993,0,317,0,1,0,0,0,1935,1,0
159166.42403221814,13346.649201949835,145819.77483026832,12.15164790252236,4,53,4,3,1,0,0,180,56,1
24426.722378679096,23941.49337135346,485.2290073256372,0.040435750610469764,0,781,1,0,0,0,0,2191,7,0
20987.54924393337,18672.31010814987,2315.2391357834967,0.19293659464862473,0,671,0,0,0,0,0,180,2,0
20557.936829451708,23512.804145402264,-2954.867315950556,-0.24623894299587967,0,464,1,0,0,0,0,458,5,0
21844.36782454838,20385.442438491893,1458.9253860564859,0.12157711550470715,0,170,1,0,0,0,0,1962,1,0
25710.328995727345,22045.136457635628,3665.1925380917164,0.30543271150764306,1,450,2,0,0,0,0,914,1,0
23818.65462215882,23754.829795478076,63.8248266807459,0.005318735556728825,0,251,0,0,0,0,0,2057,1,0
155749.99875066435,13917.325126394955,141832.6736242694,11.819389468689117,2,8,5,0,2,1,0,88,26,1
17111.398533514228,16947.441541857206,163.95699165702172,0.013663082638085144,0,606,2,0,0,0,0,1053,1,0
89225.74648767477,12649.98855565592,76575.75793201885,6.381313161001571,2,63,6,2,2,0,1,132,32,1
24587.74519928439,26930.42533842242,-2342.6801391380322,-0.19522334492816934,1,628,1,0,0,0,0,686,2,0
15870.219583660803,15019.750175671372,850.4694079894307,0.07087245066578589,0,435,0,0,0,0,0,2049,4,0
67416.90600857793,59539.26787015265,7877.638138425282,0.6564698448687735,0,211,0,0,0,0,0,2074,3,0
14076.627128979604,14222.994068253258,-146.36693927365377,-0.012197244939471148,0,460,0,0,0,0,0,180,10,0
15948.115015408177,14523.38260489091,1424.7324105172665,0.11872770087643889,0,690,2,0,0,0,0,1422,1,0
16278.900417404546,17060.30035732312,-781.3999399185759,-0.06511666165988132,0,146,1,0,0,0,0,1516,8,0
22305.23291700538,23218.929903376546,-913.6969863711638,-0.07614141553093032,0,311,0,0,0,0,0,1168,11,0
100871.06181829872,28896.469524504442,71974.59229379428,5.997882691149523,2,41,5,2,1,0,0,157,59,1
48240.22618299636,51894.693373398826,-3654.4671904024653,-0.30453893253353875,0,328,0,0,0,0,0,604,9,0
30215.879855727497,26329.38665108887,3886.4932046386275,0.3238744337198856,0,760,0,0,0,0,0,1699,1,0
80633.75764779761,31359.018192564992,49274.739455232615,4.106228287936052,1,48,5,0,2,0,0,119,40,1
11049.593982066774,11928.406347166612,-878.8123650998386,-0.07323436375831989,0,604,2,0,0,0,0,846,1,0
96472.94569764927,21023.532630161542,75449.41306748772,6.28745108895731,2,11,6,0,1,0,0,194,57,1
15354.283552091574,14426.964593263001,927.3189588285732,0.0772765799023811,0,242,1,1,0,0,0,2419,2,0
28967.98452437738,31868.919392434032,-2900.934868056651,-0.24174457233805424,0,191,0,0,0,0,0,2486,6,0
23881.172594634798,23644.515493732608,236.65710090219,0.0197214250751825,1,135,0,0,0,0,0,814,2,0
20670.04320842483,18391.680545064748,2278.3626633600834,0.18986355528000695,0,202,1,0,0,0,0,1461,2,0
33644.368288926395,32026.55741336519,1617.8108755612047,0.13481757296343372,0,149,2,0,0,0,0,1294,1,0
17795.2367243373,18076.630507963637,-281.3937836263358,-0.023449481968861315,0,740,0,0,0,0,0,977,1,0
17062.39599779154,17464.078502940018,-401.6825051484775,-0.03347354209570646,0,129,1,0,0,0,0,414,4,0
168076.55329002344,10873.694280485191,157202.85900953825,13.100238250794854,2,6,6,0,1,1,0,212,32,1
20987.452480984084,20241.816908571065,745.635572413019,0.06213629770108491,0,396,0,0,0,0,0,1612,1,0
17514.823092446662,17535.66107206627,-20.837979619605903,-0.0017364983016338253,1,512,0,0,0,0,0,1706,3,0
28578.18549803662,29623.145377180485,-1044.9598791438657,-0.08707998992865547,0,136,1,0,0,0,0,192,1,0
23388.03713497406,25588.636426436904,-2200.599291462844,-0.18338327428857035,0,156,0,0,0,0,0,295,5,0
108508.30156512755,23283.871172897972,85224.43039222958,7.102035866019132,1,15,9,2,3,1,1,30,47,1
14867.466884551677,15198.730610244269,-331.26372569259183,-0.027605310474382652,0,717,0,0,0,0,0,509,3,0
162850.32744795413,26430.421217274274,136419.90623067986,11.36832551922332,1,24,6,1,1,0,0,165,21,1
30921.764306704925,28934.09562743794,1987.6686792669861,0.16563905660558217,0,204,0,0,1,0,0,2465,1,0
23196.636191790007,20749.03758857157,2447.5986032184373,0.20396655026820312,0,331,2,0,0,0,0,2034,2,0
22881.42773319168,26213.04176509066,-3331.614031898982,-0.2776345026582485,0,162,0,0,0,0,0,566,1,0
18082.970134176074,16719.929730675918,1363.0404035001557,0.11358670029167964,0,174,2,0,0,0,0,627,6,0
13585.251717581055,14865.260739778347,-1280.0090221972914,-0.10666741851644095,0,575,0,0,0,0,0,1533,7,0
137202.8272363798,8170.073985850832,129032.75325052896,10.75272943754408,3,20,3,2,4,1,0,167,38,1
28808.64273821773,24579.02196855964,4229.620769658093,0.35246839747150777,0,620,0,0,0,0,0,296,1,0
33499.31423226888,37666.613252692594,-4167.299020423714,-0.3472749183686428,0,526,0,1,0,0,0,871,1,0
29342.412889213454,26739.137219148168,2603.2756700652862,0.21693963917210718,0,492,0,0,0,0,0,1883,1,0
11208.678373332315,11053.77318870187,154.90518463044464,0.012908765385870387,0,402,2,1,0,0,0,1823,4,0
114446.59494393521,16857.034660178146,97589.56028375706,8.132463356979756,2,31,6,1,2,0,1,266,19,1
28650.524630404445,32549.773227023965,-3899.24859661952,-0.32493738305162667,0,529,1,0,0,0,0,1878,2,0
135289.0375247675,24939.491564741216,110349.5459600263,9.195795496668858,3,47,3,1,1,0,0,259,49,1
10807.241886359108,9979.874268670264,827.3676176888439,0.06894730147407033,0,370,1,0,0,0,0,558,2,0
148338.37535999616,17577.269836895837,130761.10552310033,10.896758793591694,2,6,2,1,2,0,1,65,31,1
12318.763345309499,14076.194564496913,-1757.4312191874142,-0.14645260159895118,0,397,0,0,0,0,0,2301,2,0
24247.77177582381,22185.43016945647,2062.3416063673394,0.17186180053061162,0,448,2,0,0,0,0,1352,1,0
88373.86446934698,14033.373747130448,74340.49072221653,6.195040893518045,1,9,6,1,2,0,1,172,46,1
22558.768514117994,23219.485471447504,-660.7169573295105,-0.055059746444125875,0,537,2,0,0,0,0,1708,2,0
31666.087082902846,32351.469877325955,-685.3827944231089,-0.05711523286859241,0,334,0,0,0,0,0,746,6,0
111090.19547849399,14072.96731335083,97017.22816514315,8.08476901376193,3,49,4,1,4,1,0,123,27,1
25137.296303530165,23942.380723103834,1194.9155804263319,0.09957629836886099,0,500,0,0,0,0,0,838,2,0
34562.88004344399,34310.40841237178,252.47163107221422,0.021039302589351185,0,650,1,0,0,0,0,2313,1,0
10167.900335382608,10593.330693188724,-425.43035780611535,-0.03545252981717628,0,417,2,0,0,0,0,1965,1,0
26853.811328773943,25700.141429109033,1153.6698996649102,0.09613915830540919,1,301,1,0,0,0,0,1582,9,0
25059.13369840488,26826.673365190745,-1767.5396667858658,-0.14729497223215549,1,618,0,0,0,0,0,1150,2,0
18359.03073358876,19139.67716213737,-780.6464285486109,-0.06505386904571757,0,324,3,0,1,0,0,454,5,0
34500.76501706647,33118.560657801856,1382.204359264615,0.11518369660538459,0,314,1,0,0,0,0,1767,10,0
33424.79132398256,36712.49102887521,-3287.6997048926496,-0.2739749754077208,0,157,2,0,0,0,0,1718,6,0
19937.1691280132,18354.111351699445,1583.0577763137553,0.13192148135947962,0,665,1,0,0,0,0,840,1,0
18151.51796516792,16542.093841804442,1609.4241233634784,0.13411867694695653,0,728,0,0,0,0,0,929,2,0
151922.19422781206,32365.099379404077,119557.09484840799,9.963091237367331,2,28,6,1,1,0,1,236,31,1
25021.668097583846,25453.42897599991,-431.76087841606204,-0.0359800732013385,0,259,0,0,1,0,0,1326,1,0
128984.96377516414,30411.769732232708,98573.19404293143,8.214432836910952,4,29,4,2,3,0,1,216,32,1
22654.00191675982,19321.04756230719,3332.9543544526277,0.2777461962043856,0,126,0,0,0,0,0,929,4,0
19908.253987535918,18876.210232449037,1032.043755086881,0.08600364625724008,0,464,0,1,0,0,0,1886,6,0
26025.496121840482,22321.136840208434,3704.359281632049,0.30869660680267075,1,352,0,0,0,0,0,1302,1,0
14487.931838515346,14130.74117785322,357.1906606621251,0.029765888388510423,0,509,1,0,0,0,0,1509,1,0
26840.872818211265,27598.628006477604,-757.7551882663392,-0.0631462656888616,0,260,0,0,0,0,0,1502,5,0
37744.125507773875,36579.55882267931,1164.5666850945636,0.0970472237578803,1,454,1,0,0,0,0,423,5,0
21013.602917131804,21922.685937293994,-909.0830201621902,-0.07575691834684918,0,748,0,0,0,0,0,973,5,0
27809.765490001195,27764.598964658333,45.16652534286186,0.003763877111905155,1,408,1,0,0,0,0,2100,11,0
201542.9814442768,16344.324623380619,185198.6568208962,15.43322140174135,3,38,3,3,1,0,1,117,35,1
42511.91959216536,47185.022749279015,-4673.1031571136555,-0.3894252630928046,0,765,0,0,1,0,0,1594,4,0
34262.37791923949,33985.82438812021,276.5535311192798,0.023046127593273315,0,208,2,0,0,0,0,1110,1,0
24848.2651980197,22023.134605186402,2825.1305928332986,0.23542754940277488,0,763,0,0,0,0,0,2487,4,0
55547.62989214769,60182.39628114345,-4634.766388995755,-0.3862305324163129,0,791,1,0,0,0,0,385,2,0
32594.99229337313,29528.508359865093,3066.483933508036,0.2555403277923363,0,492,0,0,0,0,0,584,1,0
20708.293396633253,21689.561023914655,-981.2676272814024,-0.0817723022734502,0,738,0,0,0,0,0,1709,1,0
33720.73944228116,35165.37141561443,-1444.6319733332639,-0.120385997777772,0,674,0,0,0,0,0,1807,1,0
14658.463531905656,15567.410142855832,-908.9466109501755,-0.07574555091251463,0,521,0,0,0,0,0,939,1,0
29780.250123214093,33361.633971707655,-3581.3838484935623,-0.2984486540411302,0,446,2,0,0,0,0,1864,1,0
22430.678744496825,21005.551736361824,1425.1270081350012,0.1187605840112501,0,640,0,1,0,0,0,2076,2,0
27440.123056301327,24854.454350300428,2585.668706000899,0.21547239216674158,0,334,0,0,0,0,0,1735,2,0
14214.214647941704,16154.062246736241,-1939.8475987945367,-0.1616539665662114,0,461,1,0,0,0,0,2089,3,0
6383.560749272026,6958.384250715255,-574.8235014432285,-0.04790195845360237,0,712,1,0,0,0,0,1098,2,0
45239.27469506538,43157.06452983819,2082.2101652271886,0.17351751376893237,0,394,0,0,0,0,0,2324,4,0
20167.64870963644,20762.016098850843,-594.3673892144034,-0.04953061576786695,0,362,2,0,0,0,0,1310,3,0
37781.85674587649,41195.937536309844,-3414.080790433356,-0.284506732536113,0,367,1,0,0,0,0,1545,1,0
19475.265366963948,17259.398999612637,2215.866367351311,0.18465553061260925,0,577,2,0,0,0,0,1648,3,0
32781.41534253691,32831.7353245503,-50.31998201339593,-0.004193331834449661,0,163,0,1,0,0,0,539,4,0
23503.111256263037,22450.53741202378,1052.5738442392576,0.08771448701993813,0,655,0,0,0,0,0,824,2,0
18649.432035011174,18477.362747495034,172.06928751614032,0.014339107293011693,0,188,0,0,0,0,0,746,2,0
22510.230690179964,23855.730670295383,-1345.499980115419,-0.11212499834295159,0,582,0,1,0,0,0,1103,1,0
35781.96053613778,37471.509994496024,-1689.5494583582404,-0.14079578819652003,0,447,1,0,0,0,0,1013,1,0
22651.88210376001,20421.812625586157,2230.069478173853,0.18583912318115442,0,627,1,0,0,0,0,1275,1,0
196461.13538627347,28091.74747867215,168369.3879076013,14.030782325633442,1,10,4,1,2,0,1,259,22,1
10080.418999169207,11330.125697373249,-1249.7066982040415,-0.10414222485033679,1,548,0,0,0,0,0,1312,2,0
27834.846885539926,23880.52698555302,3954.3198999869055,0.32952665833224215,1,158,2,0,0,0,0,1643,6,0
26347.876393909934,26227.266545158403,120.60984875153008,0.010050820729294174,0,399,3,0,0,0,0,2272,4,0
16668.86049688256,17012.545438353878,-343.68494147131787,-0.02864041178927649,1,478,1,0,0,0,0,598,2,0
36491.082804092875,39277.43213014423,-2786.349326051357,-0.23219577717094642,1,148,0,0,0,0,0,1934,2,0
26666.93806396878,24656.574851640547,2010.3632123282332,0.16753026769401944,1,562,0,1,0,0,0,984,3,0
6692.497880299852,6225.1084382430845,467.3894420567676,0.0389491201713973,0,339,1,0,0,0,0,1930,2,0
24207.854929687885,27099.896081731527,-2892.041152043643,-0.24100342933697022,0,731,1,0,0,0,0,1606,2,0
28052.752082650488,32131.781187258388,-4079.0291046079,-0.33991909205065834,0,159,1,0,0,0,0,633,3,0
25820.402793593523,23938.729231888447,1881.6735617050763,0.1568061301420897,0,665,1,0,0,0,0,1242,2,0
20482.34592320678,18501.415210195457,1980.930713011323,0.16507755941761024,0,476,1,0,0,0,0,351,3,0
18325.61950081738,16602.15553005325,1723.4639707641327,0.14362199756367772,1,631,0,0,0,0,0,1079,4,0
14880.457820517187,16839.693217928085,-1959.2353974108973,-0.16326961645090812,0,130,0,0,0,0,0,2092,1,0
26933.613735620456,26675.57996950902,258.0337661114354,0.021502813842619616,0,704,1,0,0,0,0,2288,1,0
28012.80280217083,30539.777243004668,-2526.9744408338374,-0.2105812034028198,0,729,0,0,0,0,0,2472,4,0
17452.286022449938,15721.997416474851,1730.2886059750872,0.1441907171645906,0,753,1,0,0,0,0,920,2,0
35841.724167457214,35911.19745845607,-69.47329099885246,-0.0057894409165710385,0,792,1,0,0,0,0,1643,1,0
27368.815255518,25708.516784998523,1660.2984705194758,0.13835820587662298,0,177,0,0,0,0,0,1542,3,0
31678.70359517489,30389.71261238144,1288.9909827934498,0.10741591523278748,0,734,1,0,0,0,0,2166,1,0
17705.528523972353,20201.05611824445,-2495.527594272098,-0.2079606328560082,0,389,0,0,0,0,0,2440,4,0
20193.796393471064,20305.31185661318,-111.51546314211737,-0.009292955261843113,0,376,0,0,0,0,0,2390,1,0
20806.15360023053,20236.008911987563,570.1446882429664,0.04751205735358053,0,423,1,0,0,0,0,2321,4,0
26956.67341525417,24087.67090922145,2869.002506032717,0.2390835421693931,1,315,1,0,0,0,0,528,7,0
27269.20214139016,26082.51707361741,1186.6850677727489,0.09889042231439574,0,556,1,0,0,0,0,1443,1,0
14382.883862825818,14536.629640248495,-153.74577742267684,-0.012812148118556403,0,227,1,0,0,0,0,864,5,0
116431.5668498625,17147.201440746787,99284.36540911571,8.273697117426309,2,7,7,2,1,0,0,66,20,1
24854.122977057654,23697.46515994127,1156.6578171163856,0.09638815142636546,0,195,0,0,0,0,0,573,2,0
35109.5203718924,33236.70957187303,1872.8108000193752,0.15606756666828125,0,215,0,1,0,0,0,1981,6,0
13432.644365452445,13925.075622885357,-492.4312574329124,-0.041035938119409365,0,730,1,0,0,0,0,2217,2,0
103787.20551265006,35088.95618582476,68698.2493268253,5.724854110568775,2,10,3,1,2,0,1,172,25,1
143844.85696892114,24473.104522085716,119371.75244683542,9.947646037236286,1,16,9,1,2,0,0,216,57,1
13526.323920266937,12513.884356104587,1012.4395641623505,0.08436996368019588,0,764,3,1,0,0,0,2061,3,0
103039.40298283841,27031.291514599878,76008.11146823852,6.334009289019877,2,69,7,1,3,0,0,51,57,1
24506.216014935177,23015.997424492856,1490.2185904423204,0.12418488253686004,0,149,0,0,0,0,0,919,6,0
99522.8060194327,33996.237631760785,65526.56838767191,5.460547365639326,4,36,6,2,1,1,0,44,17,1
41445.35792598068,46205.08953268469,-4759.731606704008,-0.39664430055866734,0,699,0,1,0,0,0,1065,5,0
36029.79670131083,30748.9023009896,5280.894400321227,0.44007453336010227,0,213,0,0,0,0,0,248,5,0
78828.21075876191,11908.793521068868,66919.41723769304,5.576618103141087,3,13,7,1,2,0,0,86,38,1
18826.514314242762,16454.557463197558,2371.9568510452045,0.1976630709204337,0,193,2,0,0,0,0,1336,1,0
23621.770321809596,26623.643801013637,-3001.8734792040414,-0.2501561232670034,0,416,0,0,0,0,0,836,1,0
25506.50219526069,23976.046796642902,1530.455398617789,0.12753794988481573,0,572,0,1,0,0,0,2184,1,0
19811.669104747143,21328.112009730216,-1516.4429049830724,-0.12637024208192268,1,380,1,0,0,0,0,188,8,0
23563.142682680314,23772.122500813475,-208.97981813316073,-0.017414984844430062,0,321,0,0,0,0,0,785,2,0
19738.26815653906,22385.688324034887,-2647.4201674958276,-0.22061834729131896,0,730,0,0,0,0,0,1864,1,0
8257.903236891962,8056.258086680127,201.64515021183433,0.01680376251765286,1,159,1,0,0,0,0,1230,4,0
29293.59178580434,31780.48282770306,-2486.8910418987216,-0.2072409201582268,0,152,1,0,0,0,0,1508,2,0
131608.60663825308,10420.96338575412,121187.64325249897,10.09897027104158,2,20,8,2,1,0,0,56,31,1
14760.735139224083,12768.979644245146,1991.7554949789373,0.1659796245815781,0,520,0,0,0,0,0,1935,1,0
23556.677466661735,22716.747547882853,839.929918778882,0.06999415989824016,0,284,0,0,0,0,0,1769,2,0
21473.101763175677,20926.040969855236,547.060793320441,0.045588399443370085,0,344,0,0,0,0,0,358,1,0
21348.697404975286,22869.724747154803,-1521.0273421795173,-0.12675227851495977,0,218,1,0,0,0,0,2303,1,0
128463.47769379102,19301.22041426228,109162.25727952874,9.096854773294062,2,66,4,1,1,0,1,175,23,1
22569.627712922662,21391.351254007248,1178.276458915414,0.09818970490961783,0,239,1,0,0,0,0,527,9,0
33524.53415423744,35076.4484181824,-1551.9142639449637,-0.12932618866208032,0,225,2,0,1,0,0,1448,5,0
22563.513946311225,20914.69669176616,1648.8172545450652,0.13740143787875544,0,508,1,0,0,0,0,1360,1,0
17764.47291677092,19549.962118740434,-1785.4892019695144,-0.14879076683079287,0,456,1,0,0,0,0,793,5,0
23392.331547291018,23801.298681375076,-408.96713408405776,-0.03408059450700481,0,680,0,0,0,0,0,1162,1,0
181672.31239782283,20312.323695927953,161359.98870189488,13.446665725157906,2,53,3,0,2,0,0,206,38,1
14601.55970351626,12956.358357915955,1645.2013456003042,0.13710011213335868,0,463,0,0,0,0,0,342,1,0
31403.26896062616,36097.80892854503,-4694.539967918874,-0.3912116639932395,1,304,1,0,0,0,0,1952,6,0
24688.372337312252,28302.62150319035,-3614.2491658780964,-0.30118743048984137,0,174,2,0,0,0,0,717,5,0
28708.277463625214,32749.617447268804,-4041.339983643589,-0.3367783319702991,0,275,0,0,0,0,0,1513,2,0
33463.2307073078,32724.261127191818,738.9695801159796,0.0615807983429983,1,392,0,0,0,0,0,2359,2,0
31516.906074269016,34096.292147717635,-2579.386073448619,-0.21494883945405158,0,749,2,0,0,0,0,1557,6,0
11020.45303105847,12363.584751449926,-1343.131720391455,-0.11192764336595458,0,772,2,0,0,0,0,1596,1,0
116698.57154747982,14107.125736986316,102591.4458104935,8.54928715087446,3,71,6,0,4,0,1,193,59,1
36346.330550681516,36485.20773839223,-138.87718771071377,-0.011573098975892815,0,651,1,0,0,0,0,804,2,0
15182.416132734945,13586.42987325891,1595.9862594760343,0.1329988549563362,0,238,0,0,0,0,0,1096,5,0
13085.515149346167,13410.8316337347,-325.31648438853335,-0.027109707032377778,0,274,0,0,0,0,0,1288,3,0
24314.431197131296,21740.042840169,2574.388356962296,0.21453236308019133,0,209,0,0,0,0,0,1476,1,0
20713.36069436648,23075.346644420413,-2361.9859500539314,-0.19683216250449428,0,644,1,0,0,0,0,724,2,0
136047.74726477527,11578.55213344872,124469.19513132656,10.372432927610546,2,37,3,1,2,0,1,42,45,1
41155.12934180703,42922.8896906855,-1767.7603488784735,-0.14731336240653944,0,799,1,0,0,0,0,1426,7,0
209091.24376536065,17029.814988386366,192061.42877697427,16.005119064747856,2,48,5,0,3,0,0,200,28,1
34214.84803127597,34319.70902087301,-104.86098959703668,-0.008738415799753057,0,571,1,0,0,0,0,837,1,0
20829.743668496525,18616.807075301156,2212.936593195369,0.18441138276628075,0,687,1,0,0,0,0,677,8,0
28122.33966074796,32213.009060039643,-4090.6693992916844,-0.3408891166076404,0,582,2,0,0,0,0,1734,2,0
38329.09354798078,32957.29518569687,5371.798362283909,0.4476498635236591,0,656,1,0,0,0,0,858,2,0
20616.566186358017,20212.08380823105,404.48237812696607,0.03370686484391384,0,359,0,0,0,0,0,766,1,0
20634.837323097483,18644.81095723199,1990.0263658654912,0.16583553048879093,1,276,1,0,0,0,0,191,3,0
31541.224619586115,33139.41947046271,-1598.1948508765927,-0.13318290423971604,0,365,1,0,0,0,0,1333,5,0
38991.02449900958,36477.26729368745,2513.75720532213,0.20947976711017752,0,248,2,0,0,0,0,1579,3,0
22823.63451636462,23353.59429182866,-529.9597754640417,-0.04416331462200348,0,611,1,0,0,0,0,1248,2,0
188726.65427221253,15452.350931761499,173274.30334045104,14.439525278370919,2,27,5,0,1,0,0,69,50,1
73934.56719415492,70063.40475890931,3871.162435245613,0.3225968696038011,0,737,1,0,0,0,0,257,3,0
18596.727444873897,19679.16826028449,-1082.4408154105913,-0.09020340128421594,0,698,1,0,0,0,0,777,2,0
83044.44673828856,35058.152192789355,47986.29454549921,3.9988578787916005,4,74,7,1,1,0,0,238,51,1
31855.26843729214,33812.687068581814,-1957.4186312896745,-0.16311821927413955,0,401,0,0,0,0,0,2154,1,0
25848.546271451436,23054.129700896436,2794.4165705550004,0.23286804754625004,0,133,1,0,0,0,0,1058,3,0
54802.03894511741,50044.87557692186,4757.16336819555,0.3964302806829625,0,618,1,0,0,0,0,280,8,0
10718.32561775854,9563.022479421856,1155.3031383366852,0.0962752615280571,0,510,1,1,0,0,0,565,3,0
34673.478784904495,35831.28363018333,-1157.8048452788353,-0.0964837371065696,0,124,1,1,0,0,0,523,2,0
39490.76217221215,37610.71645938975,1880.0457128224007,0.15667047606853338,0,796,0,0,0,0,0,1929,1,0
43151.47724973426,41548.14928941404,1603.3279603202172,0.13361066336001812,0,171,0,0,0,0,0,1733,7,0
37648.05001606835,41698.78720149878,-4050.7371854304292,-0.3375614321192024,0,308,1,0,0,0,0,1527,1,0
23132.153072726698,19757.124866191927,3375.028206534771,0.28125235054456427,0,139,1,1,0,0,0,1909,7,0
18199.747098177937,17841.686027883985,358.06107029395207,0.029838422524496006,0,279,0,0,0,0,0,1952,2,0
28087.373408892217,31132.292295907915,-3044.9188870156977,-0.2537432405846415,0,652,0,1,0,0,0,1174,3,0
16815.118967560913,16116.341480024068,698.777487536845,0.05823145729473708,0,690,1,0,0,0,0,1609,1,0
28568.563741299,31726.521417364507,-3157.9576760655073,-0.2631631396721256,0,467,0,0,1,0,0,300,8,0
114544.1077773741,23977.44777198939,90566.6600053847,7.547221667115393,2,45,5,1,2,0,0,82,36,1
10055.095415485615,11313.902298932606,-1258.8068834469905,-0.10490057362058254,0,518,0,0,1,0,0,764,3,0
27908.378310705644,29682.545253557524,-1774.1669428518799,-0.14784724523765666,0,657,2,1,0,0,0,1656,8,0
16064.246210119953,17167.002961923834,-1102.7567518038813,-0.09189639598365677,0,138,3,1,1,0,0,1106,1,0
27917.01122130695,29723.32403603314,-1806.3128147261887,-0.15052606789384906,0,590,0,0,0,0,0,861,1,0
28349.938024777053,30997.443939929282,-2647.505915152229,-0.22062549292935243,0,276,0,1,0,0,0,1592,3,0
30495.480761509483,26617.273235326964,3878.2075261825194,0.3231839605152099,0,585,1,0,0,0,0,2132,7,0
14662.866147437746,13114.268384478639,1548.597762959107,0.1290498135799256,1,180,1,0,0,0,0,1919,2,0
157748.3822082528,21423.3658991652,136325.0163090876,11.3604180257573,1,17,2,2,2,0,0,204,18,1
62137.80813591736,15409.522999582936,46728.28513633442,3.894023761361202,4,48,5,1,2,0,0,54,24,1
30733.43660471674,28508.092108845845,2225.3444958708933,0.18544537465590777,0,527,1,0,0,0,0,774,2,0
137532.79958906013,14765.775458157452,122767.02413090268,10.23058534424189,3,47,5,0,2,0,1,25,42,1
19574.141204931762,17780.932483298588,1793.2087216331747,0.1494340601360979,1,379,0,0,0,0,0,1308,10,0
121400.83530103073,29785.6264894003,91615.20881163044,7.634600734302537,3,43,4,0,3,0,1,110,22,1
29485.94739604199,27867.821431866854,1618.1259641751349,0.1348438303479279,0,230,2,0,0,0,0,2230,3,0
23945.647439158223,25063.38680921057,-1117.7393700523462,-0.09314494750436218,0,185,0,0,0,0,0,1964,1,0
35390.74586678801,33747.24242718575,1643.5034396022602,0.13695861996685502,0,650,0,0,0,0,0,1092,10,0
13523.443787108807,14282.606052725192,-759.1622656163854,-0.06326352213469878,0,152,0,0,0,0,0,1485,2,0
18258.193550433105,18082.32621969893,175.86733073417417,0.014655610894514514,1,588,0,0,0,0,0,1595,3,0
19596.98314619657,17016.91987810082,2580.0632680957497,0.21500527234131248,0,522,0,0,1,0,0,555,4,0
23353.69837631623,22553.1265517989,800.5718245173302,0.06671431870977752,0,276,1,0,0,0,0,1469,4,0
27002.717411929356,30221.14366459579,-3218.426252666435,-0.26820218772220294,0,399,1,0,0,0,0,1366,2,0
25130.106580663836,25243.039852109156,-112.9332714453194,-0.009411105953776618,0,731,2,0,0,0,0,1696,5,0
20750.52242755374,19676.977160928644,1073.5452666250967,0.08946210555209139,0,462,1,0,0,0,0,1284,6,0
31793.037067899946,30760.346100610433,1032.6909672895126,0.08605758060745938,0,763,0,0,0,0,0,1652,2,0
16649.89123293569,16618.770045644374,31.121187291315437,0.0025934322742762863,0,742,0,0,1,0,0,1581,1,0
197901.50309300626,13307.920860855833,184593.58223215042,15.382798519345869,4,23,2,2,2,0,1,56,24,1
44143.80919896185,47928.70556023158,-3784.8963612697335,-0.31540803010581114,0,178,1,1,0,0,0,902,1,0
84816.90131906119,26011.720243389762,58805.181075671426,4.900431756305952,3,26,4,2,2,0,0,297,24,1
9585.221234536122,10675.03876935234,-1089.8175348162185,-0.09081812790135155,0,264,0,0,0,0,0,1930,1,0
36684.46600583685,36178.82921907311,505.6367867637455,0.04213639889697879,0,752,2,1,0,0,0,250,3,0
20562.987769337957,20219.888328209156,343.0994411288011,0.02859162009406676,0,201,0,0,0,0,0,2283,5,0
19911.254464519727,21203.48110420343,-1292.226639683704,-0.10768555330697534,0,170,0,0,0,0,0,1937,3,0
13334.717168212257,11563.251949261576,1771.4652189506814,0.14762210157922345,1,553,4,0,0,0,0,234,9,0
279383.42021097074,25988.216106019194,253395.20410495155,21.116267008745965,3,52,7,0,4,1,0,165,56,1
25420.922885358894,28556.358097725737,-3135.435212366843,-0.26128626769723695,0,439,0,0,0,0,0,605,5,0
32027.784723572775,29417.496279086005,2610.2884444867705,0.2175240370405642,0,416,1,0,0,0,0,1324,1,0
51303.48889151534,44803.42529524412,6500.063596271226,0.5416719663559355,0,126,0,0,0,0,0,2009,5,0
71822.3371253077,22539.92501140085,49282.41211390686,4.106867676158905,3,69,3,1,2,0,0,50,57,1
18556.773995432635,17040.796673865192,1515.9773215674431,0.12633144346395359,0,288,1,1,1,0,0,1457,3,0
21901.735957074794,18690.060831497507,3211.675125577287,0.26763959379810726,0,390,1,0,0,0,0,2377,3,0
44565.2247483142,47402.90061859693,-2837.6758702827283,-0.23647298919022736,0,189,0,0,0,0,0,2444,2,0
21976.747963480542,23498.169447671316,-1521.4214841907742,-0.1267851236825645,1,720,1,0,0,0,0,704,3,0
17887.885177448883,16704.29258963071,1183.5925878181733,0.09863271565151445,0,436,1,0,0,0,0,2381,6,0
19026.81174850712,18090.2008345997,936.6109139074215,0.07805090949228513,0,662,2,0,0,0,0,872,2,0
21261.274739646437,22121.809326624167,-860.5345869777302,-0.07171121558147751,0,275,1,0,0,0,0,1929,17,0
32101.669043912847,35074.75289378582,-2973.0838498729754,-0.2477569874894146,0,231,0,0,1,0,0,1258,11,0
22206.252180042247,23238.361484452074,-1032.109304409827,-0.08600910870081892,0,269,1,0,0,0,0,1744,1,0
39510.124731604956,34906.44292110134,4603.6818105036145,0.38364015087530123,0,614,0,0,1,0,0,2443,11,0
19253.567911411134,21386.90236641179,-2133.334455000655,-0.1777778712500546,1,745,1,1,0,0,0,1965,2,0
18241.77507806443,20729.683429331773,-2487.9083512673424,-0.2073256959389452,0,427,0,0,0,0,0,1958,4,0
12547.614977459643,12246.708124126722,300.90685333292095,0.025075571111076746,0,191,0,0,0,0,0,280,4,0
31819.224407582944,35132.05354503366,-3312.829137450717,-0.27606909478755975,0,233,1,0,0,0,0,320,6,0
21891.131767750052,19462.493225523518,2428.638542226534,0.2023865451855445,0,211,0,0,1,0,0,1636,3,0
21988.75483628113,22835.34189822058,-846.5870619394518,-0.07054892182828765,0,570,4,0,0,0,0,494,3,0
37503.604463896256,36089.63116910135,1413.9732947949087,0.11783110789957572,0,543,0,0,0,0,0,881,1,0
33139.49046134671,32460.49191514051,678.9985462061995,0.056583212183849964,0,628,0,0,0,0,0,1553,2,0
21772.042086929832,24668.835379982553,-2896.7932930527204,-0.2413994410877267,0,167,2,0,0,0,0,1766,1,0
33947.583739456255,36759.631143405095,-2812.04740394884,-0.23433728366240333,0,597,0,0,0,0,0,914,1,0
23347.100426663,20536.714005836297,2810.386420826704,0.23419886840222534,0,486,0,0,0,0,0,2427,9,0
10192.035220245943,10523.233766477575,-331.19854623163155,-0.027599878852635963,0,434,1,0,0,0,0,1275,1,0
27969.00162585299,32057.92044220495,-4088.918816351961,-0.34074323469599677,0,721,0,0,0,0,0,2185,1,0
23530.58677963773,21335.303514416577,2195.2832652211546,0.1829402721017629,0,192,0,0,0,0,0,1458,8,0
27699.377902355056,30101.52875042874,-2402.1508480736848,-0.20017923733947374,0,690,0,0,0,0,0,2167,1,0
125859.65817180053,16408.588929047473,109451.06924275306,9.120922436896088,2,59,6,1,1,0,1,244,59,1
13888.927951303456,15805.335723668719,-1916.4077723652626,-0.1597006476971052,0,330,0,0,0,0,0,2136,5,0
16498.114416704717,16279.758185520315,218.35623118440162,0.018196352598700134,0,256,1,0,0,0,0,2044,2,0
37670.56612894164,40744.360806155244,-3073.7946772136056,-0.25614955643446713,0,336,1,1,0,0,0,973,1,0
25957.385667639013,24548.64205804201,1408.7436095970043,0.11739530079975036,0,214,1,0,0,0,0,857,1,0
21836.572701668545,23274.521856244675,-1437.9491545761302,-0.11982909621467752,0,224,0,0,0,0,0,846,5,0
18359.506766254744,19069.251802815525,-709.7450365607801,-0.059145419713398345,1,416,0,0,0,0,0,2411,1,0
36653.726677428785,36017.09263878465,636.634038644137,0.05305283655367809,1,488,0,0,0,0,0,767,3,0
19841.059157297652,18346.422559135197,1494.636598162455,0.12455304984687124,0,780,1,0,0,0,0,1374,2,0
39240.386382444914,41348.408572348664,-2108.0221899037497,-0.17566851582531248,0,322,2,0,0,0,0,1269,4,0
140878.2720008099,9912.545363911395,130965.7266368985,10.913810553074875,1,65,8,3,2,0,1,183,21,1
80952.02225533708,19281.05390999201,61670.96834534507,5.139247362112089,2,44,4,2,4,0,0,282,50,1
42957.79617724122,45879.804843145335,-2922.0086659041117,-0.24350072215867596,0,515,1,1,1,0,0,1269,3,0
18836.94535336069,16363.566224745768,2473.3791286149226,0.20611492738457687,0,682,0,0,0,0,0,2143,2,0
45783.41747745004,50920.289607875435,-5136.872130425392,-0.42807267753544936,0,226,0,0,0,0,0,1405,2,0
20530.582032876962,22913.766224007166,-2383.1841911302035,-0.19859868259418362,1,565,2,0,0,0,0,771,2,0
24367.39127824303,24789.225631842342,-421.8343535993117,-0.03515286279994265,0,201,1,0,0,0,0,1506,6,0
37328.776340979144,33996.94300023512,3331.8333407440223,0.2776527783953352,1,470,3,0,0,0,0,859,4,0
37699.72171346787,40510.90309021778,-2811.1813767499043,-0.2342651147291587,1,628,0,0,0,0,0,2246,3,0
41286.45777643309,42730.507432565326,-1444.0496561322361,-0.120337471344353,0,507,1,1,0,0,0,2081,2,0
17244.143068764366,19077.659139187697,-1833.5160704233313,-0.15279300586861094,0,325,0,0,0,0,0,2365,2,0
9543.959699759429,10847.89603027033,-1303.9363305109018,-0.10866136087590848,0,757,0,0,0,0,0,1800,1,0
32399.3129138472,33124.81845463153,-725.505540784332,-0.060458795065361,1,310,1,0,0,0,0,2405,2,0
22260.28083873504,25140.928357581233,-2880.647518846192,-0.2400539599038493,0,614,0,0,0,0,0,1334,2,0
22984.49884070229,23305.782579303028,-321.2837386007377,-0.026773644883394808,0,309,2,0,0,0,0,2233,1,0
157468.12307368213,30440.15313813478,127027.96993554736,10.585664161295613,2,20,5,1,2,0,0,95,53,1
23152.57496661132,25832.82866959662,-2680.253702985301,-0.22335447524877508,1,785,0,0,0,0,0,1160,8,0
44348.1001330337,41876.68943819929,2471.4106948344124,0.20595089123620103,0,556,2,0,0,0,0,987,1,0
26256.102552793716,29957.626768312057,-3701.5242155183405,-0.30846035129319505,1,238,2,0,0,0,0,192,2,0
97424.50964920392,38965.08806745334,58459.421581750576,4.871618465145882,4,65,4,1,4,0,0,28,30,1
120128.255575299,31250.55168347039,88877.70389182861,7.406475324319051,3,42,4,1,2,1,0,250,15,1
17503.983023030654,16535.08088384033,968.9021391903225,0.08074184493252687,0,400,1,0,0,0,0,1329,5,0
18087.10025217852,17123.057691897306,964.0425602812138,0.08033688002343449,0,185,0,0,0,0,0,511,10,0
21499.750154324098,20843.511619445686,656.2385348784119,0.05468654457320099,0,675,1,1,0,0,0,577,11,0
126262.12177608321,16839.31916643664,109422.80260964658,9.118566884137215,3,22,2,1,4,0,0,28,35,1
11965.225777992511,12621.197168194949,-655.9713902024378,-0.05466428251686981,0,601,2,0,0,0,0,1565,1,0
15026.352794119077,14813.24346882408,213.1093252949977,0.01775911044124981,0,353,1,0,0,0,0,825,3,0
25015.85344779319,27752.671012099152,-2736.817564305962,-0.22806813035883017,0,443,1,0,0,0,0,882,1,0
32249.36068582088,35287.095419495556,-3037.734733674675,-0.25314456113955625,0,346,0,0,0,0,0,1956,2,0
168299.70810891187,24444.249560363827,143855.45854854805,11.98795487904567,1,69,3,3,1,0,0,144,38,1
144836.84195879905,20334.433394834334,124502.40856396471,10.375200713663725,3,40,7,2,3,0,0,103,28,1
17212.65579857385,19494.13102672754,-2281.4752281536894,-0.1901229356794741,0,606,0,0,0,0,0,1223,6,0
23982.227448263704,23671.535242172202,310.69220609150216,0.025891017174291847,0,635,1,0,0,0,0,1857,1,0
19255.563653420486,21345.411413482365,-2089.847760061879,-0.17415398000515658,0,640,2,0,0,0,0,1807,4,0
11992.867276460733,11306.597431193799,686.2698452669338,0.05718915377224448,0,593,1,0,0,0,0,953,3,0
94569.49928082556,20466.37659996377,74103.1226808618,6.175260223405149,2,72,4,2,3,1,0,241,42,1
17278.45606989902,16365.374144842697,913.0819250563236,0.0760901604213603,0,367,0,0,0,0,0,1939,2,0
14793.808304863365,15639.508075080736,-845.6997702173703,-0.07047498085144753,0,467,1,0,0,0,0,1049,1,0
50843.86585931791,45807.87398973759,5035.991869580321,0.4196659891316934,0,396,0,0,0,0,0,2409,4,0
45072.692578756665,48829.2149795846,-3756.522400827933,-0.3130435334023277,0,432,1,0,0,0,0,1657,3,0
48609.742916221156,53093.97320408946,-4484.230287868304,-0.37368585732235865,1,150,0,0,0,0,0,917,1,0
49283.122609296726,53285.82807189631,-4002.7054625995806,-0.33355878854996507,0,212,1,0,0,0,0,483,4,0
31121.45481619551,29774.08930375267,1347.3655124428406,0.11228045937023672,1,195,0,0,1,0,0,2120,1,0
24710.229822241665,24986.05662147613,-275.8267992344663,-0.022985566602872192,0,352,1,0,0,0,0,900,2,0
26492.80645686549,26275.55004655053,217.25641031496343,0.018104700859580287,0,423,0,0,0,0,0,544,2,0
11070.03827966498,9536.241101178795,1533.7971784861838,0.1278164315405153,0,229,1,0,0,0,0,1323,6,0
14382.088636589056,15376.895997983353,-994.8073613942961,-0.08290061344952468,0,364,0,0,0,0,0,525,2,0
25898.664098810917,29611.724397363618,-3713.0602985527003,-0.30942169154605836,0,768,0,0,0,0,0,1389,1,0
108686.02557503153,22895.357745921094,85790.66782911043,7.149222319092536,2,32,6,0,4,0,0,233,18,1
19233.065627014148,17389.47824458262,1843.5873824315277,0.15363228186929398,0,515,1,0,0,0,0,2144,1,0
23297.30266933372,25697.332404928467,-2400.0297355947478,-0.20000247796622897,0,361,0,0,0,0,0,345,3,0
21132.62704154502,21557.078871123726,-424.45182957870566,-0.03537098579822547,0,574,1,1,0,0,0,2102,1,0
160161.92974598325,28790.96218111844,131370.9675648648,10.947580630405401,1,14,4,1,2,0,1,140,22,1
21022.5052674833,20874.19070146223,148.31456602106846,0.012359547168422372,0,316,0,0,0,0,0,415,3,0
25425.349986167825,28318.29187884394,-2892.9418926761136,-0.2410784910563428,0,434,0,0,0,0,0,1370,1,0
30612.207585698863,28265.850727334207,2346.3568583646556,0.19552973819705463,0,516,1,0,0,0,0,2320,9,0
29469.962782926334,31135.687622917998,-1665.7248399916643,-0.1388104033326387,0,793,0,0,0,0,0,563,6,0
30467.422791871028,29493.39899249023,974.0237993807968,0.08116864994839974,0,717,1,1,0,0,0,2168,1,0
165144.8080468244,14836.225051017933,150308.58299580644,12.525715249650537,3,17,3,1,2,0,0,65,33,1
20140.025464862578,18855.214664604788,1284.81080025779,0.10706756668814918,0,583,1,1,0,0,0,1790,2,0
20765.753000036555,23114.529556825637,-2348.776556789082,-0.1957313797324235,0,586,0,0,0,0,0,395,3,0
22032.89320933323,19881.68447134162,2151.2087379916084,0.17926739483263404,0,756,1,0,0,0,0,2473,5,0
31874.857914765566,28255.57460677176,3619.2833079938064,0.3016069423328172,0,621,0,1,0,0,0,364,3,0
17785.705418885864,18207.6136241308,-421.90820524493756,-0.0351590171037448,0,346,0,0,0,0,0,1810,1,0
24475.224469591893,24898.467624403384,-423.24315481149097,-0.03527026290095758,0,711,0,0,0,0,0,1709,10,0
22147.44012809625,23795.80344009446,-1648.3633119982114,-0.13736360933318428,1,324,1,0,0,0,0,2286,1,0
11959.374656964123,12687.165355904168,-727.7906989400453,-0.06064922491167044,0,120,1,0,0,0,0,2403,4,0
22627.684189825064,21021.595685090128,1606.0885047349366,0.13384070872791137,0,193,0,0,0,0,0,1212,6,0
26183.062041768248,27913.69130853172,-1730.6292667634734,-0.14421910556362277,0,745,0,0,0,0,0,1480,2,0
20890.635202632966,23551.762857263257,-2661.1276546302906,-0.22176063788585756,0,387,3,0,0,0,0,1044,2,0
162609.63447193324,16421.544598505854,146188.08987342738,12.182340822785616,4,57,5,0,4,0,1,233,22,1
12703.398057314102,11028.65417300735,1674.743884306752,0.139561990358896,0,652,1,0,1,0,0,1564,5,0
45711.3633935363,51567.15515374434,-5855.791760208034,-0.4879826466840029,0,603,1,0,0,0,0,2231,3,0
23665.78603035825,23380.535904361255,285.25012599699403,0.023770843833082835,1,196,0,0,0,0,0,1983,2,0
40076.02409981274,43749.02911463816,-3673.005014825416,-0.30608375123545134,1,340,1,0,0,0,0,942,1,0
10320.569526257703,9588.550986877946,732.0185393797565,0.06100154494831304,0,613,1,0,0,0,0,790,4,0
23870.92950032041,25034.614921461733,-1163.6854211413229,-0.09697378509511025,0,223,2,0,0,0,0,2305,2,0
74506.04409121981,27828.40896110588,46677.63513011393,3.889802927509494,1,5,4,1,3,1,1,168,15,1
6455.449189538412,6498.197634611027,-42.74844507261514,-0.0035623704227179284,1,758,1,0,0,0,0,835,9,0
23493.716404184426,24415.29265690427,-921.5762527198422,-0.07679802105998684,0,641,0,0,0,0,0,696,2,0
14832.016027916801,13440.084462309418,1391.9315656073832,0.1159942971339486,0,362,1,0,0,0,0,944,6,0
223165.9811122967,9261.352629577026,213904.62848271968,17.825385706893307,1,59,8,0,2,0,1,229,40,1
121456.1860180445,34823.515386071966,86632.67063197252,7.219389219331044,2,6,3,3,1,0,1,204,39,1
23786.524117520155,26149.12828967691,-2362.6041721567562,-0.19688368101306303,0,555,1,0,0,0,0,461,3,0
13815.262258757806,15432.929437536097,-1617.6671787782907,-0.13480559823152422,0,761,0,0,0,0,0,2166,1,0
27109.256613472317,26534.617228313702,574.6393851586145,0.04788661542988454,0,329,1,0,0,0,0,749,1,0
27012.152242098946,30044.9568430655,-3032.804600966556,-0.252733716747213,0,415,1,0,0,0,0,858,3,0
15767.647779953943,14701.61388946277,1066.0338904911732,0.0888361575409311,0,737,1,0,0,0,0,806,3,0
13437.9471813837,12531.048045896046,906.8991354876543,0.07557492795730453,0,580,2,0,0,0,0,1259,4,0
20895.295307130767,23648.6107165258,-2753.3154093950325,-0.22944295078291937,0,375,0,0,0,0,0,1674,1,0
11184.41160163255,10078.60838551067,1105.8032161218798,0.09215026801015665,0,286,0,1,0,0,0,1663,2,0
42613.6521352323,47393.7180365632,-4780.065901330898,-0.3983388251109081,1,252,1,0,0,0,0,2431,1,0
35817.89286659981,33214.72070765589,2603.1721589439185,0.21693101324532654,0,263,1,0,1,0,0,2329,4,0
98848.39989394358,21332.524600035315,77515.87529390826,6.459656274492355,2,67,6,2,1,0,0,173,15,1
154532.77069650486,27124.68290212003,127408.08779438483,10.61734064953207,2,57,4,1,3,1,0,125,23,1
18624.912138592183,21351.97889959916,-2727.066761006976,-0.22725556341724798,0,535,1,0,0,0,0,682,3,0
174964.77672045448,12755.147673351956,162209.62904710253,13.517469087258544,1,25,4,3,2,1,1,227,36,1
130159.19820994731,20289.607212402523,109869.59099754479,9.155799249795399,2,6,2,3,1,1,1,71,46,1
20940.772198929746,22582.13984589176,-1641.367646962015,-0.1367806372468346,0,304,1,0,0,0,0,2223,1,0
25153.78072172637,27800.816569578998,-2647.0358478526286,-0.22058632065438571,0,523,1,1,0,0,0,2192,5,0
46069.2928495751,41355.92176295548,4713.37108661962,0.3927809238849683,0,152,1,0,0,0,0,540,9,0
35655.49978036811,30878.554253641574,4776.945526726537,0.39807879389387807,0,329,0,0,0,0,0,195,4,0
22271.7480272742,24604.07359812742,-2332.3255708532197,-0.19436046423776832,0,415,2,0,0,0,0,1953,2,0
22149.139717201855,23641.756976955803,-1492.617259753948,-0.12438477164616234,0,460,1,1,0,0,0,475,4,0
24556.43572686749,20961.441040261027,3594.994686606464,0.29958289055053866,0,456,2,0,0,0,0,939,2,0
15049.139321996288,13990.593120846495,1058.546201149793,0.08821218342914941,1,783,0,0,0,0,0,1402,5,0
102273.11271261066,16015.547429064232,86257.56528354643,7.188130440295535,3,14,2,1,2,0,0,277,52,1
10579.399777190929,11635.802700126145,-1056.4029229352163,-0.08803357691126802,0,350,1,0,0,0,0,1448,3,0
14644.986832742472,14439.091490213057,205.89534252941485,0.01715794521078457,0,428,0,0,0,0,0,1534,4,0
61473.594445889765,52778.49557767941,8695.098868210356,0.724591572350863,0,375,1,0,0,0,0,758,2,0
19527.02175960173,17142.184919577707,2384.8368400240215,0.19873640333533513,0,416,0,0,0,0,0,772,1,0
41520.50046005103,39494.25267645381,2026.2477835972168,0.16885398196643472,0,775,0,0,0,0,0,1242,3,0
12771.71729157497,14121.752114956784,-1350.034823381813,-0.11250290194848443,0,194,1,0,0,0,0,718,5,0
34730.87383169675,32103.923325445063,2626.9505062516873,0.2189125421876406,0,239,1,0,1,0,0,1840,1,0
46346.15679697746,40386.50932218562,5959.64747479184,0.4966372895659867,0,641,1,0,0,0,0,277,1,0
21880.50225608123,20380.813613283368,1499.6886427978607,0.12497405356648839,0,377,2,0,0,0,0,1319,5,0
18929.489237929673,21691.67222360651,-2762.182985676838,-0.23018191547306985,0,479,1,0,0,0,0,1296,2,0
20771.284142741537,18981.946674413295,1789.3374683282418,0.14911145569402015,0,742,0,0,0,0,0,1776,11,0
83336.45010192954,28966.37968961807,54370.07041231147,4.530839201025956,2,60,3,2,3,0,1,114,25,1
22721.241145508953,25435.71960421919,-2714.4784587102367,-0.22620653822585307,0,346,1,0,0,0,0,1846,5,0
35680.73775389511,40872.38944001069,-5191.651686115576,-0.4326376405096313,0,351,1,0,0,0,0,1964,2,0
15792.012605671243,18145.4769069106,-2353.464301239357,-0.19612202510327975,0,151,0,0,0,0,0,1132,1,0
17359.813841906027,14801.540199935087,2558.27364197094,0.213189470164245,1,319,0,0,0,0,0,2313,1,0
22803.901028478198,23161.113201712105,-357.2121732339074,-0.029767681102825613,1,174,0,0,0,0,0,2363,5,0
12175.571989343407,11808.984324936955,366.58766440645195,0.030548972033870997,0,297,1,0,0,0,0,744,15,0
16973.57917766057,16067.76339655267,905.8157811079,0.07548464842565833,1,205,1,0,1,0,0,1200,2,0
21461.623198982412,23602.352344267783,-2140.7291452853715,-0.17839409544044763,0,778,2,0,0,0,0,879,1,0
121331.88066657647,14244.306749762613,107087.57391681385,8.923964493067821,3,15,6,0,2,0,0,260,31,1
26473.24912671049,23487.83601283336,2985.41311387713,0.24878442615642749,1,310,1,0,0,0,0,1120,13,0
147562.670578111,20557.10518970916,127005.56538840182,10.583797115700152,3,5,4,1,1,1,1,156,35,1
15642.353058280776,17619.84801310288,-1977.4949548221048,-0.1647912462351754,0,581,0,1,0,0,0,2229,4,0
32058.560036177583,29216.10056570145,2842.459470476133,0.23687162253967775,0,540,2,0,0,0,0,543,1,0
17098.903000580933,17890.89015133232,-791.987150751389,-0.06599892922928241,0,602,2,0,0,0,0,250,4,0
30437.17982144389,30973.009119833754,-535.8292983898646,-0.044652441532488714,0,275,2,0,0,0,0,184,2,0
141155.4921573131,12758.094322165618,128397.39783514748,10.699783152928957,2,39,5,0,4,1,1,278,51,1
135962.88047625325,20602.39235088006,115360.48812537319,9.613374010447766,1,64,2,1,4,0,0,52,43,1
29264.209653209662,30377.890943499337,-1113.6812902896745,-0.09280677419080621,0,705,0,0,1,0,0,1910,2,0
37871.49619030798,43192.04354218205,-5320.547351874069,-0.4433789459895058,0,628,2,0,0,0,0,359,1,0
16490.22276479798,14018.221614561027,2472.0011502369543,0.20600009585307952,0,727,1,0,0,0,0,1630,2,0
15178.05844560842,15701.292045095937,-523.2335994875175,-0.043602799957293124,0,476,1,0,0,0,0,228,5,0
19758.81338431044,20589.219385234494,-830.4060009240529,-0.06920050007700441,0,482,1,0,0,0,0,758,3,0
27017.00677442769,24294.0162666956,2722.990507732091,0.2269158756443409,0,176,1,0,0,0,0,2281,6,0
14995.052378698238,12812.50824062792,2182.544138070318,0.18187867817252648,0,337,4,0,0,0,0,861,2,0
15285.018707729485,13778.739714870697,1506.2789928587881,0.125523249404899,0,236,2,0,0,0,0,1513,2,0
17441.733535935135,17039.423021216,402.3105147191345,0.033525876226594545,0,771,0,0,0,0,0,2177,2,0
86754.82070161564,38161.72481016816,48593.095891447476,4.049424657620623,1,17,4,0,2,0,0,44,23,1
114901.53188789422,18043.9998267833,96857.53206111092,8.071461005092576,3,34,2,0,1,0,1,113,29,1
20348.10074890946,19960.392204374337,387.7085445351222,0.03230904537792685,1,456,0,1,0,0,0,1256,2,0
18967.826394684667,17549.815208785913,1418.0111858987548,0.11816759882489623,0,344,0,1,0,0,0,2079,1,0
34727.90613006389,33328.11622162993,1399.789908433966,0.11664915903616384,0,398,0,0,0,0,0,2156,2,0
104903.88223387151,20733.524389610167,84170.35784426134,7.014196487021778,3,70,1,2,3,0,1,36,57,1
11517.98113264615,10151.398803170547,1366.5823294756028,0.11388186078963357,1,693,1,0,0,0,0,1594,1,0
33571.6460664514,29727.599326484382,3844.0467399670197,0.320337228330585,0,148,1,0,0,0,0,1545,4,0
18452.673201977963,20096.316829738866,-1643.6436277609027,-0.13697030231340857,0,355,2,0,0,0,0,922,4,0
28766.30887259539,24519.063369952764,4247.245502642625,0.35393712522021875,0,468,0,0,0,0,0,732,4,0
24786.484203553697,28338.005932304295,-3551.5217287505984,-0.2959601440625499,0,460,0,0,0,0,0,2443,2,0
41498.07213504126,37527.48968933326,3970.5824457079943,0.3308818704756662,0,422,0,0,0,0,0,2334,1,0
13601.245542701066,13229.876469576318,371.36907312474796,0.030947422760395662,0,330,2,0,0,0,0,814,1,0
36371.856887118985,36421.79873347115,-49.94184635216516,-0.004161820529347097,0,240,0,0,0,0,0,807,5,0
155530.73208837444,32221.136742489245,123309.5953458852,10.2757996121571,3,43,4,1,3,0,0,140,53,1
15295.683274160301,15299.675233579368,-3.991959419066916,-0.000332663284922243,0,182,2,0,0,0,0,2487,8,0
24965.277244851077,25055.930077066678,-90.65283221560094,-0.007554402684633412,0,288,2,0,0,0,0,2410,2,0
26651.987685285345,26248.065872756506,403.9218125288389,0.033660151044069914,0,750,2,0,0,0,0,2322,2,0
26122.771122243103,27034.130268307053,-911.3591460639509,-0.07594659550532924,0,283,0,1,0,0,0,1542,3,0
21146.278845890927,19965.551245705657,1180.7276001852697,0.0983939666821058,0,580,1,0,0,0,0,1982,9,0
8855.340851865085,8444.621275586202,410.7195762788833,0.03422663135657361,0,776,0,0,0,0,0,2238,1,0
15303.8528161295,15998.955457889911,-695.1026417604116,-0.05792522014670097,0,483,1,0,0,0,0,2126,4,0
184511.28347369813,21466.916173671536,163044.36730002658,13.58703060833555,2,37,2,1,1,0,0,132,15,1
23168.3939752318,24880.070714733734,-1711.6767395019342,-0.14263972829182786,0,205,0,0,0,0,0,2104,1,0
14920.036306467424,16402.217918026003,-1482.1816115585789,-0.12351513429654824,0,626,0,0,0,0,0,828,5,0
53290.31353013885,54733.20256969063,-1442.889039551781,-0.12024075329598176,0,190,1,0,0,0,0,1899,1,0
150174.58277367882,11697.663878068426,138476.9188956104,11.539743241300867,3,45,6,2,3,0,1,91,21,1
21936.110950889066,22657.986043405454,-721.8750925163877,-0.06015625770969897,0,607,0,0,0,0,0,2419,12,0
21687.641081319383,23705.931018925618,-2018.2899376062342,-0.16819082813385286,0,277,0,0,0,0,0,2307,1,0
28820.85371711699,27668.023988467314,1152.8297286496745,0.09606914405413955,0,351,1,0,0,0,0,306,1,0
26656.576961012564,26429.323746738683,227.2532142738819,0.018937767856156824,1,234,0,0,0,0,0,2120,10,0
153833.5458835368,18492.505960875907,135341.0399226609,11.278419993555074,2,36,8,3,1,0,0,63,47,1
174764.39789041496,11812.69737104293,162951.700519372,13.579308376614334,1,44,3,1,1,0,1,40,53,1
44910.465653867795,46003.43908059975,-1092.973426731951,-0.09108111889432924,0,286,2,0,1,0,0,1517,1,0
20184.8315777015,22196.83269555005,-2012.0011178485474,-0.16766675982071227,0,669,1,0,0,0,0,1054,5,0
17196.9108638297,15516.490704151423,1680.4201596782768,0.14003501330652307,0,624,2,0,0,0,0,2038,1,0
18725.423127486167,17559.45915802994,1165.9639694562284,0.09716366412135237,0,286,1,0,0,0,0,905,3,0
10464.328794598778,9639.67949757406,824.6492970247182,0.06872077475205984,0,335,0,0,0,0,0,906,9,0
91517.29600076663,13066.357495570599,78450.93850519603,6.537578208766336,2,74,5,2,2,0,1,181,49,1
14545.286816178954,16547.304257548414,-2002.0174413694604,-0.16683478678078836,0,560,1,0,0,0,0,514,1,0
42275.947108699234,45502.142441148004,-3226.1953324487695,-0.26884961103739746,0,652,1,0,0,0,0,519,2,0
28676.595155274877,25355.31362707029,3321.2815282045885,0.2767734606837157,1,698,0,0,0,0,0,572,2,0
18933.37978508863,19458.703852244715,-525.3240671560852,-0.043777005596340436,0,513,0,0,0,0,0,523,5,0
15452.100235940892,13825.620391097162,1626.4798448437305,0.13553998707031087,0,574,0,0,0,0,0,1833,2,0
19262.0442608653,17082.004931452575,2180.0393294127243,0.18166994411772702,0,419,1,0,1,0,0,918,2,0
26589.994953817408,25413.09080832006,1176.9041454973485,0.09807534545811238,0,688,0,0,0,0,0,458,4,0
214752.1791497123,21959.457437039837,192792.72171267244,16.066060142722705,1,49,1,2,1,1,1,226,36,1
23405.287400562545,20535.627447060055,2869.6599535024907,0.23913832945854088,0,132,0,0,0,0,0,1343,1,0
12024.673278874043,13410.617176495316,-1385.9438976212732,-0.11549532480177277,0,604,1,0,0,0,0,614,2,0
22483.274640308646,23512.06574505608,-1028.7911047474336,-0.08573259206228613,0,642,0,0,0,0,0,214,3,0
51023.062133188956,45467.56423792327,5555.497895265689,0.46295815793880746,0,685,0,0,0,0,0,2076,1,0
11294.282636380847,10590.648753422807,703.63388295804,0.05863615691317,0,312,1,0,0,0,0,747,1,0
33007.22869836573,37395.503965334,-4388.275266968267,-0.3656896055806889,0,480,0,0,0,0,0,1604,2,0
97150.77350942997,23590.747064564217,73560.02644486575,6.130002203738813,1,68,6,2,4,0,1,148,27,1
18469.719656685465,15718.715037805487,2751.004618879979,0.2292503849066649,0,516,1,0,0,0,0,1549,2,0
28327.62863458639,32077.239521576645,-3749.6108869902564,-0.3124675739158547,0,403,1,0,0,0,0,216,5,0
20142.87200848881,22384.859999776698,-2241.9879912878896,-0.18683233260732413,0,580,3,0,0,0,0,913,3,0
31923.6005559825,34469.68938427203,-2546.088828289532,-0.21217406902412767,0,770,0,0,0,0,0,1021,6,0
26876.00488383541,30591.791903558562,-3715.787019723153,-0.30964891831026276,0,781,2,1,0,0,0,916,2,0
28413.242982328444,24683.573149974214,3729.6698323542296,0.31080581936285245,0,757,2,0,0,0,0,945,2,0
22835.675687122828,21649.273090513616,1186.4025966092122,0.09886688305076768,0,499,1,0,0,0,0,274,3,0
15353.016204918122,17282.795117098107,-1929.7789121799851,-0.1608149093483321,0,769,0,0,0,0,0,362,3,0
9764.905529394979,10468.08402732384,-703.1784979288605,-0.05859820816073837,0,588,1,0,0,0,0,1654,3,0
30419.28485461621,30157.996786327392,261.28806828881716,0.021774005690734764,0,244,0,0,0,0,0,1782,2,0
20094.23149594884,17683.03276797593,2411.198727972911,0.2009332273310759,0,668,1,0,0,0,0,2335,2,0
32419.590558520926,36623.774462545945,-4204.18390402502,-0.35034865866875164,0,495,0,0,0,0,0,1354,2,0
29102.275799636653,30369.075563911236,-1266.7997642745831,-0.10556664702288193,0,644,0,0,1,0,0,1305,2,0
23074.64517649852,25796.106106023162,-2721.460929524641,-0.22678841079372009,0,391,1,1,0,0,0,974,1,0
23614.256689000824,26591.574270747777,-2977.317581746953,-0.24810979847891274,0,470,1,0,0,0,0,1478,3,0
35926.65968831045,30695.32709999118,5231.33258831927,0.43594438235993915,1,642,0,0,0,0,0,305,2,0
24388.433084998782,24572.632505450627,-184.19942045184507,-0.015349951704320422,0,317,1,0,0,0,0,2399,1,0
15316.427578603103,14834.14636842611,482.2812101769923,0.040190100848082694,0,174,0,0,0,0,0,1459,8,0
22683.72809547569,24436.616582432565,-1752.8884869568756,-0.14607404057973963,1,241,2,0,0,0,0,1401,2,0
133455.75275121978,12216.256781941513,121239.49596927827,10.103291330773189,2,11,3,2,1,1,0,171,24,1
23221.754375576893,22888.01263876202,333.74173681487446,0.027811811401239537,0,140,0,0,0,0,0,2373,2,0
50765.06602678204,46033.98103039193,4731.084996390113,0.3942570830325094,1,798,0,0,0,0,0,1705,3,0
37402.80432226663,42771.490708184116,-5368.686385917485,-0.44739053215979036,0,764,0,0,0,0,0,401,5,0
30531.962474396227,31006.338157722952,-474.37568332672527,-0.03953130694389377,0,582,0,0,0,0,0,1885,1,0
20859.96494939878,19293.471682183033,1566.4932672157483,0.13054110560131235,0,668,2,0,0,0,0,690,1,0
37545.06258698581,41612.65986013672,-4067.59727315091,-0.3389664394292425,0,364,0,1,0,0,0,2318,3,0
18509.67222501656,16347.046718062038,2162.6255069545205,0.18021879224621004,0,335,0,0,0,0,0,579,11,0
25600.72839495163,29384.961142868327,-3784.232747916696,-0.315352728993058,0,127,1,0,0,0,0,720,2,0
14000.14979448015,14395.623328940306,-395.47353446015586,-0.032956127871679654,0,518,2,0,0,0,0,2153,5,0
17292.438663032008,17856.503223302116,-564.0645602701079,-0.047005380022508994,0,357,0,0,0,0,0,2123,6,0
141047.723606506,19249.232359479458,121798.49124702656,10.149874270585546,4,59,7,2,3,0,1,221,18,1
22876.785786239074,22780.726951319044,96.05883492002977,0.00800490291000248,0,355,2,0,0,0,0,1565,3,0
20978.740732702216,24094.415735684037,-3115.6750029818213,-0.25963958358181843,0,226,0,0,0,0,0,2416,8,0
28690.79225941751,31397.837092686885,-2707.044833269374,-0.2255870694391145,0,351,1,0,0,0,0,904,20,0
15713.51317137734,16239.279125678531,-525.7659543011905,-0.043813829525099206,0,352,1,0,1,0,0,785,8,0
20872.851599407673,19998.559574773593,874.29202463408,0.07285766871950666,1,780,0,1,0,0,0,626,10,0
33433.46331403473,29939.10442730931,3494.3588867254184,0.2911965738937849,0,652,2,0,0,0,0,1806,2,0
15614.02862423247,15852.514049476928,-238.48542524445838,-0.0198737854370382,0,404,0,0,0,0,0,573,1,0
23869.065052396403,23078.707920864286,790.3571315321169,0.06586309429434307,0,339,2,0,0,0,0,1319,1,0
29208.155939717195,29942.74052965124,-734.5845899340457,-0.061215382494503805,0,346,1,0,0,0,0,2158,3,0
16479.67230467518,18938.675698801697,-2459.0033941265174,-0.20491694951054312,0,649,1,0,0,0,0,1431,2,0
21468.358579563246,18822.9184940101,2645.4400855531458,0.22045334046276216,0,690,1,0,0,0,0,230,3,0
161892.76892476104,11891.7698618793,150000.99906288175,12.500083255240146,2,40,3,1,2,0,0,176,36,1
37455.88125885327,40942.6844987169,-3486.803239863635,-0.2905669366553029,0,209,0,0,0,0,0,1386,3,0
20867.293306185526,18633.43729474442,2233.856011441105,0.18615466762009206,0,508,2,0,0,0,0,2384,4,0
29125.53774999027,31843.139935754218,-2717.602185763946,-0.2264668488136622,1,213,2,0,0,0,0,1366,4,0
18544.125597862956,16748.513851776974,1795.6117460859823,0.14963431217383186,0,578,0,1,0,0,0,1384,3,0
31397.79274211249,31360.396974895044,37.39576721744743,0.0031163139347872857,0,768,0,0,0,0,0,972,5,0
35394.77725373214,40069.37461259588,-4674.597358863735,-0.38954977990531126,0,167,0,0,0,0,0,1593,3,0
26337.984215683035,25492.09591588737,845.8882997956644,0.0704906916496387,0,613,2,1,0,0,0,216,2,0
25434.32366157139,28572.246380283847,-3137.922718712456,-0.2614935598927047,0,742,0,1,0,0,0,2398,10,0
21422.369113717497,20245.929435261445,1176.4396784560522,0.09803663987133768,0,134,0,0,0,0,0,867,2,0
16784.9592677712,18481.9579054142,-1696.9986376430024,-0.14141655313691687,0,419,1,0,0,0,0,185,4,0
32254.066775868112,28429.620729031427,3824.446046836685,0.31870383723639045,0,544,0,0,0,0,0,2075,6,0
11661.617245636393,13134.081228617066,-1472.4639829806729,-0.12270533191505607,0,373,0,0,0,0,0,655,7,0
20446.53769287583,21997.629081401476,-1551.091388525645,-0.12925761571047042,0,247,0,0,1,0,0,297,4,0
139450.39820462037,19922.088976246076,119528.3092283743,9.960692435697858,2,48,2,2,1,0,0,183,34,1
102973.39462728256,16315.206641232802,86658.18798604976,7.221515665504146,2,12,3,2,2,1,0,40,25,1
18123.557223624535,17580.64142231256,542.9158013119741,0.0452429834426645,0,205,2,0,0,0,0,1489,8,0
28338.90727346725,27163.047891378068,1175.8593820891838,0.09798828184076532,0,552,0,0,0,0,0,351,5,0
108952.49381140839,19031.35976714959,89921.1340442588,7.493427837021566,1,38,6,2,1,0,1,281,16,1
83178.9845543218,20199.247862624215,62979.73669169758,5.2483113909747985,3,31,6,3,3,1,0,139,44,1
25406.761443348994,27652.415221680054,-2245.6537783310596,-0.18713781486092163,0,430,1,0,0,0,0,2395,1,0
12453.75368990776,12340.356121874338,113.39756803342243,0.009449797336118535,0,642,1,0,0,0,0,2193,9,0
14882.783528779571,13510.971933175475,1371.8115956040965,0.11431763296700805,0,462,0,0,0,0,0,1610,4,0
30055.80485844869,33088.224051080775,-3032.4191926320855,-0.2527015993860071,0,394,1,0,0,0,0,679,6,0
134183.90439335295,28600.39742511918,105583.50696823376,8.798625580686148,1,17,4,0,3,1,0,239,49,1
39751.97215159622,41473.98181814405,-1722.0096665478268,-0.14350080554565223,0,635,1,0,0,0,0,415,2,0
13445.60649201985,12805.066158110842,640.540333909008,0.053378361159084,0,590,2,1,0,0,0,380,1,0
13977.428321353653,14397.2708794804,-419.84255812674746,-0.03498687984389562,0,130,0,0,0,0,0,568,1,0
20286.99867621116,20526.952370915875,-239.95369470471633,-0.019996141225393026,0,232,1,0,0,0,0,1974,9,0
19680.625367492376,17917.909383429607,1762.7159840627683,0.14689299867189737,1,688,1,0,0,0,0,1413,1,0
18407.898070127205,16833.31135953516,1574.5867105920443,0.1312155592160037,0,238,0,0,0,0,0,2338,7,0
17165.17993387491,14899.269443634746,2265.910490240165,0.18882587418668043,0,628,4,0,0,0,0,554,5,0
28284.89807550721,24043.50190097482,4241.39617453239,0.35344968121103254,0,154,0,0,0,0,0,690,2,0
26433.5016951965,23289.216871923778,3144.284823272723,0.26202373527272693,0,562,0,0,0,0,0,325,2,0
30602.94834411336,32769.152351995515,-2166.2040078821556,-0.1805170006568463,0,571,1,0,0,0,0,2287,1,0
44875.31676950782,42249.230792284936,2626.085977222887,0.21884049810190723,0,403,0,0,0,0,0,217,3,0
14530.816505613537,12489.999993945616,2040.816511667921,0.17006804263899342,0,319,1,0,0,0,0,1389,4,0
100967.80263606485,11033.681741703182,89934.12089436167,7.4945100745301385,3,65,4,1,1,0,1,244,52,1
22087.959170056623,21504.157699841606,583.8014702150176,0.048650122517918136,0,591,0,0,0,0,0,2163,6,0
135481.9084753364,18024.343880170192,117457.56459516619,9.788130382930516,3,17,4,1,2,0,0,179,23,1
109976.07785691498,23507.39112072937,86468.68673618561,7.2057238946821345,4,48,5,2,2,0,0,163,57,1
21074.748691999175,24194.169002479717,-3119.420310480542,-0.2599516925400452,0,623,1,1,0,0,0,2290,5,0
47672.073194066485,42808.675106102695,4863.398087963789,0.40528317399698244,0,328,2,0,0,0,0,362,3,0
26419.202917400995,27336.92517590729,-917.7222585062955,-0.07647685487552462,0,619,0,0,0,0,0,418,1,0
16487.46456191053,14130.593486624795,2356.8710752857332,0.19640592294047776,0,793,1,0,0,0,0,2217,3,0
26728.13039781164,26306.198709185926,421.93168862571474,0.03516097405214289,0,350,0,0,0,0,0,1436,1,0
17846.2919254432,19501.95936927238,-1655.6674438291775,-0.1379722869857648,0,155,1,0,1,0,0,650,1,0
24225.16967255043,21380.32580993991,2844.84386261052,0.23707032188420998,0,723,2,0,0,0,0,2088,5,0
16353.92303635094,14154.298355117617,2199.624681233323,0.18330205676944358,0,599,0,0,0,0,0,1976,4,0
153795.34007389942,21166.993703083826,132628.3463708156,11.052362197567966,3,73,4,0,4,1,0,28,37,1
25922.801572813456,23614.277097644845,2308.5244751686114,0.19237703959738428,0,543,2,0,0,0,0,1133,4,0
30874.23245047205,27920.31589150627,2953.9165589657787,0.24615971324714822,0,799,1,0,1,0,0,1547,8,0
61496.9284132663,65495.09481402736,-3998.16640076106,-0.33318053339675496,0,152,1,0,0,0,0,389,5,0
17907.663814817482,17765.459931324014,142.2038834934683,0.011850323624455693,0,467,1,0,0,0,0,2148,2,0
45173.71690142095,41189.63093567507,3984.0859657458786,0.33200716381215656,0,593,2,0,1,0,0,2071,2,0
131227.44691076368,24652.908922573493,106574.53798819019,8.88121149901585,3,12,2,2,1,0,0,219,49,1
22139.47208199508,21938.902251387455,200.5698306076265,0.01671415255063554,0,725,1,1,0,0,0,1412,3,0
21813.55505738411,23498.82883696794,-1685.2737795838293,-0.14043948163198577,1,775,1,1,0,0,0,2231,3,0
97099.59265827357,23311.05085446395,73788.54180380962,6.149045150317469,3,57,3,1,4,0,0,139,36,1
27740.630863138278,27590.062226837115,150.56863630116277,0.01254738635843023,0,333,0,0,0,0,0,1224,3,0
14429.825709749892,13484.18380340982,945.6419063400717,0.07880349219500597,0,740,0,0,0,0,0,342,1,0
13768.436358253806,15162.74966704653,-1394.3133087927235,-0.11619277573272696,0,516,1,0,0,0,0,1522,1,0
32674.21516025695,35068.94482767645,-2394.729667419502,-0.19956080561829184,0,595,1,0,0,0,0,1930,1,0
41213.946719873486,46603.56359035333,-5389.616870479847,-0.449134739206654,1,410,2,0,0,0,0,983,3,0
30072.40041979533,26570.172016074644,3502.2284037206846,0.29185236697672373,0,559,0,1,0,0,0,510,4,0
30229.10677379767,30601.19947050952,-372.0926967118503,-0.031007724725987524,0,180,2,0,0,0,0,535,2,0
17829.786349155154,16551.747976279286,1278.038372875868,0.10650319773965566,0,347,2,0,0,0,0,2493,7,0
32278.061365687903,35495.14263384874,-3217.0812681608404,-0.26809010568007,0,699,1,0,0,0,0,232,2,0
131738.68221563858,20816.57291893092,110922.10929670765,9.243509108058971,2,7,5,1,1,0,0,70,31,1
37406.95154596497,42666.326811006205,-5259.375265041235,-0.4382812720867696,0,460,0,0,0,0,0,1891,1,0
176409.607369947,20083.74574859962,156325.8616213474,13.027155135112283,3,38,1,0,2,0,1,105,34,1
27460.333399286086,25440.011825169633,2020.3215741164531,0.16836013117637108,0,537,0,0,0,0,0,923,3,0
30990.03665306699,35125.67675117588,-4135.640098108892,-0.3446366748424077,0,402,2,0,0,0,0,1637,4,0
16928.142259249507,16566.833211371588,361.3090478779195,0.03010908732315996,0,390,2,0,0,0,0,616,11,0
116253.22127642567,19886.716100422753,96366.50517600292,8.030542098000243,2,39,3,1,1,0,0,82,48,1
16360.058018294143,15071.55084546153,1288.507172832613,0.10737559773605107,0,602,0,0,0,0,0,1689,7,0
22374.95875951314,20657.48033475612,1717.4784247570205,0.14312320206308504,0,502,0,0,0,0,0,2223,3,0
29124.188119328544,33298.18094797009,-4173.992828641545,-0.3478327357201288,0,575,0,0,0,0,0,220,5,0
30575.03760889377,32152.598299813682,-1577.5606909199123,-0.1314633909099927,0,150,1,0,1,0,0,1073,6,0
23960.432374854634,23017.958033181283,942.4743416733509,0.07853952847277924,0,532,0,0,0,0,0,1654,2,0
24332.334340401474,25241.575052639386,-909.2407122379118,-0.07577005935315932,0,337,1,0,0,0,0,419,3,0
26675.39271220972,29434.618191442216,-2759.2254792324966,-0.22993545660270806,0,424,1,0,0,0,0,489,6,0
27134.520969988684,23836.29638391293,3298.224586075754,0.27485204883964615,0,742,1,0,0,0,0,1205,2,0
40413.12622977295,41548.56428425128,-1135.4380544783344,-0.09461983787319453,1,176,0,0,0,0,0,2269,3,0
18981.021378810838,21512.0715638003,-2531.050184989461,-0.21092084874912173,0,758,2,0,0,0,0,1504,2,0
20883.718770379353,18467.230348200766,2416.488422178587,0.20137403518154892,0,541,0,1,0,0,0,629,2,0
25829.612599016196,28216.38309193866,-2386.7704929224637,-0.198897541076872,0,314,0,0,0,0,0,1365,1,0
27563.122879210914,25632.74056439427,1930.3823148166448,0.16086519290138707,0,679,0,1,0,0,0,1930,6,0
61291.246461029084,24445.08621297675,36846.160248052336,3.0705133540043614,2,63,4,0,2,1,0,282,27,1
36284.01493852411,37384.256564049945,-1100.2416255258358,-0.09168680212715298,1,344,1,0,0,0,0,568,5,0
23515.72633514917,23446.020333381723,69.70600176744847,0.005808833480620706,0,610,1,0,0,0,0,917,1,0
16774.56693806072,18065.257535608802,-1290.6905975480804,-0.10755754979567336,1,284,2,0,0,0,0,2262,1,0
29305.443072979193,29640.786108637258,-335.34303565806476,-0.027945252971505397,0,311,1,0,1,0,0,832,1,0
27571.5427640899,26851.85982412775,719.6829399621492,0.059973578330179106,1,713,0,0,0,0,0,262,1,0
38137.79781362725,43018.182517600304,-4880.384703973054,-0.4066987253310878,0,783,0,0,0,0,0,1972,5,0
42773.23949604044,38033.4166372813,4739.822858759144,0.39498523822992865,0,689,0,0,0,0,0,220,3,0
32031.933305084058,28706.77215349128,3325.161151592776,0.27709676263273136,1,762,1,0,0,0,0,1350,3,0
14478.041420468686,13117.18049097534,1360.8609294933467,0.11340507745777889,0,142,1,1,0,0,0,1242,6,0
19854.753604070575,21164.156606420976,-1309.403002350402,-0.1091169168625335,0,241,2,0,0,0,0,1181,1,0
22934.55466361491,23110.905527442643,-176.35086382773443,-0.014695905318977869,0,404,1,0,0,0,0,1858,1,0
13793.535621892808,15577.13196995136,-1783.5963480585524,-0.14863302900487937,0,421,1,0,0,0,0,1838,4,0
110187.51602660122,10868.655209865152,99318.86081673607,8.276571734728005,3,66,7,1,1,0,0,132,27,1
30978.957388455798,28374.404335678468,2604.55305277733,0.21704608773144415,0,286,1,0,0,0,0,2096,1,0
23086.74668760473,23763.329402095747,-676.5827144910181,-0.05638189287425151,0,745,0,0,0,0,0,730,2,0
153175.06529433362,25329.58075286865,127845.48454146498,10.653790378455415,3,53,3,3,1,0,1,37,14,1
24151.81000336205,25388.35839814998,-1236.5483947879293,-0.10304569956566077,0,750,2,0,0,0,0,260,1,0
31718.221505000478,30035.789834284886,1682.4316707155922,0.14020263922629936,0,271,0,0,0,0,0,2092,3,0
31834.973151049573,35200.14113736796,-3365.1679863183854,-0.2804306655265321,0,149,0,0,0,0,0,1849,12,0
73768.70678470556,19362.8556697115,54405.85111499406,4.533820926249505,2,47,4,1,3,1,1,189,16,1
19076.21151279804,17986.402918231248,1089.8085945667917,0.09081738288056598,0,670,0,0,0,0,0,2008,5,0
30840.613829185215,33208.00859479418,-2367.394765608962,-0.19728289713408018,0,144,1,0,0,0,0,1992,3,0
17825.494811499644,19627.328046401784,-1801.8332349021402,-0.15015276957517834,0,552,0,0,0,0,0,1771,6,0
208323.17257215286,23975.981125648665,184347.1914465042,15.362265953875351,3,67,6,2,2,0,0,127,51,1
27979.9536504642,25488.283140011696,2491.6705104525026,0.20763920920437523,1,754,1,0,0,0,0,204,2,0
174246.51458371588,13718.210669964437,160528.30391375144,13.377358659479286,4,63,5,0,1,1,0,235,42,1
18524.386244673944,19139.262960647684,-614.8767159737399,-0.05123972633114499,0,137,1,0,0,0,0,1894,3,0
146307.03156905403,22911.65714027893,123395.3744287751,10.282947869064593,2,9,2,0,1,1,0,106,20,1
17958.701536626664,17563.649507529764,395.0520290968998,0.03292100242474165,0,622,0,0,0,0,0,548,1,0
15214.108607208513,16410.990921339515,-1196.8823141310022,-0.09974019284425019,0,620,1,0,0,0,0,896,1,0
24290.98558804458,27081.673363813927,-2790.6877757693474,-0.2325573146474456,0,170,4,1,0,0,0,1480,1,0
9351.339235863723,10240.889907433168,-889.5506715694446,-0.07412922263078706,0,140,0,0,0,0,0,1341,2,0
21919.196984721224,19255.567462360308,2663.629522360916,0.22196912686340967,0,583,1,1,0,0,0,1762,2,0
111956.24232431299,34840.93853102949,77115.3037932835,6.426275316106958,2,51,6,3,3,0,0,119,21,1
17578.31879056455,15328.881229572002,2249.4375609925482,0.18745313008271236,0,635,2,0,0,0,0,493,3,0
23743.308712822396,24126.34019207901,-383.03147925661324,-0.031919289938051106,0,492,0,0,0,0,0,2419,14,0
27470.774015095736,25805.694271941582,1665.0797431541541,0.13875664526284617,0,314,0,0,0,0,0,539,3,0
26082.28822160254,26000.438418193477,81.84980340906259,0.006820816950755215,0,578,1,0,0,0,0,2010,3,0
41662.386083206795,46578.651486534065,-4916.26540332727,-0.40968878361060584,0,477,0,0,0,0,0,469,1,0
125175.4548004533,17492.435544615408,107683.01925583789,8.973584937986491,2,32,5,2,1,0,1,77,15,1
53718.301742768,48954.62357641756,4763.678166350444,0.3969731805292037,0,340,0,0,0,0,0,861,3,0
26868.509103386248,29074.51590707221,-2206.006803685963,-0.18383390030716357,0,669,0,0,0,0,0,1995,2,0
25847.563748019187,29563.70547985961,-3716.1417318404237,-0.30967847765336864,0,307,2,0,0,0,0,1236,2,0
24920.823625457284,23681.60856298423,1239.215062473053,0.10326792187275441,0,280,3,0,0,0,0,716,3,0
87774.11673684075,17355.114232598113,70419.00250424264,5.868250208686887,1,17,4,1,1,0,0,47,14,1
18775.247705672184,19639.46442037165,-864.2167146994652,-0.07201805955828877,0,193,0,0,0,0,0,524,1,0
20981.981755042445,23548.447468224927,-2566.4657131824824,-0.21387214276520686,0,594,0,0,0,0,0,1826,7,0
37666.07491600477,35937.518758564634,1728.5561574401363,0.1440463464533447,0,607,1,1,0,0,0,1210,1,0
25387.033446142683,22599.527129673494,2787.506316469189,0.2322921930390991,0,237,2,0,0,0,0,2021,2,0
31742.584697502516,35229.71949493379,-3487.1347974312775,-0.29059456645260645,0,539,1,1,0,0,0,1598,1,0
33477.51911903797,29316.23865938963,4161.28045964834,0.34677337163736166,0,358,0,0,0,0,0,1392,4,0
23271.04622192242,26216.082057468357,-2945.0358355459357,-0.2454196529621613,0,280,0,0,0,0,0,837,3,0
110045.00621502401,21664.37776572342,88380.6284493006,7.365052370775049,2,27,6,2,2,0,0,250,37,1
88285.0269941375,17849.088807513614,70435.93818662388,5.86966151555199,3,15,3,3,3,0,1,66,59,1
32844.84025868935,34841.53850631114,-1996.698247621789,-0.1663915206351491,0,723,0,0,0,0,0,1504,6,0
6199.161674533238,6726.777882996509,-527.6162084632715,-0.04396801737193929,0,229,1,0,0,0,0,2133,2,0
21749.333673657457,19197.95172061673,2551.3819530407272,0.21261516275339393,0,251,2,0,1,0,0,1361,5,0
31303.605556542276,33668.270008172476,-2364.6644516302003,-0.19705537096918335,0,499,0,0,0,0,0,1929,3,0
131707.620536374,27663.4403157824,104044.18022059159,8.670348351715965,2,64,5,1,2,1,0,229,47,1
43112.057050120835,39567.966396007236,3544.090654113599,0.29534088784279994,0,294,0,0,0,0,0,2221,1,0
17394.124200595124,19560.09324300737,-2165.9690424122455,-0.18049742020102047,0,171,0,0,0,0,0,1701,3,0
32500.05509807577,32061.411919426933,438.6431786488356,0.0365535982207363,0,552,1,0,0,0,0,289,2,0
133528.7444013034,14428.152001246688,119100.59240005672,9.925049366671393,3,45,7,2,1,0,0,223,19,1
39211.01181376484,38863.1973679099,347.8144458549359,0.028984537154577994,0,562,0,0,0,0,0,865,2,0
36424.80132151752,36940.98549915024,-516.1841776327201,-0.043015348136060005,0,746,0,0,0,0,0,2308,10,0
19636.170991669384,16963.805560309305,2672.365431360078,0.22269711928000652,0,202,0,0,0,0,0,1352,2,0
40784.24371901818,45104.65800562067,-4320.414286602492,-0.360034523883541,0,470,1,0,0,0,0,2141,1,0
65955.37569335569,25392.03772131477,40563.337972040914,3.380278164336743,3,34,4,3,2,0,0,151,15,1
17269.063831999058,19314.98496031455,-2045.921128315491,-0.17049342735962425,0,326,0,1,0,0,0,896,1,0
39559.68636727922,41548.833199545836,-1989.1468322666187,-0.16576223602221823,0,644,0,0,0,0,0,2243,2,0
37949.088307733036,33817.607359024405,4131.480948708631,0.3442900790590526,0,564,0,1,0,0,0,2460,15,0
20038.120714014025,19840.36665867842,197.7540553356048,0.016479504611300398,0,701,1,0,0,0,0,654,4,0
15957.93004931108,14040.02357229561,1917.906477015471,0.15982553975128924,0,242,1,0,0,0,0,628,1,0
152215.5535366144,27679.42840148305,124536.12513513135,10.378010427927613,3,30,2,3,3,0,1,142,52,1
203724.1213805734,27417.279939928012,176306.8414406454,14.69223678672045,4,65,3,2,3,1,0,108,27,1
19953.212315544115,21436.32626930252,-1483.1139537584058,-0.12359282947986715,0,167,0,0,0,0,0,945,3,0
35677.37677895184,34087.325362180745,1590.0514167710935,0.13250428473092446,0,436,2,0,1,0,0,961,9,0
105121.988246147,7258.654962831306,97863.33328331569,8.15527777360964,2,30,5,1,1,0,0,178,14,1
20309.011302718285,23165.632165738374,-2856.620863020089,-0.23805173858500742,1,234,1,0,0,0,0,2212,8,0
102040.74455994889,30361.694087606378,71679.05047234251,5.9732542060285425,4,40,6,2,4,0,0,32,55,1
19457.26939744855,19751.640690680037,-294.3712932314884,-0.02453094110262403,0,767,4,0,0,0,0,494,1,0
20418.863284992,20083.909913033884,334.9533719581159,0.027912780996509658,1,346,3,0,0,0,0,1464,3,0
14340.701547404871,12945.131304773528,1395.5702426313437,0.11629752021927864,0,673,3,0,0,0,0,803,1,0
35012.49881376547,34332.81515998746,679.6836537780109,0.05664030448150091,0,167,1,0,0,0,0,361,3,0
39697.27379738761,34578.66695858971,5118.606838797896,0.42655056989982465,0,422,0,0,0,0,0,480,2,0
37912.67647051554,41949.43201764832,-4036.755547132787,-0.33639629559439893,0,586,1,0,0,0,0,465,10,0
27421.970071762313,25539.543298167784,1882.4267735945286,0.15686889779954405,1,141,3,0,0,0,0,770,6,0
37343.663558995184,32393.58678974898,4950.076769246203,0.4125063974371836,0,620,2,0,0,0,0,2265,1,0
18281.25051980588,20722.831706348123,-2441.581186542244,-0.20346509887852032,0,446,3,0,0,0,0,1346,4,0
219056.16476850142,12384.161884427192,206672.00288407423,17.222666907006186,4,59,6,2,4,0,0,25,39,1
26484.191593702606,28403.835988368537,-1919.644394665931,-0.15997036622216093,1,492,0,0,0,0,0,2243,8,0
22502.709686265673,25569.140596572757,-3066.4309103070846,-0.25553590919225705,0,334,2,0,0,0,0,1456,8,0
19480.184714135616,21108.346492864413,-1628.1617787287978,-0.13568014822739982,0,499,1,0,0,0,0,2291,14,0
18978.24739963714,16390.437833025957,2587.809566611184,0.21565079721759867,0,677,2,1,1,0,0,2398,5,0
131239.79182891507,14505.619965846188,116734.17186306888,9.72784765525574,2,33,4,2,3,0,1,45,50,1
28060.111134913317,25437.007897824507,2623.1032370888097,0.21859193642406746,0,580,1,0,0,0,0,220,3,0
106540.1893847927,20065.482759497914,86474.70662529478,7.206225552107899,2,14,6,1,1,0,0,117,54,1
22171.585638317294,25293.4531894434,-3121.8675511261063,-0.26015562926050884,0,786,2,1,0,0,0,923,6,0
14679.54751583792,14143.032724285964,536.5147915519556,0.04470956596266296,0,462,0,0,0,0,0,1673,2,0
163149.46972283826,36449.664216775374,126699.80550606288,10.55831712550524,1,59,8,2,2,1,1,119,19,1
47279.73498872583,47326.122764572836,-46.38777584700438,-0.0038656479872503646,0,453,1,0,0,0,0,1464,3,0
34757.22592357008,33325.957922336,1431.2680012340788,0.11927233343617323,0,574,0,0,0,0,0,1922,6,0
41393.86558892182,41086.23631855369,307.629270368132,0.025635772530677666,1,654,1,0,1,0,0,280,4,0
34505.456425011995,33832.39504045091,673.061384561086,0.05608844871342383,0,721,0,0,0,0,0,1048,3,0
24006.638458298257,24406.48342606305,-399.84496776479136,-0.03332041398039928,0,319,0,0,0,0,0,1910,3,0
33277.5531104878,31006.671279514274,2270.881830973529,0.1892401525811274,0,500,1,0,0,0,0,349,2,0
27770.742722730345,27186.038328148938,584.7043945814075,0.0487253662151173,1,168,0,0,0,0,0,393,5,0
119582.79736484787,15572.045719484402,104010.75164536346,8.667562637113623,2,24,2,2,2,0,0,111,54,1
17902.824815634838,17380.529337379143,522.2954782556953,0.04352462318797461,0,509,1,0,0,0,0,2385,1,0
26596.09029661557,29637.53330597728,-3041.4430093617084,-0.2534535841134757,0,646,0,1,0,0,0,1062,4,0
49087.653155743385,52613.3922073339,-3525.7390515905136,-0.2938115876325428,0,569,1,0,0,0,0,2155,3,0
139168.86298860365,11140.161831435951,128028.7011571677,10.669058429763975,2,71,3,2,3,0,0,73,42,1
118665.42829086389,12728.090960167612,105937.33733069627,8.828111444224689,2,36,6,1,1,0,0,102,15,1
26092.67617041866,25970.76182661123,121.91434380743158,0.010159528650619299,0,597,2,0,0,0,0,1417,8,0
34812.98692673871,35429.816878393125,-616.8299516544139,-0.05140249597120116,1,749,0,0,0,0,0,1691,9,0
17765.59431552903,19359.223401603533,-1593.629086074503,-0.1328024238395419,1,599,0,0,0,0,0,2336,8,0
27704.617612196816,25378.50539920205,2326.1122129947653,0.19384268441623045,0,596,0,0,0,0,0,716,3,0
36719.86960927079,36018.71685548363,701.1527537871589,0.058429396148929905,0,728,1,1,0,0,0,907,4,0
135709.9311088628,19624.03326038349,116085.8978484793,9.673824820706608,1,61,5,1,2,0,0,63,41,1
36740.09544978973,35963.58387187821,776.5115779115222,0.06470929815929352,0,198,1,0,0,0,0,532,2,0
165104.89628514202,20046.249385316834,145058.6468998252,12.088220574985433,2,71,2,0,2,0,0,270,44,1
41563.735601089415,36270.318484578595,5293.41711651082,0.4411180930425683,0,391,2,0,0,0,0,1216,5,0
22526.578857493896,21446.03926235089,1080.5395951430073,0.09004496626191727,0,697,2,0,0,0,0,788,7,0
18858.362198988525,21319.811921529497,-2461.4497225409723,-0.2051208102117477,1,409,0,0,0,0,0,1834,7,0
17173.590466374328,14946.21117761079,2227.3792887635373,0.18561494073029478,1,162,0,0,0,0,0,1937,9,0
116208.21704316558,14172.268514005478,102035.9485291601,8.502995710763342,2,45,5,1,1,0,0,40,56,1
25016.44346894789,21637.47642662554,3378.9670423223506,0.2815805868601959,0,121,0,0,0,0,0,1396,1,0
17844.518242388513,19767.34823530834,-1922.8299929198256,-0.1602358327433188,0,512,0,1,0,0,0,1683,1,0
17302.27036635766,16933.576187031675,368.6941793259866,0.03072451494383222,0,175,0,0,0,0,0,1049,3,0
21739.374015716443,22024.386467720033,-285.0124520035897,-0.023751037666965808,0,358,0,0,0,0,0,949,2,0
31409.683060864172,30788.49119151294,621.1918693512307,0.05176598911260256,1,518,0,0,0,0,0,1778,3,0
16270.505727162117,18369.433766491235,-2098.9280393291174,-0.17491066994409313,0,538,1,1,0,0,0,2418,1,0
178294.1295552193,41810.26949890633,136483.86005631296,11.373655004692747,3,74,2,2,1,0,0,202,37,1
19382.717376011555,17430.201036510505,1952.5163395010495,0.1627096949584208,0,625,1,1,0,0,0,2264,7,0
15941.124122397763,15253.65479029506,687.4693321027025,0.057289111008558546,0,408,0,0,0,0,0,809,2,0
85220.43989615657,21837.118666803595,63383.32122935298,5.281943435779415,4,39,4,2,2,1,1,148,43,1
45041.071579017575,41196.57266535505,3844.4989136625227,0.3203749094718769,0,456,2,0,0,0,0,1336,6,0
20910.828890763656,22918.64088036553,-2007.8119896018725,-0.16731766580015603,0,784,1,1,0,0,0,1804,3,0
23601.141401085424,23035.666697149813,565.4747039356116,0.0471228919946343,0,559,0,0,0,0,0,458,3,0
29293.39861842754,26651.050801984125,2642.3478164434164,0.2201956513702847,0,636,1,0,0,0,0,740,4,0
27224.815258813855,30425.377099839265,-3200.56184102541,-0.26671348675211753,0,659,1,0,0,0,0,465,2,0
22814.82647155289,21613.98112596292,1200.845345589969,0.10007044546583074,0,684,0,0,0,0,0,1504,1,0
33025.31715284179,35219.62242265492,-2194.3052698131287,-0.1828587724844274,0,341,0,0,0,0,0,393,13,0
26028.40491771526,28286.191670843273,-2257.7867531280135,-0.18814889609400112,0,192,0,0,0,0,0,821,1,0
76570.2686766889,23038.823176227983,53531.44550046091,4.460953791705076,3,63,6,0,2,0,0,253,20,1
25671.45024099864,24494.41557985585,1177.0346611427922,0.09808622176189935,0,235,0,0,0,0,0,604,5,0
27276.841141076016,28733.408216635657,-1456.5670755596402,-0.12138058962997002,0,350,1,0,0,0,0,893,2,0
30545.826118762976,26268.97258096925,4276.853537793726,0.3564044614828105,0,705,0,0,0,0,0,931,13,0
210103.20595195462,14068.981685136783,196034.22426681782,16.33618535556815,2,66,3,1,2,0,1,218,15,1
25680.565352783404,28940.537631426487,-3259.972278643083,-0.2716643565535902,0,460,0,0,0,0,0,884,2,0
29178.30349221595,31803.887296777186,-2625.5838045612363,-0.21879865038010302,0,616,1,0,0,0,0,2166,1,0
48842.9563053973,51467.69478068397,-2624.7384752866637,-0.21872820627388864,1,205,0,0,0,0,0,801,3,0
134226.00872854417,30981.48545282258,103244.52327572159,8.603710272976798,1,65,4,1,2,0,0,123,35,1
109146.9035413234,22942.686686548306,86204.21685477509,7.1836847378979245,1,73,3,2,1,1,0,250,22,1
10563.63291074197,11526.250216480403,-962.6173057384331,-0.08021810881153608,1,743,2,0,0,0,0,513,2,0
128188.73846282593,15180.756688571037,113007.98177425489,9.41733181452124,2,29,5,2,1,0,0,239,53,1
179870.8962778467,48394.504537245644,131476.39174060107,10.956365978383422,2,45,5,0,2,0,1,78,21,1
19978.990973581524,22560.63100197489,-2581.6400283933654,-0.21513666903278045,0,357,3,0,0,0,0,1378,5,0
22581.246523252725,22185.07230392593,396.17421932679645,0.033014518277233035,0,665,0,0,0,0,0,1664,3,0
122586.95706515835,22052.894618936683,100534.06244622167,8.37783853718514,1,47,9,1,2,1,0,196,15,1
15236.140737420712,15480.223834685496,-244.08309726478365,-0.020340258105398638,0,144,0,0,0,0,0,251,5,0
153380.53923908673,32168.454418500027,121212.08482058671,10.101007068382225,4,19,4,1,2,0,0,259,24,1
20645.794256404915,22305.91712777563,-1660.1228713707133,-0.1383435726142261,0,226,1,0,0,0,0,1392,2,0
41452.497277951996,37551.81906254656,3900.678215405438,0.32505651795045315,0,788,1,0,0,0,0,584,8,0
143041.3543074379,10342.50374553367,132698.85056190423,11.058237546825351,3,73,6,1,3,0,1,269,58,1
47416.76126837497,45195.131774132984,2221.6294942419845,0.18513579118683204,0,221,1,0,0,0,0,1329,4,0
18804.664789528542,16280.654567339989,2524.0102221885536,0.21033418518237948,0,789,0,0,0,0,0,2416,1,0
18715.537229754627,18154.910807369797,560.6264223848302,0.046718868532069184,0,483,1,0,0,0,0,979,7,0
140910.99467992142,15113.541465390233,125797.45321453118,10.483121101210932,2,41,6,2,1,0,0,65,16,1
16621.87670488246,16702.28296004183,-80.40625515937063,-0.006700521263280886,0,555,1,0,0,0,0,924,7,0
13065.544306945365,11823.541654335519,1242.0026526098463,0.10350022105082053,0,537,1,0,0,0,0,1970,3,0
11460.487966534929,11545.436110055536,-84.94814352060712,-0.007079011960050593,0,684,0,0,0,0,0,2404,1,0
31190.062994187065,33398.17431518237,-2208.1113209953037,-0.18400927674960865,0,283,1,0,0,0,0,1459,2,0
19022.77062624768,18316.065816308783,706.7048099388958,0.05889206749490798,0,645,2,0,0,0,0,1772,4,0
26401.4204221888,26088.636140561917,312.78428162688215,0.02606535680224018,0,320,0,1,0,0,0,1208,7,0
29705.674990538704,31385.639530733602,-1679.9645401948983,-0.13999704501624152,0,436,0,0,0,0,0,1275,10,0
23388.50383581551,22715.125073355644,673.3787624598663,0.05611489687165552,0,215,1,1,0,0,0,2346,6,0
13490.006476586555,13036.115377100901,453.8910994856542,0.03782425829047118,0,780,0,0,0,0,0,1590,2,0
23396.56354064767,22797.284400076463,599.2791405712051,0.04993992838093376,0,791,0,0,0,0,0,1776,2,0
19354.148093020347,21643.13246950523,-2288.9843764848847,-0.19074869804040706,0,304,1,0,0,0,0,615,3,0
33608.35962089876,38503.8253463979,-4895.46572549914,-0.4079554771249283,1,342,0,0,0,0,0,681,7,0
17114.138331679656,14889.071467673302,2225.066864006354,0.18542223866719618,0,641,0,0,0,0,0,363,3,0
35687.88850846935,33198.78523418045,2489.1032742889,0.20742527285740833,0,166,0,0,0,0,0,785,3,0
16641.935780305448,15123.068462715497,1518.8673175899512,0.12657227646582928,1,125,0,0,0,0,0,328,5,0
163847.54601553874,25302.192328823327,138545.35368671542,11.545446140559617,2,73,4,3,2,1,0,39,45,1
20088.517136743518,21695.86974939456,-1607.3526126510405,-0.1339460510542534,0,768,0,0,0,0,0,400,10,0
30187.57880870369,29113.87680548022,1073.7020032234686,0.08947516693528905,0,466,1,0,0,0,0,2373,6,0
42796.92016746545,47351.94633653264,-4555.0261690671905,-0.37958551408893254,0,694,0,0,0,0,0,1115,1,0
42975.97353223355,42657.43101667925,318.542515554298,0.026545209629524835,0,529,0,0,0,0,0,417,7,0
27006.882513088807,30445.642600239924,-3438.7600871511167,-0.2865633405959264,0,544,0,0,0,0,0,1370,2,0
28947.12531277396,30453.13540375027,-1506.0100909763132,-0.12550084091469277,0,502,3,0,0,0,0,952,1,0
82084.10388650818,13025.461481407487,69058.64240510069,5.754886867091725,3,65,7,1,3,0,0,26,37,1
47122.496839308515,48220.32844155874,-1097.8316022502258,-0.09148596685418549,0,386,0,0,0,0,0,310,1,0
12891.757190735854,13893.183533875223,-1001.4263431393683,-0.08345219526161403,0,467,0,0,0,0,0,705,4,0
12077.577425190817,11963.116575431222,114.46084975959457,0.00953840414663288,0,376,0,0,1,0,0,1788,6,0
22976.634637749976,23816.765843722278,-840.1312059723023,-0.07001093383102519,0,465,0,0,0,0,0,1425,1,0
13181.17032986419,14686.783884044682,-1505.6135541804924,-0.1254677961817077,0,301,3,0,0,0,0,1348,6,0
33325.167569695455,28555.55201409294,4769.615555602515,0.39746796296687625,0,710,2,0,0,0,0,986,4,0
18098.47454904604,15960.8953271235,2137.5792219225405,0.17813160182687837,0,378,1,0,0,0,0,403,4,0
28967.129786713595,31151.02510156497,-2183.8953148513756,-0.18199127623761463,0,462,3,0,0,0,0,1161,1,0
20267.298639665765,17869.12376469681,2398.174874968954,0.19984790624741283,0,355,0,0,0,0,0,1120,4,0
24645.54717060458,21279.74698066427,3365.80018994031,0.2804833491616925,0,668,3,0,0,0,0,734,3,0
116118.20436684237,14209.517701612931,101908.68666522944,8.492390555435787,3,63,5,3,2,0,1,253,59,1
15760.737201040722,16988.711369035245,-1227.9741679945237,-0.1023311806662103,0,551,2,0,0,0,0,2431,8,0
21398.378832041515,24293.790848889817,-2895.4120168483023,-0.24128433473735852,1,199,2,0,0,0,0,240,2,0
17650.212052245228,19658.753717845568,-2008.54166560034,-0.16737847213336166,0,642,0,0,0,0,0,1688,2,0
158146.16663700365,16774.275593018403,141371.89104398526,11.780990920332105,3,37,6,0,2,1,0,214,29,1
29421.863214135316,25544.9672627282,3876.895951407114,0.3230746626172595,0,736,0,0,0,0,0,256,2,0
20267.0765006968,20601.538509842576,-334.4620091457764,-0.027871834095481367,0,749,2,0,0,0,0,2176,4,0
32042.369657630315,28712.829599237215,3329.5400583931005,0.27746167153275836,0,789,1,0,0,0,0,1803,12,0
129201.39549010617,23870.090868828156,105331.30462127802,8.777608718439835,2,7,6,1,1,1,1,79,34,1
22693.26656734961,25117.55645669836,-2424.289889348751,-0.20202415744572924,0,156,1,0,0,0,0,701,1,0
12558.569431997275,11501.118485461537,1057.4509465357387,0.08812091221131156,0,328,1,0,0,0,0,535,2,0
26252.766615089986,30087.61624540719,-3834.8496303172033,-0.3195708025264336,0,783,0,0,0,0,0,209,1,0
19239.907692893907,18257.120358450473,982.7873344434338,0.08189894453695282,0,267,2,0,0,0,0,1995,3,0
115027.62331310648,18384.732012107444,96642.89130099904,8.053574275083253,1,6,13,0,3,0,1,265,53,1
37587.60285704207,41782.71463432736,-4195.111777285296,-0.349592648107108,1,426,0,0,0,0,0,1560,13,0
44267.593784719655,48479.132296267686,-4211.538511548031,-0.3509615426290026,0,337,1,1,0,0,0,1938,12,0
26675.01945677356,27403.14093432325,-728.1214775496919,-0.06067678979580766,1,666,1,0,0,0,0,395,12,0
28799.64947802972,31257.78713216778,-2458.1376541380596,-0.20484480451150497,0,239,2,0,0,0,0,2485,1,0
102894.75390442241,17447.116227822335,85447.63767660008,7.1206364730500065,4,62,1,3,1,1,0,293,47,1
23487.961826212726,23888.83536822092,-400.8735420081939,-0.03340612850068283,0,399,0,0,0,0,0,1517,1,0
22246.39862008301,24013.97216196129,-1767.5735418782788,-0.14729779515652322,1,569,1,0,1,0,0,803,1,0
25381.035739566414,22865.73256872853,2515.303170837884,0.20960859756982367,0,192,0,0,0,0,0,1693,2,0
21846.637719162372,21016.279724679076,830.3579944832964,0.0691964995402747,0,182,0,0,0,0,0,619,1,0
55088.04521599254,54688.003407365155,400.04180862738576,0.03333681738561548,0,613,0,0,0,0,0,901,1,0
11412.18453800302,11566.277841804449,-154.0933038014282,-0.012841108650119016,0,137,1,0,0,0,0,1319,2,0
46566.756714399766,43065.20172668953,3501.5549877102385,0.2917962489758532,0,483,2,0,0,0,0,2159,1,0
31756.09345462914,31038.566031724833,717.5274229043061,0.05979395190869218,1,497,0,0,0,0,0,1215,9,0
13009.405612043749,13018.766638520248,-9.361026476499319,-0.0007800855397082766,1,507,2,0,0,0,0,1743,4,0
29235.002537056665,32885.90623280891,-3650.9036957522476,-0.30424197464602065,0,365,2,0,0,0,0,1351,2,0
10244.96173528361,9048.585183632453,1196.3765516511576,0.0996980459709298,0,757,1,0,0,0,0,1559,4,0
106392.54612698079,13215.6572151155,93176.88891186529,7.764740742655441,2,55,3,2,1,1,1,129,33,1
25159.278595678814,23451.18132730262,1708.0972683761938,0.1423414390313495,0,773,1,0,0,0,0,543,1,0
21590.066453016825,20899.928017238813,690.1384357780116,0.0575115363148343,1,748,0,0,0,0,0,1551,4,0
20097.541663051226,17759.463239122695,2338.0784239285313,0.19483986866071093,0,779,1,0,0,0,0,1758,5,0
22454.35965104967,23225.538970471032,-771.1793194213606,-0.06426494328511338,0,645,0,0,0,0,0,906,5,0
21916.977203632177,19343.24341336918,2573.733790262999,0.2144778158552499,0,714,1,0,0,0,0,1953,4,0
28401.643214908763,26380.703909963766,2020.9393049449973,0.16841160874541644,0,337,1,0,0,0,0,1524,2,0
46822.875783886935,45951.93865930462,870.9371245823131,0.07257809371519276,0,629,1,0,1,0,0,665,2,0
20630.331228889256,21039.96286264251,-409.6316337532553,-0.03413596947943794,0,783,1,0,0,0,0,203,7,0
15322.4369991656,15696.541478608811,-374.10447944321095,-0.031175373286934246,0,707,1,0,0,0,0,1661,2,0
27941.11794662131,30732.912930262606,-2791.7949836412954,-0.23264958197010796,0,576,1,0,0,0,0,2186,1,0
18846.078296311694,16329.863680143206,2516.2146161684886,0.20968455134737404,1,465,0,0,0,0,0,787,3,0
24487.581183836697,25625.558032261837,-1137.97684842514,-0.09483140403542832,1,220,1,0,1,0,0,1643,14,0
32894.262147884685,29638.784936721335,3255.47721116335,0.27128976759694584,0,226,0,1,0,0,0,877,3,0
14174.024906033565,12743.760230523883,1430.2646755096812,0.1191887229591401,0,514,1,0,0,0,0,1674,2,0
29728.165750010223,30688.00120075618,-959.835450745959,-0.07998628756216325,0,583,1,0,0,0,0,320,2,0
27459.623645935128,26395.323212319203,1064.3004336159247,0.08869170280132706,0,660,1,0,0,0,0,1692,2,0
121676.3133852887,24437.98194176764,97238.33144352105,8.103194286960088,2,7,4,0,3,0,1,158,46,1
18350.752416346793,17369.872630848957,980.8797854978366,0.08173998212481971,0,462,1,0,0,0,0,368,3,0
25660.434188518022,22258.348206154456,3402.0859823635656,0.2835071651969638,1,292,2,0,0,0,0,1352,4,0
118335.07888908239,13573.908066111262,104761.17082297112,8.730097568580927,1,25,2,1,1,0,1,299,38,1
26847.938047418542,27153.384605633695,-305.44655821515335,-0.025453879851262778,0,481,0,0,0,0,0,411,8,0
25005.799942879512,24676.51406340595,329.2858794735621,0.027440489956130173,0,548,0,0,0,0,0,1318,6,0
21063.60179767152,20577.123883110493,486.4779145610264,0.04053982621341887,0,514,2,0,0,0,0,1748,2,0
23518.831952534205,20956.78673058645,2562.0452219477556,0.2135037684956463,0,799,2,0,0,0,0,2142,7,0
25847.254181818353,28697.835664745064,-2850.581482926711,-0.23754845691055926,0,517,0,0,0,0,0,1415,4,0
70358.44564162409,64676.672973056855,5681.772668567231,0.47348105571393595,0,285,3,0,0,0,0,755,5,0
7540.389869027949,7944.095290263607,-403.7054212356579,-0.033642118436304824,0,761,0,0,0,0,0,2417,10,0
18428.949380088667,16284.932965625605,2144.0164144630617,0.17866803453858848,0,448,0,0,0,0,0,890,3,0
17962.45624460293,16945.022007522446,1017.4342370804843,0.0847861864233737,0,621,1,0,0,0,0,633,11,0
22601.86981255948,22423.071543081754,178.7982694777238,0.014899855789810318,0,540,0,0,0,0,0,1988,1,0
21227.01828660353,19434.00332987349,1793.0149567300396,0.14941791306083663,0,200,1,0,0,0,0,1109,5,0
25219.323074441996,23096.118844804572,2123.204229637424,0.17693368580311866,0,124,0,0,0,0,0,321,3,0
38449.51563524723,34668.601611672755,3780.914023574478,0.3150761686312065,0,576,1,0,0,0,0,1072,6,0
20945.7009432422,20481.335720901632,464.3652223405661,0.038697101861713844,0,295,0,0,0,0,0,1837,2,0
42143.83648476034,45906.429981620946,-3762.593496860609,-0.3135494580717174,0,169,1,0,0,0,0,2492,6,0
12135.382683644293,11838.195329314978,297.187354329315,0.024765612860776248,0,792,0,0,0,0,0,1946,2,0
28894.578165612453,30167.144454045847,-1272.5662884333942,-0.10604719070278285,0,575,1,0,0,0,0,847,4,0
31795.6208984815,30610.86743832916,1184.7534601523366,0.09872945501269471,0,328,0,0,0,0,0,1341,3,0
76237.61959952017,20820.946941715756,55416.67265780442,4.618056054817035,3,56,6,1,2,1,0,29,31,1
40190.831860905986,44395.63279467084,-4204.800933764855,-0.3504000778137379,1,547,1,0,0,0,0,479,3,0
31422.468399276724,33353.978393299185,-1931.509994022461,-0.16095916616853842,0,491,0,0,1,0,0,1840,2,0
16519.606080374324,16758.083435792818,-238.47735541849397,-0.019873112951541164,0,605,1,0,0,0,0,1311,3,0
17211.824987380718,16672.99239224901,538.8325951317092,0.04490271626097577,0,379,1,0,0,0,0,1643,4,0
113080.7233665264,14605.375323796012,98475.34804273039,8.206279003560866,3,52,3,2,3,0,1,38,41,1
44552.948804452564,45003.655274114026,-450.7064696614616,-0.03755887247178847,0,307,1,1,0,0,0,1624,1,0
20991.069200550264,21071.1912788065,-80.12207825623409,-0.006676839854686174,0,579,0,1,0,0,0,1203,5,0
16365.002587955667,15209.26209038435,1155.7404975713162,0.09631170813094302,0,530,1,0,0,0,0,2409,3,0
44253.22627799021,48099.43360770389,-3846.2073297136812,-0.3205172774761401,0,551,0,0,0,0,0,2058,5,0
28942.271962502306,27884.32904894167,1057.942913560637,0.08816190946338641,0,655,1,0,1,0,0,1195,7,0
112686.38781224801,32030.27461617467,80656.11319607333,6.721342766339444,2,69,7,1,1,0,0,101,49,1
114644.53278904546,32858.53043015934,81786.00235888612,6.8155001965738435,2,17,8,1,2,0,0,49,31,1
23041.359850378227,21875.887355126557,1165.47249525167,0.09712270793763916,0,159,0,0,0,0,0,2440,12,0
14924.974098136527,14159.604189087822,765.3699090487044,0.06378082575405869,0,563,1,0,0,0,0,457,3,0
49369.44837854936,46847.34358893418,2522.1047896151795,0.2101753991345983,0,627,2,0,1,0,0,196,2,0
96564.91680498875,8602.185264923522,87962.73154006523,7.330227628338769,2,10,6,2,2,0,1,95,49,1
107686.65634764139,29873.71269254783,77812.94365509355,6.484411971257796,4,46,3,1,2,0,0,51,59,1
25319.315755463766,23087.262309317175,2232.0534461465904,0.1860044538455492,0,312,1,0,0,0,0,1333,7,0
27747.03836948688,27865.300474089854,-118.26210460297443,-0.009855175383581202,0,570,0,0,0,0,0,930,1,0
37896.978624217765,35602.66482073268,2294.3138034850854,0.19119281695709045,1,207,0,0,0,0,0,2216,1,0
36713.71529118001,35171.31547960475,1542.3998115752547,0.12853331763127124,1,748,1,0,0,0,0,618,6,0
136153.028223685,30521.689437939225,105631.33878574576,8.802611565478813,2,39,3,2,2,1,0,75,34,1
20480.576308164964,19063.397510760435,1417.1787974045292,0.1180982331170441,1,714,0,0,0,0,0,1285,6,0
129650.6247151947,19145.070885774163,110505.55382942053,9.208796152451711,1,57,2,0,3,0,0,228,51,1
38435.318318967824,36519.41837451246,1915.8999444553629,0.15965832870461358,0,627,0,1,0,0,0,1195,4,0
29847.994233860067,30320.315887375236,-472.3216535151696,-0.0393601377929308,0,194,0,0,0,0,0,1299,2,0
26637.331430220638,24103.272324704398,2534.0591055162404,0.21117159212635336,1,180,0,0,0,0,0,1994,1,0
14632.204204760152,13383.824325870815,1248.3798788893364,0.10403165657411137,0,464,0,0,0,0,0,1538,2,0
32920.24001523978,36236.500915872326,-3316.260900632544,-0.276355075052712,0,713,0,0,0,0,0,1586,2,0
12430.68538116892,13574.487816165583,-1143.8024349966636,-0.0953168695830553,1,347,1,0,0,0,0,2057,1,0
24703.41420811578,21817.407115184556,2886.007092931224,0.24050059107760202,0,788,1,0,0,0,0,280,1,0
45799.467447294606,39044.27138963702,6755.1960576575875,0.5629330048047989,0,651,2,0,0,0,0,481,2,0
28088.636152405386,24587.752825525495,3500.8833268798917,0.29174027723999096,1,325,0,0,0,0,0,1109,2,0
27551.543657362985,25977.4124070802,1574.131250282786,0.13117760419023217,0,730,1,0,0,0,0,1015,5,0
35998.0557078626,31003.195419613592,4994.860288249009,0.41623835735408404,0,283,1,0,0,0,0,2273,4,0
54724.42084368754,52145.83539747239,2578.5854462151547,0.21488212051792954,0,262,0,0,0,0,0,1043,17,0
28951.16658964899,26888.260953908608,2062.9056357403824,0.1719088029783652,0,267,0,0,0,0,0,1863,1,0
109643.61458494265,31417.68145810641,78225.93312683624,6.518827760569687,3,35,6,0,3,1,0,292,33,1
42665.94403397882,42844.71236647113,-178.76833249231277,-0.014897361041026064,1,476,0,0,1,0,0,935,7,0
39190.86667273744,42731.63133121091,-3540.7646584734757,-0.2950637215394563,0,541,0,0,0,0,0,1602,3,0
27402.095020922883,26075.611895280923,1326.4831256419602,0.11054026047016335,0,531,1,0,0,0,0,1187,2,0
20907.660285038488,21285.692164819015,-378.03187978052665,-0.031502656648377224,0,594,3,0,0,0,0,1004,3,0
45584.048028586,42904.66716394482,2679.3808646411853,0.22328173872009877,0,799,1,1,0,0,0,2088,1,0
17641.091861207482,16144.598786210685,1496.493074996797,0.12470775624973308,0,354,0,0,0,0,0,728,1,0
23100.315917165088,20682.98048898128,2417.3354281838074,0.2014446190153173,0,562,0,0,0,0,0,2120,1,0
13598.87342266807,15170.69715011293,-1571.8237274448602,-0.13098531062040503,0,572,0,1,0,0,0,1276,14,0
39748.87753990567,39608.65696805822,140.22057184745063,0.01168504765395422,0,627,1,0,0,0,0,358,4,0
25794.55568854256,22926.74020682246,2867.815481720103,0.23898462347667526,0,363,0,0,0,0,0,368,6,0
153213.7826792138,22782.927916361943,130430.85476285184,10.86923789690432,1,48,6,3,1,0,0,187,50,1
25866.783809381184,22898.276050821765,2968.507758559419,0.24737564654661826,0,282,2,1,0,0,0,2076,1,0
34015.198780948485,34931.36007103065,-916.1612900821638,-0.07634677417351364,0,430,1,0,0,0,0,467,2,0
38720.624763416396,39417.17953568413,-696.5547722677366,-0.05804623102231138,0,447,0,0,0,0,0,712,8,0
37327.59607584435,34091.91935966203,3235.6767161823154,0.2696397263485263,0,353,1,0,0,0,0,2253,1,0
19783.082458044744,22035.761706365567,-2252.679248320823,-0.1877232706934019,0,604,0,0,0,0,0,2127,5,0
37445.8565264347,38141.204771709665,-695.3482452749668,-0.05794568710624723,0,480,2,0,0,0,0,2456,4,0
153569.51579582697,23997.87460342229,129571.64119240468,10.797636766033724,2,27,7,3,1,0,0,107,33,1
24262.445998376992,24319.90584811274,-57.45984973574741,-0.004788320811312284,0,572,0,0,0,0,0,2208,3,0
40219.533341702525,40753.49481649384,-533.9614747913147,-0.04449678956594289,0,572,0,0,0,0,0,1167,2,0
18902.12809598155,17802.05886122787,1100.0692347536788,0.09167243622947323,0,201,0,0,0,0,0,1795,3,0
125804.31367464947,30527.480553903537,95276.83312074593,7.939736093395494,2,68,4,0,3,1,0,207,41,1
23646.30925604001,20791.57903385842,2854.7302221815917,0.2378941851817993,0,539,0,1,0,0,0,689,2,0
23687.79283069357,23961.216119937,-273.4232892434302,-0.022785274103619184,0,126,0,1,0,0,0,1879,3,0
41532.27078643272,44759.15927878663,-3226.8884923539154,-0.2689073743628263,0,756,1,0,0,0,0,2033,2,0
10093.512623751365,10860.326107137065,-766.8134833857002,-0.06390112361547502,0,328,0,0,0,0,0,2068,8,0
170525.72377570462,11744.213687205262,158781.51008849937,13.231792507374948,2,32,7,3,3,0,0,50,35,1
23707.181097067583,20766.3712041063,2940.8098929612825,0.24506749108010686,0,695,0,0,0,0,0,1891,1,0
30145.53720621039,28685.763429678515,1459.7737765318743,0.12164781471098952,0,495,1,1,0,0,0,916,1,0
28443.51806201905,26995.950818347777,1447.567243671274,0.12063060363927282,0,156,0,0,0,0,0,666,16,0
28882.46108185414,26296.270665194672,2586.1904166594686,0.2155158680549557,0,123,0,1,0,0,0,1961,7,0
37803.17879126981,38466.807771304615,-663.6289800348022,-0.05530241500290019,1,277,0,0,0,0,0,1676,2,0
15248.153198298634,14081.39064644842,1166.7625518502136,0.09723021265418447,0,488,3,0,0,0,0,2460,1,0
23683.20827724841,20158.644716950337,3524.563560298073,0.2937136300248394,1,370,2,0,0,0,0,1419,1,0
59976.77551434898,60760.26259253264,-783.4870781836653,-0.06529058984863878,0,522,1,0,0,0,0,650,3,0
15843.249107953678,18095.85291645092,-2252.6038084972424,-0.18771698404143686,0,692,1,0,0,0,0,1069,8,0
11671.136081467235,12298.327171454244,-627.191089987009,-0.052265924165584086,0,484,0,0,0,0,0,1685,1,0
16868.379165114413,16127.711559123716,740.6676059906968,0.06172230049922473,0,606,1,0,0,0,0,1028,2,0
13123.352005765877,13879.227640593503,-755.8756348276256,-0.06298963623563547,0,706,0,0,0,0,0,2081,3,0
135863.85556719903,17442.37591126676,118421.47965593227,9.868456637994356,2,70,2,3,1,1,0,90,53,1
80968.44981821114,23981.027832909574,56987.42198530157,4.748951832108464,2,26,3,0,1,0,0,128,23,1
149932.41438002913,31557.880694242474,118374.53368578666,9.864544473815556,2,48,5,0,3,1,0,251,49,1
40395.00387034217,35322.081936410155,5072.921933932012,0.4227434944943343,0,259,0,0,0,0,0,532,1,0
37482.798201566016,42265.543885302584,-4782.745683736568,-0.39856214031138065,0,261,1,0,0,0,0,1995,5,0
29908.688391550582,27389.040021144443,2519.6483704061393,0.20997069753384495,0,274,2,1,0,0,0,522,1,0
95886.99769915399,21127.649694307773,74759.34800484622,6.229945667070519,3,50,5,1,1,0,0,228,16,1
42716.367728586454,44050.04236442927,-1333.6746358428136,-0.11113955298690113,1,527,1,0,0,0,0,1777,2,0
35421.10209287303,30294.59311888149,5126.508973991538,0.4272090811659615,0,183,0,0,0,0,0,1254,3,0
131615.88084793166,32499.90593830393,99115.97490962774,8.259664575802312,3,49,4,3,3,0,1,219,43,1
121957.65060683098,18197.215180251435,103760.43542657956,8.646702952214962,1,73,3,2,1,1,0,293,34,1
34092.3902528729,31128.245488343826,2964.1447645290755,0.2470120637107563,1,540,1,0,0,0,0,1133,2,0
25991.206128183316,24654.677201366154,1336.5289268171618,0.11137741056809682,0,669,0,0,0,0,0,387,3,0
141189.43769682,14906.045916000692,126283.39178081932,10.523615981734944,2,73,8,3,1,0,1,255,51,1
85604.08203917065,32916.71181335213,52687.37022581852,4.390614185484877,2,41,4,0,2,0,0,137,35,1
30572.754608658805,30913.219667136895,-340.4650584780902,-0.028372088206507516,0,350,2,0,0,0,0,496,4,0
20428.830810963133,21742.310479367618,-1313.479668404485,-0.10945663903370709,0,639,0,0,0,0,0,436,2,0
16059.96196982681,16445.320695231094,-385.3587254042832,-0.0321132271170236,0,619,0,0,0,0,0,1240,5,0
30468.90559120653,30022.511782877984,446.3938083285466,0.03719948402737888,0,588,0,0,0,0,0,247,1,0
23446.980037064404,23166.082207677056,280.8978293873479,0.023408152448945656,0,585,3,0,0,0,0,668,2,0
188219.58264782227,20533.39742632029,167686.18522150198,13.973848768458497,3,47,3,1,2,1,1,163,15,1
28169.282338644538,31568.35938281043,-3399.0770441658933,-0.28325642034715776,0,733,0,0,0,0,0,1456,2,0
174884.58560265982,15697.010793772695,159187.57480888712,13.265631234073927,3,70,5,1,3,1,1,36,25,1
127924.62144414609,19650.000941769664,108274.62050237643,9.022885041864702,4,7,6,2,2,1,0,74,14,1
10530.165178101484,9595.317305397675,934.8478727038091,0.07790398939198409,1,419,1,0,0,0,0,477,8,0
11999.446128870299,11772.937681987223,226.50844688307552,0.01887570390692296,1,280,1,0,0,0,0,414,11,0
33846.459420569416,35823.146842068716,-1976.6874214993004,-0.16472395179160837,0,225,0,0,0,0,0,1206,3,0
24255.770733600686,24186.34726245979,69.42347114089716,0.0057852892617414305,0,402,0,0,0,0,0,2476,2,0
24118.52512369045,26708.95354209625,-2590.428418405798,-0.2158690348671498,0,505,0,0,0,0,0,1495,2,0
198403.13938157217,21946.712270929933,176456.42711064222,14.704702259220186,2,24,5,2,2,0,0,218,45,1
51739.09379461516,47891.236583200065,3847.8572114150957,0.32065476761792466,0,168,1,0,0,0,0,969,5,0
12280.08180145951,12761.246616209435,-481.1648147499254,-0.04009706789582712,0,618,4,1,0,0,0,801,2,0
18612.49218402244,21260.542773903755,-2648.0505898813135,-0.22067088249010947,0,386,0,0,0,0,0,1817,5,0
15114.849202916053,15372.474785082033,-257.6255821659797,-0.021468798513831645,0,562,1,0,0,0,0,328,4,0
24585.023477994822,24081.400882563405,503.6225954314177,0.04196854961928481,0,357,1,0,0,0,0,1654,1,0
12834.158168855096,14056.736543898656,-1222.5783750435603,-0.10188153125363003,0,529,0,0,0,0,0,1599,1,0
26157.167021241734,29557.012820635646,-3399.845799393912,-0.283320483282826,0,476,0,0,0,0,0,972,4,0
15887.723120899987,15926.603429311965,-38.88030841197724,-0.0032400257009981034,1,492,1,0,0,0,0,1574,2,0
15206.758621392575,15718.389201404692,-511.6305800121172,-0.042635881667676435,1,250,0,0,0,0,0,556,5,0
23311.617995692475,21497.053911764782,1814.564083927693,0.1512136736606411,0,210,0,0,0,0,0,923,13,0
22771.91760954075,19827.048912121467,2944.8686974192824,0.2454057247849402,0,240,1,0,0,0,0,1148,7,0
10752.475073879948,9541.205202903442,1211.2698709765064,0.10093915591470887,0,207,1,0,0,0,0,489,1,0
41357.66605011612,46960.84684758881,-5603.180797472691,-0.46693173312272424,0,190,0,0,0,0,0,1839,3,0
16571.751754752593,14470.14735114796,2101.6044036046333,0.1751337003003861,0,632,0,0,0,0,0,704,2,0
18815.861471536497,18469.60456253317,346.25690900332484,0.028854742416943736,0,775,0,0,0,0,0,1838,4,0
80692.110493973,17375.95759077557,63316.15290319743,5.276346075266452,1,66,3,2,2,0,0,208,27,1
20318.495688477844,18073.937204753896,2244.5584837239476,0.18704654031032897,0,488,0,0,0,0,0,1409,4,0
13761.127447635166,12428.233401160289,1332.8940464748775,0.11107450387290646,0,636,2,1,0,0,0,734,3,0
29398.893786228447,26081.645192684828,3317.24859354362,0.27643738279530167,0,155,0,1,0,0,0,252,8,0
57526.370433066644,64591.07457180115,-7064.704138734509,-0.5887253448945424,1,711,1,0,0,0,0,856,3,0
38421.16118718491,42807.887004833894,-4386.725817648985,-0.3655604848040821,1,335,1,0,0,0,0,882,8,0
148022.57303264985,31678.205986080477,116344.36704656937,9.695363920547448,1,44,3,1,2,1,0,199,28,1
21741.126637646936,23111.76360004453,-1370.6369623975952,-0.11421974686646627,0,381,1,0,0,0,0,2186,2,0
26977.182059466082,29737.171460793485,-2759.9894013274024,-0.22999911677728355,0,447,0,0,0,0,0,822,1,0
231739.98157884786,27809.77818090093,203930.20339794693,16.994183616495576,2,12,5,2,1,0,1,145,58,1
133761.5099185172,23133.845843149447,110627.66407536775,9.218972006280646,1,32,3,3,2,0,1,98,25,1
24019.222989863938,23667.691909206882,351.531080657056,0.029294256721421334,0,207,0,0,1,0,0,923,1,0
169809.0395638248,29468.728154219018,140340.31140960578,11.695025950800481,3,41,4,2,2,1,1,42,24,1
132754.51802461053,26982.629876987245,105771.88814762328,8.81432401230194,1,28,3,2,1,0,0,246,56,1
19878.720929223182,22118.396706701747,-2239.6757774785656,-0.1866396481232138,0,420,1,0,0,0,0,1630,6,0
17392.556518469504,15487.418557420637,1905.1379610488675,0.15876149675407228,0,770,1,0,0,0,0,2149,2,0
36662.510623477385,35848.61180215215,813.8988213252378,0.06782490177710315,0,501,2,0,0,0,0,2314,1,0
21789.10110807696,20344.877720281904,1444.2233877950566,0.12035194898292138,0,352,1,0,0,0,0,1262,6,0
93771.75389715336,19510.387771604837,74261.36612554852,6.188447177129043,3,40,7,1,2,1,1,193,43,1
15426.303915761673,16767.98510989014,-1341.6811941284686,-0.11180676617737238,1,667,0,0,0,0,0,277,6,0
113068.93712961485,13753.85734773055,99315.0797818843,8.276256648490358,3,40,5,0,2,1,1,288,46,1
13604.148266024673,15405.034385864676,-1800.8861198400027,-0.15007384332000023,0,632,2,0,0,0,0,247,8,0
123748.11207085168,23401.674769759982,100346.4373010917,8.362203108424309,1,43,8,0,1,1,1,197,29,1
51545.98687301279,58073.73960234073,-6527.7527293279345,-0.5439793941106612,0,390,1,0,0,0,0,1143,2,0
14336.107084227799,13232.709825180773,1103.3972590470257,0.09194977158725215,0,559,4,0,0,0,0,2263,3,0
34345.118802151774,30408.20286792637,3936.9159342254025,0.3280763278521169,0,728,0,0,0,0,0,2478,7,0
27135.20343313305,24427.839642103892,2707.363791029158,0.22561364925242985,1,146,1,0,0,0,0,989,1,0
14676.080720458292,14626.081795603755,49.99892485453711,0.004166577071211426,0,268,1,0,0,0,0,2102,5,0
35800.89543415106,33619.03171063023,2181.86372352083,0.18182197696006916,1,257,0,0,0,0,0,374,1,0
29451.227341457565,28433.890024378903,1017.3373170786617,0.08477810975655514,0,706,0,0,0,0,0,1337,3,0
25783.21096962399,28521.508102100925,-2738.297132476935,-0.22819142770641127,0,132,1,0,0,0,0,1548,3,0
74936.40154103,30813.90436980431,44122.497171225696,3.676874764268808,2,66,6,0,4,0,0,204,34,1
22269.41608471183,19373.21702707012,2896.1990576417084,0.24134992147014236,0,638,0,0,0,0,0,1027,7,0
22350.273083769054,22558.151608631073,-207.87852486201882,-0.017323210405168234,0,514,0,0,0,0,0,2082,1,0
35184.29933284873,34141.59321141324,1042.7061214354908,0.0868921767862909,0,219,1,0,0,0,0,1466,1,0
17506.758288752644,16465.69732024405,1041.0609685085947,0.08675508070904955,0,756,0,0,0,0,0,1531,8,0
17966.434120956907,15831.341485794872,2135.0926351620346,0.17792438626350288,0,180,1,0,0,0,0,2248,1,0
14939.074095710439,12985.91931793332,1953.1547777771193,0.16276289814809328,0,476,2,0,0,0,0,2102,5,0
43684.432615693964,40851.66510553519,2832.767510158774,0.2360639591798978,0,659,0,0,0,0,0,1479,1,0
44705.505493547236,48221.6530324822,-3516.1475389349653,-0.2930122949112471,0,426,0,1,0,0,0,620,4,0
23273.000760731466,24682.384084644385,-1409.3833239129199,-0.11744861032607666,0,323,0,0,0,0,0,1460,1,0
19494.585477653563,17451.937395493587,2042.6480821599762,0.17022067351333134,0,565,0,0,0,0,0,820,2,0
13281.766447235492,11967.800093685339,1313.9663535501531,0.10949719612917942,0,476,0,0,0,0,0,1633,5,0
17313.30152138841,18772.46577611098,-1459.164254722571,-0.12159702122688092,0,663,2,0,0,0,0,1926,1,0
19291.46912192768,21691.496161267987,-2400.027039340308,-0.200002253278359,0,689,0,0,0,0,0,2406,1,0
33632.94951748382,30562.582817768587,3070.366699715236,0.2558638916429363,0,462,1,0,0,0,0,586,7,0
19214.043637445426,18029.290905267142,1184.7527321782836,0.09872939434819031,0,632,1,0,0,0,0,346,3,0
92587.32555902611,20306.164468841787,72281.16109018432,6.023430090848693,2,6,4,2,1,1,1,118,44,1
18803.579391339706,20335.412621408992,-1531.8332300692855,-0.12765276917244045,1,689,2,0,0,0,0,345,1,0
152073.4219009362,18464.928060120357,133608.49384081585,11.13404115340132,1,58,7,3,4,0,0,245,21,1
53580.8672053757,47425.09236700428,6155.774838371421,0.5129812365309517,0,350,0,0,0,0,0,2414,2,0
118657.47593354576,21550.25755807483,97107.21837547093,8.09226819795591,4,10,3,0,2,0,0,229,38,1
139070.32921518458,14435.250001966304,124635.07921321828,10.386256601101524,3,47,6,0,3,0,0,250,50,1
16769.605921600967,14610.425424069357,2159.18049753161,0.17993170812763415,0,349,0,0,0,0,0,2240,6,0
26258.36137950971,27570.269462347325,-1311.9080828376136,-0.10932567356980114,0,320,0,0,0,0,0,1407,1,0
22760.873225236162,25123.32412593628,-2362.450900700118,-0.19687090839167648,1,797,0,0,0,0,0,966,1,0
17578.763568090537,15552.661063837046,2026.1025042534911,0.1688418753544576,0,416,1,0,0,0,0,2082,1,0
22265.94921422704,23227.82455097366,-961.8753367466197,-0.08015627806221831,0,172,0,0,0,0,0,1051,5,0
145668.61016294564,12288.406144113625,133380.204018832,11.115017001569335,2,6,7,0,3,1,1,111,27,1
32950.359604022924,33402.13884800515,-451.7792439822224,-0.03764827033185186,1,659,1,1,0,0,0,2250,3,0
175244.36737899025,18758.72565066216,156485.6417283281,13.040470144027342,2,69,5,1,1,0,0,84,35,1
17039.2183097143,16828.24973740909,210.96857230520982,0.017580714358767485,0,392,1,0,0,0,0,1346,5,0
28683.359431247565,24554.632987814723,4128.726443432843,0.34406053695273686,0,227,1,0,0,0,0,1370,2,0
29770.707262493343,30083.958363675825,-313.25110118248267,-0.026104258431873556,0,565,0,0,0,0,0,1592,2,0
20210.329104523487,19254.98366492318,955.3454396003071,0.07961211996669226,0,399,1,0,0,0,0,1806,9,0
163464.96146373657,19681.55858885628,143783.4028748803,11.981950239573358,3,40,3,2,1,0,1,213,28,1
18092.436332479338,16560.002683950333,1532.4336485290041,0.12770280404408368,0,279,1,0,0,0,0,2413,2,0
159928.95720034107,19757.413318902887,140171.54388143818,11.680961990119847,2,48,2,1,4,0,1,230,51,1
20557.060857296852,18727.212457527254,1829.8483997695985,0.15248736664746654,0,470,0,0,0,0,0,225,3,0
112170.68610294987,32836.4315476365,79334.25455531337,6.611187879609448,3,71,4,2,2,0,1,226,35,1
37553.30922347515,42929.24839773071,-5375.93917425556,-0.44799493118796335,0,354,0,0,0,0,0,1263,2,0
120990.11924321184,39145.45651430747,81844.66272890437,6.820388560742031,2,28,5,3,2,0,0,56,53,1
25138.14520498935,22351.23103518946,2786.9141697998894,0.2322428474833241,0,732,1,0,0,0,0,1445,4,0
36705.180225024094,38614.49097330852,-1909.310748284428,-0.15910922902370234,0,604,1,0,0,0,0,2211,2,0
16679.88452921275,18501.11288997896,-1821.2283607662066,-0.15176903006385056,0,250,1,0,0,0,0,889,1,0
22825.57686321097,22790.733196326746,34.84366688422233,0.0029036389070185276,0,648,0,0,0,0,0,2164,4,0
20174.42908797823,19398.884383011973,775.544704966258,0.06462872541385484,0,288,1,1,0,0,0,270,2,0
23442.087312668467,22466.2597514627,975.827561205766,0.08131896343381383,0,737,1,0,0,0,0,807,2,0
186003.57850298492,25572.964373344326,160430.6141296406,13.369217844136717,4,74,2,0,1,0,0,28,50,1
19783.741258138227,18600.22516869478,1183.5160894434484,0.09862634078695404,0,358,0,0,0,0,0,962,2,0
126234.55230217596,11882.82547935071,114351.72682282525,9.529310568568771,4,41,7,0,2,0,1,272,24,1
132364.24146728072,17050.592190776628,115313.64927650409,9.609470773042007,2,19,4,2,3,1,0,84,31,1
16425.404729580965,14707.346448031612,1718.0582815493526,0.14317152346244605,0,274,0,0,0,0,0,1580,9,0
18513.08227747279,20036.054834501865,-1522.9725570290757,-0.12691437975242298,0,192,1,0,0,0,0,433,2,0
23206.3007787017,23418.38084117233,-212.08006247062804,-0.017673338539219003,1,448,1,0,0,0,0,832,2,0
15895.310666535526,13892.096713559538,2003.213952975988,0.16693449608133232,0,260,1,0,0,0,0,2439,5,0
22747.69253496075,23996.298037311175,-1248.6055023504232,-0.10405045852920193,0,569,0,0,0,0,0,676,3,0
24805.558621223274,21817.264345721866,2988.2942755014083,0.24902452295845068,0,236,1,0,0,0,0,373,1,0
26723.043517332993,26390.732622252122,332.310895080871,0.027692574590072582,0,145,2,0,0,0,0,1910,1,0
102333.20548925808,21307.404886935357,81025.80060232272,6.75215005019356,2,74,4,1,2,1,0,137,33,1
21874.36918456155,20415.987816216606,1458.3813683449443,0.12153178069541203,0,218,0,0,1,0,0,1416,13,0
18241.262609055684,18825.884653970505,-584.6220449148204,-0.0487185037429017,0,440,4,0,0,0,0,2339,3,0
14109.83811412307,14479.657448532294,-369.8193344092251,-0.030818277867435427,0,731,2,0,0,0,0,632,1,0
31303.005952554715,29217.493366909275,2085.5125856454397,0.1737927154704533,0,668,0,0,0,0,0,1850,2,0
19210.171849911232,16642.960948686192,2567.2109012250403,0.21393424176875336,0,294,1,0,0,0,0,2119,1,0
13850.873545895327,14139.384539945042,-288.510994049715,-0.02404258283747625,0,406,1,0,1,0,0,1841,4,0
20607.998949916044,18839.355794615,1768.6431553010443,0.14738692960842037,0,221,1,0,1,0,0,1619,2,0
26142.441774672916,23911.52384270217,2230.9179319707473,0.18590982766422895,0,481,2,0,0,0,0,2016,5,0
96042.30058806826,39252.171362275316,56790.129225792945,4.732510768816079,2,37,5,0,2,0,0,298,14,1
110559.78757102882,22887.570923910702,87672.21664711813,7.30601805392651,2,50,5,0,1,0,0,99,19,1
6726.012231464003,7225.914658030087,-499.9024265660837,-0.04165853554717364,0,244,1,0,0,0,0,2358,2,0
82197.4724194963,38917.84781619827,43279.624603298034,3.6066353836081695,1,36,4,0,3,1,1,110,27,1
12555.019191898773,13068.575190750966,-513.5559988521927,-0.04279633323768273,0,420,0,0,0,0,0,286,1,0
26641.344669237347,24011.93070327278,2629.413965964566,0.21911783049704717,0,464,0,0,0,0,0,1828,12,0
21525.683216238354,19236.864371578074,2288.81884466028,0.19073490372169,0,325,1,0,1,0,0,678,1,0
35579.30550426629,32191.413411971484,3387.8920922948055,0.2823243410245671,0,709,1,0,0,0,0,1127,4,0
25750.48594636754,22223.158843307676,3527.3271030598626,0.2939439252549885,1,531,1,0,0,0,0,809,7,0
20794.087734076962,20343.07127496022,451.0164591167413,0.03758470492639511,0,298,1,0,0,0,0,620,2,0
146809.25129556668,21335.189955906062,125474.0613396606,10.45617177830505,1,41,5,1,3,1,0,225,24,1
30116.970370621995,26870.620788537555,3246.34958208444,0.27052913184037003,0,334,0,0,0,0,0,786,3,0
14140.046817446953,15903.415362848318,-1763.3685454013648,-0.14694737878344707,0,203,0,0,0,0,0,260,2,0
139262.5839001643,16475.36956653066,122787.21433363363,10.232267861136135,3,64,7,2,2,0,1,236,16,1
114199.2068122262,24935.19390247137,89264.01290975483,7.438667742479569,3,42,7,1,3,0,0,105,42,1
22974.079250607498,22360.964705022416,613.1145455850819,0.051092878798756826,0,558,0,0,1,0,0,1225,2,0
22485.031959860444,25063.712751784205,-2578.6807919237617,-0.21489006599364682,0,632,0,0,0,0,0,257,1,0
235086.9612400644,18441.037099337067,216645.92414072735,18.05382701172728,4,10,3,1,2,0,0,94,17,1
29051.567878718328,28851.69381423052,199.87406448780894,0.016656172040650744,0,612,2,0,0,0,0,2029,3,0
21982.733327194866,24609.18029666186,-2626.4469694669933,-0.2188705807889161,1,615,0,1,0,0,0,1580,4,0
136090.5341745134,21751.02295872534,114339.51121578805,9.528292601315671,2,37,5,2,4,0,0,58,58,1
12851.045572619176,11595.796088492123,1255.2494841270527,0.1046041236772544,1,470,1,0,0,0,0,1662,1,0
26198.748309219718,26399.08408727462,-200.3357780549013,-0.016694648171241777,0,154,0,0,0,0,0,694,5,0
41729.40110386814,41374.52761680653,354.8734870616099,0.029572790588467495,0,611,0,0,0,0,0,652,3,0
21695.21572819199,21417.298699963587,277.91702822840307,0.023159752352366923,0,419,0,0,0,0,0,1888,3,0
25946.875934903408,29636.059191650715,-3689.1832567473066,-0.30743193806227553,0,570,1,0,0,0,0,1107,1,0
14400.604250618071,12671.507875027153,1729.096375590918,0.1440913646325765,0,371,0,1,0,0,0,2086,3,0
24204.843133877363,27348.780305150332,-3143.93717127297,-0.2619947642727475,0,776,1,0,0,0,0,341,1,0
29846.450010017506,32612.56503949904,-2766.1150294815343,-0.23050958579012787,0,377,1,0,0,0,0,1493,6,0
108969.56529310033,15474.051537577678,93495.51375552265,7.791292812960221,2,18,4,1,4,0,1,20,53,1
33493.86744382765,38103.82915496922,-4609.961711141572,-0.38416347592846434,0,209,1,0,0,0,0,1788,1,0
19358.75703938679,18144.9825063919,1213.7745329948884,0.10114787774957404,0,496,1,0,0,0,0,2459,1,0
16554.358580768672,16135.001245581121,419.35733518755114,0.034946444598962595,0,731,0,0,0,0,0,1373,6,0
100159.03044870916,20050.057116972377,80108.97333173678,6.675747777644731,2,56,3,2,1,0,1,114,34,1
25101.377795972774,26065.89931642514,-964.5215204523665,-0.08037679337103054,0,122,1,0,0,0,0,1905,1,0
8977.74085523319,8183.840829748868,793.9000254843231,0.06615833545702693,0,588,0,0,0,0,0,391,5,0
18232.27351212355,19617.195377670065,-1384.9218655465156,-0.11541015546220963,0,602,0,0,0,0,0,1570,1,0
24194.978687862145,25254.241035188912,-1059.2623473267668,-0.08827186227723056,0,746,1,0,0,0,0,355,2,0
31118.230117702922,35405.01669175289,-4286.786574049969,-0.3572322145041641,0,272,2,0,0,0,0,1632,4,0
27500.523107926892,26664.298216840754,836.2248910861381,0.0696854075905115,1,427,0,0,0,0,0,1923,1,0
23202.43702123013,25330.226639909364,-2127.789618679235,-0.17731580155660293,0,388,1,0,0,0,0,1711,1,0
19402.56630619771,16996.186447774053,2406.3798584236574,0.2005316548686381,0,635,1,0,0,0,0,1886,13,0
17106.546077838735,15008.858786579647,2097.687291259088,0.17480727427159065,0,702,0,0,0,0,0,2495,2,0
15835.778686129685,15975.844006246467,-140.06532011678246,-0.011672110009731871,0,251,1,0,1,0,0,792,2,0
112207.26506907922,32510.949745173188,79696.31532390603,6.641359610325503,2,61,6,2,2,1,1,226,18,1
41391.93828958824,44683.38504776121,-3291.4467581729696,-0.27428722984774745,0,578,0,0,1,0,0,2018,5,0
20406.141331947718,19525.618161748793,880.5231701989251,0.07337693084991043,0,311,0,0,0,0,0,2346,3,0
16881.233167671933,16833.677155333942,47.55601233799098,0.003963001028165915,0,738,0,0,1,0,0,1874,3,0
32219.093163508234,36652.67223699224,-4433.579073484008,-0.36946492279033405,0,478,0,1,0,0,0,1503,3,0
18958.68712794974,18051.233524548505,907.4536034012344,0.07562113361676953,1,731,2,1,0,0,0,1260,2,0
38708.36834074237,37759.11009442984,949.2582463125291,0.07910485385937742,0,497,0,0,0,0,0,1422,2,0
37670.87156891506,39833.77982823291,-2162.9082593178464,-0.18024235494315385,0,725,0,1,0,0,0,618,2,0
15686.329541112193,13463.402946370741,2222.9265947414515,0.18524388289512095,0,782,2,0,0,0,0,1274,21,0
23625.623046725403,23542.967462527864,82.6555841975387,0.006887965349794892,0,249,0,0,0,0,0,1917,1,0
26617.309591402798,24165.331839186812,2451.9777522159857,0.20433147935133214,0,242,1,0,0,0,0,2080,1,0
16745.388775667463,15172.164890339485,1573.2238853279778,0.13110199044399815,0,354,1,0,0,0,0,933,11,0
28595.78086982975,24952.154292151306,3643.626577678442,0.3036355481398702,0,758,1,0,0,0,0,979,1,0
121526.03353446162,16018.283685741968,105507.74984871966,8.792312487393305,2,6,3,0,2,1,1,55,58,1
32802.51270521675,32168.832099862546,633.6806053542059,0.052806717112850496,0,754,0,0,0,0,0,1304,3,0
18055.138148752358,20162.400902926067,-2107.2627541737093,-0.17560522951447577,0,678,1,0,0,0,0,659,1,0
139010.057070603,11785.705333811515,127224.35173679149,10.60202931139929,1,42,2,1,3,0,0,53,26,1
18279.39643942899,15829.994769229297,2449.4016701996934,0.20411680584997444,1,241,0,0,0,0,0,447,3,0
26957.207344281967,28474.3705295319,-1517.163185249934,-0.1264302654374945,0,774,1,0,0,0,0,332,1,0
21166.94489184404,22168.850947184073,-1001.9060553400341,-0.08349217127833618,0,651,1,0,0,0,0,840,3,0
18628.12605298889,15960.691151816225,2667.4349011726645,0.22228624176438871,0,428,0,0,0,0,0,748,6,0
35225.15563852976,30519.845951107487,4705.309687422272,0.39210914061852264,0,689,1,0,0,0,0,556,9,0
33678.85697347849,32064.547601856662,1614.3093716218282,0.1345257809684857,0,294,1,0,0,0,0,1398,2,0
27351.330233028497,27824.463780639235,-473.1335476107379,-0.03942779563422816,0,411,0,0,0,0,0,1607,1,0
25682.547510691023,24360.04070485068,1322.506805840345,0.1102089004866954,0,423,0,0,0,0,0,816,2,0
17718.97443656328,16700.599887674503,1018.3745488887762,0.08486454574073135,0,338,1,0,0,0,0,2059,3,0
28970.823796280543,32190.106669767716,-3219.2828734871728,-0.2682735727905977,1,774,0,0,0,0,0,1559,3,0
25121.719400277576,22471.42207246825,2650.297327809327,0.22085811065077723,0,523,0,0,0,0,0,2238,1,0
125467.7922663792,20116.332418372906,105351.45984800629,8.77928832066719,1,71,4,1,2,0,1,201,48,1
23144.434159035547,20065.865490619868,3078.568668415679,0.2565473890346399,0,204,1,0,0,0,0,1360,2,0
31618.0226152143,30107.59953673389,1510.4230784804095,0.12586858987336746,0,443,0,0,0,0,0,2218,9,0
39539.526014686126,39458.81223797765,80.71377670847869,0.0067261480590398905,0,378,0,1,0,0,0,1154,10,0
12641.615928661482,12640.36533302327,1.250595638211962,0.00010421630318433017,0,739,0,0,0,0,0,2243,3,0
99933.70606786075,13568.460267723722,86365.24580013703,7.197103816678085,3,20,6,2,3,1,0,89,52,1
26689.366683026168,26684.5991191282,4.767563897967193,0.00039729699149726607,0,513,0,0,0,0,0,2153,4,0
19787.583269618022,21632.69945193198,-1845.1161823139591,-0.1537596818594966,0,344,1,0,0,0,0,211,1,0
148721.01287527086,27295.19537255562,121425.81750271523,10.11881812522627,1,15,6,2,2,1,1,112,21,1
22093.813445222386,20090.573749464726,2003.2396957576602,0.16693664131313835,0,129,0,0,0,0,0,1365,1,0
31318.042028146643,30634.084432813837,683.9575953328058,0.05699646627773382,0,750,0,0,0,0,0,2339,3,0
24932.381339100866,28162.036323062857,-3229.654983961991,-0.2691379153301659,1,344,2,0,0,0,0,2071,1,0
33882.222298702734,32735.8294073728,1146.392891329935,0.09553274094416125,0,333,1,0,0,0,0,908,6,0
30629.920430102204,34404.30903230911,-3774.3886022069055,-0.3145323835172421,0,595,2,0,0,0,0,2399,4,0
17529.493378132545,18149.29675633853,-619.8033782059829,-0.05165028151716524,0,351,1,1,0,0,0,1588,2,0
23763.710633051163,25358.82394045769,-1595.1133074065256,-0.1329261089505438,0,356,0,0,0,0,0,1071,6,0
114538.06695923881,15031.347120226697,99506.71983901212,8.29222665325101,3,9,5,3,3,1,1,237,25,1
28158.244235901293,27679.154119227565,479.0901166737276,0.0399241763894773,0,776,0,0,0,0,0,783,2,0
31377.652725138898,29707.35032947744,1670.3023956614597,0.13919186630512165,0,366,0,0,0,0,0,1344,4,0
43606.90289267187,42960.955040727626,645.9478519442418,0.053828987662020156,0,474,0,0,0,0,0,1222,1,0
19044.54069928463,17126.357403134243,1918.183296150386,0.15984860801253217,0,364,0,0,0,0,0,2413,3,0
34496.365357474424,31269.31295622973,3227.052401244695,0.2689210334370579,0,156,1,0,0,0,0,2344,1,0
13122.671249189285,15051.394849563363,-1928.7236003740782,-0.16072696669783984,0,229,4,0,0,0,0,1456,6,0
24857.30550414316,23352.018953844366,1505.2865502987952,0.12544054585823294,1,257,2,0,0,0,0,904,1,0
128156.54478209796,34885.125603305205,93271.41917879276,7.772618264899396,2,44,6,1,2,0,0,250,45,1
20589.259788558058,19640.502495827495,948.7572927305628,0.07906310772754689,0,433,2,0,0,0,0,1706,5,0
39286.809058558756,38022.7581402947,1264.0509182640526,0.10533757652200439,0,437,0,0,0,0,0,1484,3,0
26331.21885676181,23811.719027953855,2519.499828807955,0.2099583190673296,0,496,1,0,0,0,0,2404,2,0
21661.84878578579,23428.219467403465,-1766.3706816176746,-0.14719755680147287,0,155,0,0,0,0,0,522,2,0
36238.92615166963,36863.770932448395,-624.844780778767,-0.052070398398230584,0,136,0,0,0,0,0,2290,4,0
13553.904969183344,15243.289386433577,-1689.3844172502322,-0.1407820347708527,0,535,0,0,0,0,0,1793,1,0
38207.67832115705,38020.61863750862,187.05968364843284,0.015588306970702737,0,450,0,0,0,0,0,1015,1,0
22202.001903577446,24991.808115387736,-2789.80621181029,-0.23248385098419083,0,317,1,0,0,0,0,413,4,0
15540.752653431522,16930.89226101925,-1390.1396075877274,-0.11584496729897728,0,407,1,0,0,0,0,493,8,0
41745.015109390864,41308.867741609,436.1473677818649,0.036345613981822074,0,436,0,0,0,0,0,1638,1,0
30433.341787601803,26223.805365760294,4209.536421841509,0.35079470182012573,0,259,0,0,0,0,0,1644,6,0
128458.89156393708,37109.62656895094,91349.26499498615,7.6124387495821795,1,71,9,1,3,0,0,266,55,1
10511.130055457792,11336.715508903102,-825.5854534453101,-0.06879878778710918,0,426,0,0,0,0,0,362,7,0
20770.664692454648,19160.96658873385,1609.6981037207988,0.1341415086433999,0,703,0,0,0,0,0,475,2,0
24124.95569250858,22913.794867206667,1211.1608253019149,0.10093006877515957,0,351,0,0,0,0,0,1138,2,0
19372.322655343825,20693.27761720902,-1320.9549618651945,-0.11007958015543287,0,634,0,0,0,0,0,914,2,0
18751.06528420883,19695.332679960247,-944.2673957514162,-0.07868894964595134,0,259,1,0,0,0,0,1933,7,0
25846.4663353197,23131.767742438456,2714.698592881243,0.22622488274010358,0,655,1,0,0,0,0,193,3,0
13987.902296560964,13059.276288039715,928.6260085212489,0.07738550071010407,1,641,1,0,0,0,0,1829,2,0
25231.5135605169,28418.477143623713,-3186.9635831068117,-0.2655802985922343,0,250,1,1,0,0,0,1256,1,0
22780.881767103365,19583.264411648583,3197.6173554547822,0.2664681129545652,0,748,0,0,0,0,0,1327,5,0
17434.22440495428,17140.256398431615,293.9680065226639,0.024497333876888662,0,247,1,0,0,0,0,1543,7,0
21135.60449746349,18600.405601482842,2535.1988959806476,0.21126657466505397,1,236,1,0,0,0,0,1523,3,0
27295.996953558748,25280.602567450114,2015.3943861086336,0.16794953217571948,0,164,2,0,0,0,0,2174,1,0
16501.300745735898,18056.767305276968,-1555.4665595410697,-0.12962221329508913,0,582,0,0,0,0,0,261,2,0
28239.66497992845,28312.3362718674,-72.67129193895016,-0.006055940994912514,0,794,2,0,0,0,0,1905,1,0
26147.78441744252,29729.512380700944,-3581.727963258425,-0.2984773302715354,0,645,0,0,0,0,0,1258,4,0
24666.392909582613,26816.750796099528,-2150.3578865169147,-0.17919649054307624,0,631,0,0,0,0,0,950,7,0
29406.307053322285,26181.526503207155,3224.7805501151306,0.2687317125095942,0,163,2,0,0,0,0,1267,11,0
11360.773888457617,10937.15041624081,423.6234722168083,0.035301956018067356,0,204,0,0,0,0,0,797,9,0
21808.897837992587,24313.468822760096,-2504.57098476751,-0.20871424873062583,0,651,0,0,0,0,0,760,4,0
21596.062738694032,20274.915539721762,1321.1471989722704,0.11009559991435587,0,392,0,0,0,0,0,2224,1,0
97958.74909094104,10240.814752788621,87717.93433815242,7.309827861512702,3,48,1,0,3,0,0,230,16,1
23155.242594962434,23298.49805014777,-143.25545518533545,-0.011937954598777955,1,292,0,0,0,0,0,1845,1,0
140977.8742124642,31813.36125786574,109164.51295459847,9.09704274621654,2,73,2,3,2,1,1,216,19,1
10359.314973963836,10452.235467851633,-92.92049388779742,-0.007743374490649785,0,355,1,0,0,0,0,1404,2,0
16795.735523839707,14593.984162210034,2201.751361629673,0.18347928013580606,0,462,0,0,0,0,0,441,11,0
184662.93726930788,16235.327074239469,168427.6101950684,14.035634182922367,3,6,5,0,1,0,1,251,14,1
21893.97802502256,20153.06892277465,1740.9091022479079,0.145075758520659,0,350,2,0,0,0,0,846,1,0
36476.813891756115,36870.06305177148,-393.2491600153662,-0.03277076333461385,0,123,1,0,0,0,0,2467,1,0
143664.30099220248,9858.787865744514,133805.51312645795,11.15045942720483,3,17,6,1,4,0,1,106,45,1
22663.0826576991,25645.09322086375,-2982.010563164651,-0.2485008802637209,0,328,1,0,0,0,0,1650,3,0
21323.726732324434,20777.989580280784,545.73715204365,0.045478096003637496,0,584,1,1,0,0,0,1153,1,0
90381.8203777814,24377.227218876156,66004.59315890525,5.500382763242104,1,59,1,2,3,1,0,24,39,1
20706.427989323354,20969.876671971953,-263.44868264859906,-0.021954056887383257,1,734,1,0,0,0,0,2027,1,0
19574.757618839354,22014.84939420006,-2440.0917753607064,-0.20334098128005887,0,331,1,0,0,0,0,2349,6,0
20802.54047474552,22777.103427371727,-1974.5629526262055,-0.16454691271885047,0,392,0,0,0,0,0,1523,1,0
124055.24096014071,14013.23195080081,110042.0090093399,9.170167417444992,1,72,3,2,2,1,0,50,31,1
22496.30647411982,21212.387574616536,1283.9188995032855,0.1069932416252738,0,273,0,0,0,0,0,897,3,0
30207.709095953876,32995.81661943828,-2788.107523484403,-0.23234229362370024,0,290,0,0,0,0,0,1043,2,0
141696.59521221655,20014.924861266634,121681.67035094992,10.140139195912493,4,46,4,2,3,1,0,155,37,1
32549.952074884364,30366.604223329297,2183.347851555067,0.18194565429625556,0,592,0,0,0,0,0,2039,2,0
127634.9163353499,16063.67452428708,111571.24181106282,9.297603484255236,3,29,3,3,2,1,0,259,36,1
125521.35136516676,18744.92052891814,106776.43083624862,8.898035903020718,1,50,5,2,2,0,1,65,53,1
134465.9966034157,16513.271747363608,117952.72485605208,9.82939373800434,1,48,3,2,1,0,0,136,17,1
146488.36949206522,10240.514418580644,136247.85507348456,11.353987922790381,2,32,5,0,2,1,0,82,56,1
12008.894545115176,12472.720897162078,-463.8263520469027,-0.038652196003908554,0,305,0,0,0,0,0,754,10,0
32158.450512339048,28138.347534453405,4020.1029778856428,0.33500858149047025,0,140,3,0,0,0,0,955,1,0
18397.587458018323,19777.87055023601,-1380.2830922176872,-0.11502359101814061,0,495,2,1,0,0,0,1389,1,0
11830.104384707709,12564.438056797775,-734.3336720900661,-0.061194472674172176,0,159,2,0,0,0,0,1999,3,0
35933.26158722063,39355.69923408545,-3422.437646864819,-0.2852031372387349,1,595,1,0,0,0,0,2039,1,0
17697.63168743914,19574.73220266407,-1877.1005152249272,-0.1564250429354106,1,503,1,0,0,0,0,1352,8,0
62667.98041393575,69586.41139596212,-6918.430982026366,-0.5765359151688638,0,287,0,0,0,0,0,1559,5,0
43824.43414852822,48024.19210255259,-4199.757954024368,-0.34997982950203066,0,677,0,0,0,0,0,1304,3,0
12353.01840642621,10941.439206618716,1411.5791998074947,0.11763159998395789,0,282,0,0,0,0,0,2091,2,0
12346.413716570794,10569.792553795018,1776.6211627757766,0.14805176356464805,0,282,1,0,0,0,0,1722,1,0
36430.08379130122,37209.88684650459,-779.803055203367,-0.06498358793361392,0,684,0,0,0,0,0,653,2,0
16138.220262342787,14196.145246951719,1942.0750153910685,0.16183958461592238,0,460,4,0,0,0,0,994,1,0
18390.515878942693,17489.595782218323,900.9200967243705,0.07507667472703088,0,213,0,0,0,0,0,2114,2,0
29088.01797626319,32421.39654833758,-3333.378572074391,-0.2777815476728659,0,650,2,0,0,0,0,2232,1,0
17334.064985148056,15466.207827835775,1867.8571573122808,0.15565476310935675,0,751,0,0,0,0,0,391,15,0
20351.19268529159,21438.389088356773,-1087.1964030651834,-0.09059970025543194,0,344,1,0,0,0,0,1258,2,0
41706.423135905425,46670.54722359553,-4964.1240876901065,-0.4136770073075089,0,483,1,0,0,0,0,1332,1,0
26457.458903301456,22933.16889364319,3524.290009658267,0.2936908341381889,0,129,1,0,0,0,0,1861,5,0
13287.554534062021,13100.258814076093,187.29571998592837,0.01560797666549403,0,659,0,0,0,0,0,2412,2,0
25913.011961868073,23179.593791802607,2733.4181700654663,0.22778484750545552,0,248,0,0,0,0,0,701,3,0
24454.65709627488,25452.703167076597,-998.0460708017163,-0.08317050590014302,0,362,0,0,0,0,0,1798,12,0
20700.23392564475,21550.386150046477,-850.1522244017287,-0.07084601870014406,0,664,0,0,0,0,0,1795,1,0
28396.07646157627,29639.912277346106,-1243.8358157698349,-0.10365298464748623,0,481,0,1,0,0,0,793,2,0
33967.26993794626,31486.293248338334,2480.9766896079236,0.20674805746732697,0,124,3,0,0,0,0,393,6,0
22689.261134792956,21872.1490875441,817.1120472488547,0.06809267060407122,0,656,0,0,0,0,0,734,2,0
25857.313654295547,23012.182349083178,2845.1313052123696,0.23709427543436415,0,544,1,0,0,0,0,1659,1,0
29671.918207056944,25789.28274041462,3882.635466642325,0.3235529555535271,0,391,3,1,0,0,0,2333,1,0
33345.820933718576,29536.84363169356,3808.9773020250177,0.3174147751687515,1,430,0,0,0,0,0,877,1,0
19978.832477244538,18158.05549290129,1820.776984343247,0.15173141536193724,0,337,1,0,0,0,0,834,1,0
18474.803420373908,17509.133498628646,965.6699217452624,0.08047249347877186,0,283,1,0,0,0,0,1976,1,0
24334.925053195893,21262.48016648959,3072.444886706304,0.256037073892192,0,159,0,0,0,0,0,913,4,0
30534.27964473352,32569.287819781024,-2035.0081750475038,-0.16958401458729197,0,405,0,1,0,0,0,951,3,0
11497.191030840082,11846.853531523537,-349.6625006834547,-0.029138541723621226,0,794,0,0,0,0,0,560,4,0
23382.654245324346,23615.55014202124,-232.89589669689303,-0.019407991391407753,0,655,1,0,0,0,0,286,8,0
34882.91173594417,32441.03457368034,2441.877162263834,0.2034897635219862,0,471,0,0,0,0,0,932,3,0
19303.221280690435,18399.602439340568,903.6188413498676,0.07530157011248896,0,782,0,0,1,0,0,505,1,0
15617.7665338259,17080.71179881218,-1462.9452649862797,-0.1219121054155233,0,450,0,0,0,0,0,300,1,0
246991.60433205235,14852.825029184158,232138.77930286818,19.344898275239014,1,59,4,2,2,0,1,171,48,1
18449.783421065033,17852.71810726719,597.0653137978443,0.04975544281648702,0,796,0,0,0,0,0,694,5,0
26150.74036525356,23778.901714852156,2371.838650401405,0.19765322086678377,0,556,1,0,0,0,0,753,1,0
36965.4967184313,36012.54786860592,952.9488498253777,0.07941240415211481,0,741,1,0,0,0,0,2431,14,0
26254.622276087175,26612.904519669453,-358.28224358227817,-0.029856853631856514,0,367,2,0,0,0,0,1158,3,0
32395.71083347991,27606.8384767037,4788.87235677621,0.3990726963980175,0,728,0,0,0,0,0,946,1,0
68596.97137734514,72973.34617997342,-4376.374802628285,-0.3646979002190237,0,523,1,0,0,0,0,1519,3,0
18154.360651783303,19917.862258421814,-1763.5016066385106,-0.14695846721987588,0,463,1,0,0,0,0,956,4,0
20282.85149769085,23107.11157293644,-2824.260075245591,-0.2353550062704659,0,552,1,0,0,0,0,1209,4,0
35709.9976273339,40569.13061077827,-4859.132983444375,-0.40492774862036457,0,359,2,0,0,0,0,1629,9,0
187011.40566398506,18821.19721225578,168190.20845172927,14.015850704310772,2,14,3,1,3,1,0,213,15,1
15699.433860448424,16398.832323786766,-699.3984633383425,-0.05828320527819521,0,246,1,0,0,0,0,267,3,0
178807.52318083012,50863.629075292054,127943.89410553806,10.661991175461505,2,48,6,0,3,0,0,196,31,1
28083.23801028364,25290.942529687163,2792.2954805964764,0.23269129004970637,0,443,0,0,0,0,0,2449,1,0
114090.62478700855,9934.42090718407,104156.20387982448,8.67968365665204,1,19,5,0,1,0,1,162,15,1
19748.104162774474,20583.279080592936,-835.1749178184618,-0.06959790981820516,0,612,0,0,0,0,0,862,11,0
11531.666079545723,10209.018042383173,1322.6480371625494,0.11022066976354578,1,588,0,0,0,0,0,407,6,0
17214.87747393092,18816.219018808722,-1601.3415448778032,-0.13344512873981693,0,522,0,0,0,0,0,1869,3,0
23993.112426564654,25043.40991344704,-1050.2974868823876,-0.0875247905735323,0,568,1,0,0,0,0,1052,4,0
16618.48785361312,19085.105300289568,-2466.6174466764496,-0.20555145388970414,0,698,0,1,0,0,0,2468,2,0
130665.83713996269,15621.729452515166,115044.10768744753,9.58700897395396,1,37,5,2,4,0,1,97,47,1
25537.937015271607,22107.05557437469,3430.8814408969156,0.2859067867414096,0,269,1,0,0,0,0,972,1,0
211288.00943093345,30409.823911181382,180878.18551975206,15.073182126646005,1,54,4,3,4,0,1,31,14,1
138756.0787292819,18895.785148330942,119860.29358095097,9.988357798412581,2,64,4,0,2,1,0,254,25,1
43933.56095125028,48051.04702330381,-4117.486072053529,-0.34312383933779406,0,252,0,0,0,0,0,1072,1,0
40090.64944122159,40375.67455011931,-285.02510889771656,-0.023752092408143046,1,128,0,0,0,0,0,836,3,0
22222.5393626756,19414.37976046154,2808.159602214062,0.23401330018450517,0,484,0,1,0,0,0,917,4,0
22906.74151733132,24823.298037066146,-1916.556519734826,-0.1597130433112355,0,216,0,0,0,0,0,193,1,0
27806.73294010664,27196.948699218712,609.7842408879296,0.05081535340732747,0,723,2,1,0,0,0,249,1,0
147842.6911031939,34789.331354530404,113053.3597486635,9.421113312388625,2,66,6,2,3,1,0,79,52,1
18879.44159392274,20841.1030621071,-1961.6614681843603,-0.16347178901536336,0,178,3,0,0,0,0,1081,1,0
24333.752097709552,21681.580499731364,2652.1715979781875,0.22101429983151563,0,133,0,0,0,0,0,822,2,0
139712.91796315822,15779.315605768963,123933.60235738926,10.327800196449106,1,10,5,3,2,0,1,121,21,1
31366.356820990226,30742.73464080417,623.6221801860556,0.05196851501550464,0,267,0,1,0,0,0,860,2,0
99039.65841035264,21733.37807708679,77306.28033326585,6.442190027772154,2,63,4,2,2,1,0,112,53,1
22988.029103261768,23458.42170019418,-470.39259693241183,-0.03919938307770099,0,381,0,0,0,0,0,1833,3,0
237328.6681176019,21569.622457363108,215759.04566023877,17.979920471686565,2,52,5,2,1,0,1,93,28,1
29781.915560547324,29231.803898819613,550.1116617277112,0.04584263847730927,0,235,1,0,0,0,0,1112,1,0
30256.71317703317,30920.49635694019,-663.7831799070227,-0.055315264992251895,0,745,0,0,0,0,0,2088,2,0
113708.17890760055,20848.73392374967,92859.44498385087,7.738287081987573,4,40,4,1,1,0,1,110,29,1
29169.904375516704,32826.08241924516,-3656.178043728458,-0.3046815036440382,0,439,1,0,0,0,0,1221,7,0
31955.775839160953,33149.496775237036,-1193.7209360760826,-0.09947674467300688,0,719,0,0,0,0,0,1106,3,0
12130.20644623411,10360.182716916837,1770.0237293172722,0.14750197744310603,0,545,1,0,0,0,0,1530,4,0
24546.379309628508,24901.3477369619,-354.96842733339145,-0.02958070227778262,0,231,1,0,0,0,0,1842,3,0
17181.78438635957,18121.091581675093,-939.3071953155231,-0.07827559960962693,0,378,1,0,0,0,0,1997,4,0
47309.13051545847,46115.75580015495,1193.374715303522,0.09944789294196016,0,644,0,0,0,0,0,2281,1,0
160816.11702557464,25645.7892515004,135170.32777407425,11.264193981172854,2,67,2,2,2,1,1,48,45,1
33590.46505838579,36956.13656561978,-3365.671507233994,-0.2804726256028328,0,591,0,0,0,0,0,983,1,0
99969.99576272999,31166.727795262454,68803.26796746753,5.733605663955627,3,38,5,1,4,1,0,159,40,1
21868.739272483475,21359.319277212202,509.41999527127336,0.04245166627260611,1,302,0,1,0,0,0,525,3,0
36700.24656952701,33842.533026134384,2857.7135433926233,0.23814279528271862,0,792,1,0,0,0,0,2197,5,0
38960.95724697656,43496.95220144925,-4535.994954472684,-0.37799957953939034,0,291,1,0,0,0,0,711,9,0
12211.471248890497,12111.841997514806,99.62925137569073,0.008302437614640895,0,352,0,0,0,0,0,296,6,0
75317.15106813578,13187.53494434894,62129.61612378684,5.17746801031557,1,73,4,1,3,0,0,203,47,1
14295.891901873929,14890.844358886145,-594.9524570122157,-0.04957937141768465,0,682,2,0,0,0,0,2189,2,0
13432.331388496028,13840.573643051655,-408.24225455562737,-0.034020187879635615,0,502,1,0,0,0,0,2309,4,0
11929.012460231079,11086.202225737734,842.810234493345,0.07023418620777874,0,745,2,0,0,0,0,321,3,0
12986.503715320698,11136.024730353221,1850.4789849674762,0.15420658208062302,1,701,1,0,1,0,0,809,3,0
14383.579659898069,13832.830804883097,550.7488550149719,0.04589573791791433,0,302,1,0,0,0,0,2233,1,0
20028.01507849448,20419.60236600476,-391.58728751027957,-0.03263227395918997,1,331,2,0,0,0,0,269,1,0
33980.408808195316,35356.865795187645,-1376.456986992329,-0.1147047489160274,1,181,0,0,1,0,0,2254,1,0
20371.316994579112,18296.592567552085,2074.7244270270276,0.17289370225225228,0,238,1,0,0,0,0,765,1,0
39541.65792674185,44215.22556745276,-4673.567640710913,-0.38946397005924277,0,714,0,1,0,0,0,818,2,0
35438.86865063291,39360.3646540635,-3921.4960034305914,-0.326791333619216,0,175,0,0,0,0,0,1771,2,0
37867.396626765694,40982.04490730276,-3114.648280537069,-0.2595540233780891,0,769,0,0,0,0,0,431,4,0
10742.356596227542,9431.50415871209,1310.852437515452,0.10923770312628767,0,773,1,0,0,0,0,2228,1,0
38958.94569888974,33223.12509362516,5735.820605264576,0.4779850504387147,0,256,0,0,0,0,0,2162,1,0
28868.396597497765,31235.7764248579,-2367.379827360135,-0.19728165228001127,0,338,1,0,0,0,0,2473,4,0
123256.71308516577,8819.010033478095,114437.70305168768,9.536475254307307,3,17,5,2,2,1,0,293,47,1
35610.93777431439,36222.22492886724,-611.2871545528469,-0.05094059621273724,1,503,2,0,1,0,0,487,5,0
16374.121201535112,16172.309458381262,201.81174315385033,0.01681764526282086,0,785,3,0,0,0,0,965,1,0
12244.991937633056,11519.925379280843,725.0665583522132,0.06042221319601777,1,154,0,0,0,0,0,850,3,0
15331.106974787748,17061.820189676208,-1730.7132148884593,-0.14422610124070495,0,494,0,0,0,0,0,784,2,0
23240.716920175775,20506.951250563725,2733.7656696120503,0.2278138058010042,0,220,3,0,0,0,0,1488,4,0
57998.83544007773,49600.82319120939,8398.012248868341,0.6998343540723617,0,673,1,0,0,0,0,545,6,0
220158.75662447483,29718.804201875784,190439.95242259905,15.869996035216587,1,34,4,2,2,1,1,16,16,1
113720.13569028598,15041.43238408377,98678.70330620221,8.223225275516851,4,71,7,0,1,1,0,116,31,1
30388.504350571195,27005.69225799583,3382.8120925753647,0.28190100771461374,0,358,0,0,0,0,0,1444,4,0
34574.70548848376,31705.40016843733,2869.3053200464346,0.23910877667053623,0,753,1,1,0,0,0,345,5,0
37316.06718967829,41429.09016213393,-4113.022972455641,-0.3427519143713034,0,157,2,0,0,0,0,1824,4,0
52727.00874549114,49891.84185267683,2835.1668928143117,0.23626390773452596,0,526,0,0,0,0,0,2195,1,0
20664.189288677695,19803.078071794007,861.111216883688,0.07175926807364066,1,666,1,0,0,0,0,1003,9,0
23788.24390152109,25097.449482992026,-1309.2055814709347,-0.10910046512257789,0,241,1,1,0,0,0,383,5,0
17663.32467836848,18272.98050577521,-609.6558274067283,-0.05080465228389403,0,743,1,0,0,0,0,425,3,0
213397.82813327905,24718.291354909878,188679.53677836916,15.723294731530764,2,35,3,2,1,0,0,165,38,1
34374.82397262716,37054.809384297514,-2679.9854116703573,-0.22333211763919644,1,274,0,0,0,0,0,344,4,0
49816.48323883805,43171.82216511488,6644.661073723175,0.5537217561435979,0,575,1,0,0,0,0,1199,7,0
122450.49234898604,18580.000806359232,103870.49154262681,8.6558742952189,2,33,5,0,2,0,1,211,52,1
22463.072339870254,21097.387722129766,1365.6846177404877,0.11380705147837397,0,442,0,1,0,0,0,1295,5,0
28937.33883675156,26047.367569036345,2889.9712677152165,0.24083093897626803,0,137,0,1,0,0,0,1149,2,0
38944.82425004296,34874.169988776564,4070.654261266398,0.3392211884388665,0,457,1,1,0,0,0,970,2,0
90494.41720451633,16775.53515578706,73718.88204872927,6.143240170727439,1,18,4,0,2,0,0,276,56,1
96819.67918058162,10649.034586289532,86170.64459429208,7.18088704952434,1,53,5,1,1,0,1,83,24,1
24175.631376607096,26615.21338687363,-2439.582010266535,-0.20329850085554457,0,141,1,0,0,0,0,330,1,0
23259.367369171076,22159.01753107944,1100.3498380916353,0.09169581984096961,0,738,0,0,0,0,0,1538,3,0
24188.971174145914,26870.02195013403,-2681.0507759881148,-0.22342089799900958,0,438,1,0,0,0,0,2419,3,0
136599.13906937855,19783.104285833397,116816.03478354515,9.73466956529543,2,57,6,2,2,0,1,228,16,1
143290.34429003464,26141.020987265725,117149.32330276891,9.762443608564077,3,12,4,0,1,1,1,160,39,1
18917.91388519075,18585.110390692815,332.80349449793357,0.027733624541494466,1,689,1,0,0,0,0,579,4,0
21236.0767983053,19691.654120581952,1544.422677723349,0.12870188981027908,0,469,0,0,0,0,0,1499,5,0
39799.97742916886,36045.74031499749,3754.2371141713666,0.31285309284761387,1,467,1,0,0,0,0,1447,3,0
20679.838843522943,18709.937352961322,1969.9014905616204,0.1641584575468017,0,478,1,0,0,0,0,2418,5,0
24569.11047591671,26514.962276931074,-1945.8518010143634,-0.16215431675119696,0,727,0,0,0,0,0,2430,2,0
14121.489951088688,15601.798871126835,-1480.3089200381473,-0.12335907666984561,1,140,0,0,0,0,0,1276,7,0
12416.93590284447,12647.137895476228,-230.2019926317571,-0.019183499385979758,0,552,1,1,0,0,0,735,8,0
201530.10411785828,12249.722970855855,189280.38114700242,15.773365095583536,1,29,9,2,4,0,0,53,36,1
16766.938112153533,18614.71591508897,-1847.7778029354376,-0.15398148357795313,0,660,1,1,0,0,0,1890,9,0
136888.98632495658,41879.79604412521,95009.19028083138,7.917432523402614,2,57,7,2,2,0,0,78,14,1
45303.56139322866,48262.38267704202,-2958.8212838133622,-0.2465684403177802,0,603,0,0,0,0,0,347,3,0
33567.59012030002,36514.023879040855,-2946.433758740837,-0.24553614656173645,0,531,1,0,0,0,0,1999,12,0
27159.981997276773,30008.06266230189,-2848.080665025118,-0.23734005541875983,0,746,0,0,0,0,0,1791,6,0
141374.04331052204,17265.448784471675,124108.59452605036,10.342382877170865,1,52,7,1,3,1,1,197,54,1
26323.563845548488,24676.253117129054,1647.3107284194339,0.13727589403495283,1,240,0,0,1,0,0,1676,2,0
29780.001666225715,31826.007686533507,-2046.006020307792,-0.17050050169231598,0,185,0,0,0,0,0,969,5,0
10497.84082986267,12016.66181076136,-1518.8209808986903,-0.12656841507489086,0,308,2,0,0,0,0,1666,1,0
6678.491295227335,7348.188036549955,-669.6967413226193,-0.055808061776884944,0,223,1,0,0,0,0,1414,8,0
19883.965834885323,20193.13102680868,-309.1651919233591,-0.02576376599361326,0,702,0,0,1,0,0,260,5,0
22603.14651659106,19966.018485841472,2637.128030749587,0.21976066922913226,1,787,0,1,0,0,0,1738,3,0
19126.548540578355,18598.284962258254,528.2635783201004,0.04402196486000836,0,652,0,0,0,0,0,1681,6,0
122242.55343720401,37062.41930604518,85180.13413115883,7.098344510929903,2,68,3,1,2,0,1,290,27,1
46742.5554642903,42791.91416717766,3950.641297112641,0.32922010809272007,0,788,1,0,1,0,0,1830,4,0
13581.80553127527,14486.043991966273,-904.2384606910036,-0.07535320505758364,1,737,1,0,0,0,0,2164,3,0
16448.667807315465,15969.877353602178,478.7904537132872,0.039899204476107265,0,281,1,1,0,0,0,195,9,0
31381.06617533597,30197.35165884581,1183.7145164901594,0.09864287637417996,0,142,0,0,0,0,0,1246,1,0
137134.0675815224,13998.874865792099,123135.1927157303,10.261266059644191,2,63,6,3,3,1,1,290,59,1
26851.69949023531,23898.457885181895,2953.2416050534157,0.24610346708778463,0,328,1,0,0,0,0,1426,2,0
17294.627057705467,18980.534005247362,-1685.9069475418946,-0.14049224562849122,0,144,2,0,0,0,0,1597,2,0
180815.71334788183,37068.22709504346,143747.48625283837,11.97895718773653,2,54,5,3,1,0,1,24,23,1
121048.01808212632,21102.279395724443,99945.73868640188,8.328811557200156,2,9,4,3,2,0,1,196,45,1
32364.1347168359,29644.81481939618,2719.31989743972,0.22660999145331,0,672,1,0,0,0,0,1324,1,0
210644.33229991727,35088.94143092584,175555.39086899144,14.629615905749286,2,70,3,1,3,0,0,276,55,1
20378.90484197079,17766.43466743459,2612.4701745362,0.21770584787801667,0,363,1,0,0,0,0,567,1,0
21919.408580699306,23595.794425918157,-1676.3858452188506,-0.13969882043490423,0,788,2,0,0,0,0,1680,3,0
25649.29403052159,22269.598145651635,3379.695884869954,0.28164132373916284,0,142,2,0,0,0,0,1057,1,0
17446.7368123982,15980.867117363734,1465.8696950344674,0.12215580791953895,0,230,3,1,0,0,0,750,7,0
17067.169690975206,15587.642335220075,1479.5273557551318,0.12329394631292764,0,627,1,0,0,0,0,2212,4,0
21219.442799638844,22735.732601823238,-1516.289802184394,-0.12635748351536616,0,304,0,0,0,0,0,514,10,0
20320.306431185654,22799.845325952185,-2479.5388947665306,-0.2066282412305442,0,165,1,0,0,0,0,633,1,0
13042.897227338251,14422.225227537367,-1379.3280001991152,-0.11494400001659293,1,547,0,0,0,0,0,407,1,0
16805.20146180616,16732.644927174988,72.5565346311705,0.006046377885930876,0,309,0,0,0,0,0,1888,5,0
115581.09608626396,14319.291167820795,101261.80491844317,8.438483743203598,3,69,6,1,3,0,1,35,57,1
11163.2685317276,12123.130101850375,-959.8615701227754,-0.07998846417689795,0,181,0,1,0,0,0,2356,1,0
26708.07335314092,25073.735981072714,1634.3373720682066,0.13619478100568388,0,390,2,0,0,0,0,1113,8,0
18771.694445624104,16473.68953110069,2298.004914523415,0.19150040954361794,0,374,1,0,0,0,0,596,3,0
30219.093585179962,33373.279431310955,-3154.185846130993,-0.26284882051091607,1,430,1,0,0,0,0,2266,2,0
21885.429837734853,24817.893995918264,-2932.464158183411,-0.24437201318195093,0,565,0,0,0,0,0,2281,1,0
17637.19998728452,17937.185852688708,-299.9858654041891,-0.02499882211701576,0,486,1,0,0,0,0,394,1,0
26461.885992356172,24563.047953369034,1898.8380389871381,0.15823650324892818,0,225,0,0,0,0,0,2139,3,0
31350.668853908675,33910.31777070286,-2559.6489167941836,-0.2133040763995153,0,196,1,0,0,0,0,397,5,0
117772.94394838596,19800.51852093761,97972.42542744835,8.164368785620697,3,40,6,1,3,0,1,269,45,1
23983.34092892597,23532.655278985545,450.6856499404239,0.03755713749503532,0,627,1,0,0,0,0,1174,4,0
12761.549168944237,14104.597413352292,-1343.0482444080553,-0.11192068703400461,0,238,0,0,0,0,0,271,1,0
154116.5339763809,18885.060177751562,135231.47379862933,11.269289483219112,3,37,4,3,2,1,1,17,53,1
14815.095451794208,15386.197070360848,-571.1016185666394,-0.04759180154721995,0,696,1,0,0,0,0,1882,2,0
27175.90880756004,25359.149956489193,1816.7588510708483,0.1513965709225707,0,378,1,0,0,0,0,188,2,0
37450.10310937411,36691.551748824386,758.5513605497254,0.06321261337914379,0,616,0,0,0,0,0,1953,5,0
28005.520838531513,26397.508370443422,1608.0124680880908,0.1340010390073409,0,433,0,0,0,0,0,2139,1,0
15809.569029089434,14447.972832000305,1361.5961970891294,0.11346634975742745,1,548,2,0,0,0,0,1666,7,0
22156.52681662681,20218.90182176557,1937.6249948612422,0.16146874957177018,0,582,0,0,0,0,0,1152,1,0
28627.219517598318,30483.052747920785,-1855.833230322467,-0.1546527691935389,0,607,1,0,0,0,0,2268,3,0
12619.923842119053,14487.821945825654,-1867.8981037066005,-0.15565817530888337,0,519,0,0,0,0,0,1333,3,0
149106.41823868157,20795.466550749297,128310.95168793228,10.692579307327689,2,46,7,3,1,1,0,56,39,1
25879.04240730836,26494.092964648786,-615.0505573404262,-0.05125421311170218,0,314,2,0,0,0,0,1148,4,0
27428.434186122948,29354.437180113855,-1926.0029939909073,-0.16050024949924227,0,779,0,0,0,0,0,2103,4,0
27943.776052097983,24161.65545951202,3782.1205925859613,0.31517671604883013,0,140,1,0,0,0,0,942,1,0
190489.64320434877,47974.38981950616,142515.2533848426,11.876271115403549,1,65,5,1,1,0,0,59,19,1
25961.946060342994,25008.198323433553,953.7477369094413,0.07947897807578677,0,470,0,0,0,0,0,1278,2,0
14733.431069663022,16741.26670042653,-2007.8356307635095,-0.1673196358969591,0,446,0,0,0,0,0,1519,2,0
176027.86666427873,17930.15822085471,158097.70844342402,13.174809036952002,1,13,5,2,1,0,0,233,41,1
17426.18011939934,14852.66581080265,2573.514308596692,0.214459525716391,0,609,1,0,0,0,0,2251,2,0
31236.84998714737,31462.434207253435,-225.5842201060659,-0.018798685008838825,0,424,1,0,0,0,0,273,5,0
22416.925645330615,20684.07360803266,1732.8520372979547,0.14440433644149622,0,404,0,0,0,0,0,1035,4,0
19561.801991948454,17851.284029116414,1710.5179628320402,0.1425431635693367,0,469,1,0,0,0,0,299,2,0
17782.19525014738,19271.120796464234,-1488.9255463168556,-0.12407712885973797,0,208,0,0,0,0,0,2389,3,0
27912.32425368336,26331.749139348867,1580.5751143344933,0.13171459286120776,0,526,0,0,0,0,0,1858,2,0
147498.0142286719,13954.238553437242,133543.77567523468,11.128647972936223,1,46,2,3,4,1,0,150,59,1
27587.287180415762,25214.890069757854,2372.3971106579083,0.19769975922149235,0,752,2,0,0,0,0,1821,1,0
22163.617109413513,22502.928917827045,-339.31180841353125,-0.028275984034460938,0,252,0,1,0,0,0,2402,6,0
18082.39992683834,16283.605903269978,1798.7940235683636,0.1498995019640303,0,216,1,0,0,0,0,1764,3,0
17775.938364231333,17211.572521299866,564.3658429314673,0.04703048691095561,0,137,2,0,0,0,0,1795,1,0
83075.20090958624,22776.42587752573,60298.77503206051,5.024897919338376,2,47,7,2,2,0,0,188,56,1
85102.5444885219,53792.900794172485,31309.64369434942,2.609136974529118,3,44,5,2,1,1,0,260,33,1
20682.824028881147,23130.877324915808,-2448.053296034661,-0.20400444133622175,0,172,2,0,0,0,0,491,4,0
45486.823881215685,42848.61489211724,2638.2089890984425,0.21985074909153687,0,193,1,0,0,0,0,469,1,0
17633.1505384459,17344.497673042555,288.65286540334637,0.024054405450278864,1,695,0,0,0,0,0,615,13,0
38327.699614670346,37503.76285963329,823.9367550370589,0.06866139625308824,0,463,1,0,0,0,0,2136,2,0
21582.06167293991,19028.360208448827,2553.701464491085,0.21280845537425708,0,668,1,0,0,0,0,2344,2,0
141053.93561792094,10878.785246857562,130175.15037106338,10.847929197588615,3,67,4,2,3,1,0,258,54,1
30647.84181380448,31871.672867901827,-1223.831054097347,-0.10198592117477892,0,475,1,0,0,0,0,2376,1,0
12825.010815009273,13133.48965793389,-308.4788429246164,-0.025706570243718033,0,675,0,1,0,0,0,1185,2,0
13721.163821166243,14511.132495417658,-789.968674251415,-0.06583072285428458,1,133,2,0,0,0,0,1948,5,0
114064.21930026455,17692.949455237664,96371.2698450269,8.030939153752241,3,9,3,2,1,0,0,228,54,1
11968.714374598056,12458.274224590758,-489.55984999270186,-0.04079665416605849,0,218,0,1,0,0,0,1108,10,0
23811.78497128014,24626.37088452313,-814.5859132429905,-0.06788215943691588,0,457,1,0,0,0,0,1785,7,0
35991.63190454578,34918.98605905774,1072.6458454880412,0.0893871537906701,0,721,0,0,0,0,0,2296,2,0
16790.795164081064,14791.10814702322,1999.687017057844,0.16664058475482033,0,345,1,0,0,0,0,1812,4,0
28659.905603675077,30924.53119798027,-2264.625594305191,-0.18871879952543258,0,408,1,0,0,0,0,1282,11,0
42663.87391202201,41537.0315771921,1126.8423348299111,0.0939035279024926,0,608,1,0,0,0,0,859,2,0
125631.66432787477,31954.942214507693,93676.72211336707,7.806393509447256,1,27,4,2,3,0,0,285,43,1
25211.443749801332,23940.078176900763,1271.3655729005695,0.10594713107504745,1,412,0,0,0,0,0,1010,9,0
23542.861914199955,22314.422470244346,1228.439443955609,0.10236995366296742,0,172,1,1,0,0,0,659,1,0
18501.179463155248,20265.718128290617,-1764.5386651353692,-0.14704488876128077,0,287,0,0,0,0,0,1474,3,0
23030.745408402483,24970.288815604665,-1939.5434072021817,-0.16162861726684846,1,644,3,0,0,0,0,2249,2,0
36227.71337635769,36235.28454598724,-7.571169629547512,-0.0006309308024622927,0,404,1,0,0,0,0,1019,1,0
21992.558269469744,24881.1728052416,-2888.614535771856,-0.240717877980988,1,773,0,0,0,0,0,692,3,0
19266.30902904374,16929.418686618996,2336.8903424247437,0.19474086186872863,1,697,1,0,0,0,0,1583,1,0
12735.475055449413,13172.637932248872,-437.1628767994589,-0.03643023973328824,0,200,0,0,0,0,0,1194,1,0
45311.10649484693,50591.187602174665,-5280.081107327736,-0.44000675894397806,0,602,1,0,0,0,0,2271,2,0
18445.060185025923,19382.983618752056,-937.9234337261332,-0.07816028614384443,0,480,1,0,0,0,0,551,8,0
17378.185776612805,18127.570293401383,-749.3845167885775,-0.06244870973238145,0,621,0,0,0,0,0,1926,1,0
24744.46696498399,27944.138823450055,-3199.6718584660666,-0.2666393215388389,0,599,2,0,0,0,0,2182,5,0
29254.72544708257,25212.221150216275,4042.504296866293,0.33687535807219104,0,541,0,0,0,0,0,1745,12,0
30911.21130936547,30584.065189409015,327.14611995645464,0.027262176663037888,0,157,0,0,0,0,0,2280,1,0
126002.68266963593,30977.940279607552,95024.74239002838,7.918728532502365,2,72,4,2,2,0,0,78,51,1
19459.392675446776,19335.822510877333,123.57016456944257,0.010297513714120214,0,493,0,0,0,0,0,1955,3,0
13387.271963592479,13630.144449325115,-242.87248573263605,-0.020239373811053004,0,267,2,0,0,0,0,1208,1,0
37094.600577779034,32456.221355133224,4638.37922264581,0.38653160188715086,0,573,1,0,0,0,0,454,4,0
13073.926063970715,11454.198272902337,1619.7277910683788,0.1349773159223649,0,447,2,0,0,0,0,992,5,0
18851.170750733392,21049.496792664326,-2198.3260419309336,-0.1831938368275778,0,441,1,0,0,0,0,2117,1,0
36621.83777703022,31593.973650444597,5027.86412658562,0.41898867721546834,1,741,1,0,0,0,0,718,9,0
17830.932673711097,17769.51413629825,61.41853741284649,0.00511821145107054,1,784,1,0,0,0,0,461,2,0
209945.48434882733,15955.317019490876,193990.16732933646,16.165847277444705,2,11,1,1,1,0,1,208,56,1
20985.609828631645,22495.450802809995,-1509.8409741783507,-0.12582008118152924,0,780,1,0,0,0,0,909,1,0
45658.98361007657,44945.21514056963,713.7684695069402,0.059480705792245014,0,355,0,1,1,0,0,1679,2,0
33674.26357871819,32770.04004280469,904.2235359135011,0.0753519613261251,1,488,1,0,0,0,0,2273,5,0
26601.371554259877,26653.673701667816,-52.30214740793963,-0.004358512283994969,0,750,1,0,0,0,0,1831,1,0
27021.34174445335,24093.113659934163,2928.228084519189,0.24401900704326576,1,328,0,0,0,0,0,1094,3,0
19756.38737206733,17523.33081791817,2233.0565541491596,0.18608804617909663,0,391,0,0,0,0,0,2445,1,0
123976.75193764809,20528.345252612562,103448.40668503553,8.620700557086295,2,73,5,0,2,1,0,121,58,1
37470.206757460524,33369.91503877073,4100.291718689798,0.34169097655748315,0,351,1,0,0,0,0,1598,2,0
17051.175454067983,17273.639366205636,-222.4639121376531,-0.018538659344804424,0,339,0,0,0,0,0,1830,3,0
21350.98368943794,18405.440762629358,2945.5429268085827,0.2454619105673819,0,572,1,0,0,0,0,1156,1,0
15846.198025089003,15984.963650622003,-138.76562553300028,-0.011563802127750022,0,718,0,0,1,0,0,1049,7,0
11016.980556831171,10159.348421766163,857.6321350650087,0.07146934458875072,0,193,1,0,0,0,0,2126,1,0
26266.737895825026,30133.661817355955,-3866.923921530928,-0.3222436601275773,0,623,1,0,0,0,0,1854,1,0
28264.592480037816,31577.303868676452,-3312.711388638636,-0.276059282386553,0,557,0,1,0,0,0,1916,1,0
6415.633115467177,5668.801397395175,746.8317180720023,0.06223597650600019,0,462,1,0,0,0,0,2032,1,0
24783.07996410995,23213.99739089922,1569.0825732107296,0.13075688110089415,0,747,0,0,0,0,0,1387,2,0
36385.29700047259,40546.860196265014,-4161.563195792427,-0.34679693298270226,0,138,2,0,0,0,0,1891,10,0
19606.796811441487,21285.12895904842,-1678.3321476069323,-0.13986101230057768,0,678,0,1,0,0,0,838,11,0
41041.62147035226,45141.65165659389,-4100.030186241631,-0.3416691821868026,0,640,1,1,0,0,0,2058,1,0
22829.576501364598,20894.66273446932,1934.913766895279,0.1612428139079399,0,538,1,0,0,0,0,2026,5,0
34904.26810578669,39901.03474082832,-4996.766635041633,-0.41639721958680276,0,281,1,0,0,0,0,825,1,0
19111.362020448127,18730.33747412645,381.0245463216779,0.031752045526806494,1,444,1,0,0,0,0,1111,3,0
27298.739072313714,23954.41044711086,3344.3286252028556,0.27869405210023795,1,618,1,0,1,0,0,1233,1,0
36270.66453990288,32158.1562314088,4112.508308494078,0.34270902570783984,0,313,0,0,0,0,0,2329,2,0
24021.70131792068,22516.10910474065,1505.592213180029,0.1254660177650024,0,460,0,0,0,0,0,1309,3,0
9421.117370257292,9624.564568432965,-203.44719817567238,-0.016953933181306034,1,302,0,0,0,0,0,428,1,0
12128.71332237769,12177.914940696086,-49.20161831839687,-0.004100134859866406,0,324,0,0,0,0,0,2182,4,0
38477.55711910287,40833.3725108156,-2355.8153917127274,-0.19631794930939395,0,490,0,0,1,0,0,455,11,0
20982.961013251283,21526.007450377765,-543.0464371264825,-0.04525386976054021,0,660,0,0,0,0,0,1254,4,0
40974.99265986053,36175.975340636905,4799.017319223625,0.3999181099353021,0,542,0,0,0,0,0,1672,12,0
31082.612459276002,30333.41033072924,749.2021285467636,0.0624335107122303,0,527,1,0,0,0,0,1917,10,0
17963.00068320139,17821.224820610467,141.77586259092277,0.011814655215910231,0,795,0,0,0,0,0,761,1,0
15786.235360591761,15616.384247778447,169.8511128133141,0.014154259401109509,0,265,0,0,0,0,0,1119,2,0
188760.8596096637,14186.48099372474,174574.37861593894,14.547864884661578,2,55,5,1,1,0,0,291,16,1
12905.981327324127,14633.997623144738,-1728.016295820611,-0.14400135798505093,1,446,1,0,1,0,0,689,2,0
23629.64846936486,20638.874373347702,2990.7740960171577,0.24923117466809647,0,211,0,0,0,0,0,353,11,0
169215.3291769871,16663.60007355086,152551.72910343626,12.712644091953022,2,17,2,2,1,0,0,214,23,1
126827.71472669058,11930.082202982949,114897.63252370764,9.574802710308969,2,23,5,2,3,0,1,124,29,1
57380.71162334353,61438.05879803942,-4057.3471746958894,-0.33811226455799076,0,621,0,0,0,0,0,2324,1,0
21321.508088839208,18183.88910186505,3137.6189869741575,0.26146824891451315,0,710,3,0,0,0,0,999,3,0
17712.296377961815,16044.500286358438,1667.7960916033771,0.13898300763361476,0,258,1,0,0,0,0,1199,1,0
34720.71775462873,29697.023403551473,5023.694351077254,0.41864119592310456,0,325,0,1,0,0,0,1325,4,0
26914.868235523216,26948.593806235778,-33.72557071256233,-0.002810464226046861,0,372,1,1,0,0,0,1094,2,0
48600.18363995379,46901.73879933872,1698.4448406150768,0.1415370700512564,0,461,2,0,0,0,0,323,2,0
15851.1852414536,18081.50865099235,-2230.323409538749,-0.18586028412822908,0,520,0,0,0,0,0,1239,10,0
99056.77537711641,14226.257354532514,84830.5180225839,7.069209835215325,2,49,7,2,2,0,0,194,47,1
26246.178917966587,23038.182486082915,3207.996431883672,0.267333035990306,0,279,0,0,0,0,0,1053,1,0
16748.493408011156,17236.631788097046,-488.13838008588937,-0.04067819834049078,1,531,0,0,0,0,0,612,2,0
20613.798752954364,20868.7128721765,-254.91411922213592,-0.02124284326851133,0,127,1,0,0,0,0,1672,1,0
29733.557592105702,25893.538174525303,3840.019417580399,0.3200016181316999,0,406,2,0,0,0,0,1006,3,0
121359.5583700753,10710.124981567242,110649.43338850807,9.220786115709005,1,36,4,1,2,0,0,149,16,1
34253.51030209935,29474.965663880437,4778.544638218911,0.39821205318490926,0,678,0,0,0,0,0,440,1,0
20562.998547787054,19025.28821780827,1537.710329978785,0.12814252749823207,0,730,0,0,0,0,0,317,4,0
18278.983784721568,19713.964563540023,-1434.9807788184553,-0.1195817315682046,0,761,1,1,0,0,0,2015,5,0
126622.43499567597,25027.10022965473,101595.33476602123,8.466277897168435,3,8,7,2,3,1,1,72,29,1
23778.480526716314,24587.35615240425,-808.8756256879351,-0.06740630214066126,0,540,0,0,0,0,0,2269,6,0
20252.435848384517,22247.23780637554,-1994.8019579910215,-0.1662334964992518,0,399,1,0,0,0,0,2412,4,0
28785.405374274214,24658.729160893363,4126.676213380852,0.3438896844484043,0,637,0,0,0,0,0,618,2,0
156114.94345515527,28071.29241930683,128043.65103584844,10.67030425298737,2,31,7,2,3,0,0,37,23,1
175465.90200285515,23510.985760904103,151954.91624195105,12.662909686829254,3,38,5,1,4,0,0,164,29,1
143621.9800192092,18426.976373396286,125195.00364581292,10.43291697048441,1,53,4,2,2,1,1,177,40,1
185310.1767911586,13176.789041500379,172133.3877496582,14.344448979138184,1,51,2,3,2,0,0,158,14,1
25059.51589114318,25890.285258484302,-830.7693673411231,-0.06923078061176026,0,745,0,0,0,0,0,1353,1,0
19274.121829668005,18057.208213979615,1216.9136156883906,0.10140946797403255,0,755,1,0,0,0,0,929,3,0
23487.829374028253,21481.948974808314,2005.8803992199391,0.16715669993499493,0,732,1,0,0,0,0,369,2,0
45668.01715834898,40563.530940832825,5104.486217516154,0.42537385145967954,0,120,0,0,0,0,0,841,2,0
19322.25099543002,21386.622246845825,-2064.371251415807,-0.1720309376179839,0,367,3,0,0,0,0,1418,1,0
40135.706896575495,39094.15083081375,1041.5560657617461,0.08679633881347884,0,179,0,0,1,0,0,1639,2,0
18050.796565688437,20676.8510116259,-2626.0544459374614,-0.21883787049478845,0,406,1,0,0,0,0,337,1,0
20997.674029896254,19157.558857606957,1840.1151722892973,0.15334293102410812,0,529,0,0,0,0,0,595,1,0
187806.1428671108,13401.040844922687,174405.1020221881,14.53375850184901,2,41,3,1,3,0,1,36,14,1
18393.30433232792,16919.847321796835,1473.457010531085,0.12278808421092374,0,414,0,0,1,0,0,1999,1,0
29408.391807723652,25881.249421502616,3527.142386221036,0.2939285321850863,0,754,1,0,0,0,0,1135,5,0
16248.838477823861,15898.487769294683,350.3507085291785,0.029195892377431542,0,388,3,0,0,0,0,1797,3,0
22520.66053628775,23521.71323630545,-1001.0527000177026,-0.08342105833480855,1,254,1,0,0,0,0,619,11,0
19242.289611323402,19802.032224376868,-559.7426130534659,-0.046645217754455494,0,463,0,0,1,0,0,1807,1,0
169267.46111182924,12979.702057718381,156287.75905411085,13.023979921175904,3,58,4,2,1,0,0,135,25,1
19317.391046529687,20965.791595947143,-1648.4005494174562,-0.13736671245145468,0,614,0,0,0,0,0,1453,1,0
16443.33091993563,15162.343878661128,1280.9870412745022,0.10674892010620851,0,550,0,0,0,0,0,367,11,0
23145.51316158158,23035.894153310244,109.6190082713365,0.009134917355944709,0,705,1,0,0,0,0,655,8,0
51592.22245578012,51457.06571972699,135.15673605312622,0.011263061337760519,1,208,1,0,0,0,0,1759,5,0
55674.26548312779,57569.85349627874,-1895.5880131509475,-0.15796566776257895,0,262,1,0,0,0,0,649,4,0
133523.76792090794,25715.528417919442,107808.2395029885,8.984019958582374,2,27,6,2,1,0,1,112,34,1
12263.903923383374,11789.931461369142,473.9724620142315,0.03949770516785262,0,386,0,1,0,0,0,1418,3,0
13699.567793307331,14887.340395898189,-1187.7726025908578,-0.09898105021590481,0,348,0,0,0,0,0,2275,2,0
44193.165130235386,47989.042732622154,-3795.8776023867686,-0.31632313353223074,0,156,0,0,0,0,0,714,1,0
25642.722706290646,27609.85229700649,-1967.1295907158456,-0.16392746589298712,0,294,0,0,0,0,0,235,1,0
14205.238476696104,15640.15530176058,-1434.9168250644761,-0.11957640208870635,0,412,0,0,0,0,0,1355,6,0
30089.543034338712,30254.871068458262,-165.32803411954956,-0.013777336176629129,0,544,2,1,0,0,0,825,1,0
33395.06193691502,31544.02670248584,1851.0352344291823,0.15425293620243186,0,649,1,0,0,0,0,2155,3,0
16346.63881631764,16665.48541180294,-318.8465954853,-0.026570549623775,0,417,1,0,0,0,0,2132,1,0
17924.1549813842,16769.464760335737,1154.6902210484623,0.09622418508737185,0,494,0,0,0,0,0,1427,1,0
36192.07104934422,36939.27877822984,-747.2077288856235,-0.06226731074046862,0,340,0,0,0,0,0,2312,1,0
19039.179022677425,17420.949203085853,1618.2298195915719,0.13485248496596433,0,388,1,0,0,0,0,1593,3,0
54711.002652524774,47644.748145824145,7066.254506700629,0.5888545422250524,0,458,2,0,0,0,0,307,1,0
21163.985556952804,22847.73004467357,-1683.7444877207672,-0.14031204064339728,0,346,0,0,0,0,0,618,1,0
26217.69307541342,26553.551533767033,-335.85845835361397,-0.027988204862801163,0,648,5,0,0,0,0,2357,1,0
31702.637104077,28851.501038849485,2851.1360652275143,0.23759467210229285,0,156,0,0,0,0,0,1322,6,0
97859.01278770543,19963.391904329015,77895.62088337642,6.491301740281369,4,30,4,2,1,0,0,281,59,1
118952.48411147256,23129.173208464686,95823.31090300786,7.985275908583988,4,10,5,1,4,0,1,246,19,1
26360.103496306852,28694.085493720402,-2333.98199741355,-0.1944984997844625,0,202,0,0,0,0,0,1129,5,0
20826.141874449717,17906.24410829444,2919.897766155278,0.24332481384627316,1,470,0,0,0,0,0,1357,5,0
117626.85847140187,19761.07312150333,97865.78534989854,8.155482112491544,2,29,2,1,2,0,1,80,50,1
9549.006194789486,10300.224302620141,-751.2181078306548,-0.0626015089858879,1,617,2,0,0,0,0,482,3,0
43159.33357265409,39028.636587523535,4130.696985130555,0.34422474876087955,0,132,1,0,0,0,0,1626,2,0
19646.077355877413,17118.669221421656,2527.408134455756,0.21061734453797967,0,167,2,0,0,0,0,2018,4,0
23680.59096709865,20313.42085871704,3367.1701083816115,0.280597509031801,0,137,0,0,0,0,0,2237,1,0
147659.368152522,11705.098417438854,135954.26973508313,11.329522477923595,1,9,4,0,2,0,0,92,52,1
92416.72837479386,20440.804340555052,71975.92403423881,5.997993669519901,3,6,3,3,2,1,1,165,29,1
132186.26429841487,15517.29181783493,116668.97248057993,9.72241437338166,1,12,4,3,2,0,0,144,52,1
29660.77936193959,29946.924182030616,-286.1448200910272,-0.023845401674252267,0,570,0,0,0,0,0,886,1,0
6521.427634401691,5710.231384226057,811.1962501756334,0.06759968751463612,0,525,1,0,1,0,0,577,1,0
197206.81853943103,29905.50159843824,167301.31694099278,13.941776411749398,1,66,7,3,2,0,0,157,21,1
25485.480785836262,28742.581942621673,-3257.101156785411,-0.27142509639878426,1,770,1,0,0,0,0,2276,1,0
27313.37443140168,29376.84296303983,-2063.468531638151,-0.1719557109698459,0,647,0,0,1,0,0,379,11,0
36282.404600263726,39362.65402290755,-3080.249422643821,-0.2566874518869851,0,322,0,0,0,0,0,1385,1,0
13284.482403447864,12240.808583257032,1043.673820190832,0.086972818349236,0,286,0,0,0,0,0,1704,7,0
45930.0393397998,47093.95152483998,-1163.9121850401789,-0.09699268208668158,0,143,2,0,0,0,0,513,3,0
12889.155493360104,11247.11878342919,1642.0367099309133,0.1368363924942428,0,699,2,0,0,0,0,1836,1,0
116812.89504011617,11158.282560469857,105654.61247964631,8.804551039970526,2,54,8,3,3,0,0,101,14,1
15774.1476167279,15817.739088364442,-43.59147163654234,-0.0036326226363785283,0,268,1,0,0,0,0,677,4,0
12816.047172373066,12049.109625715768,766.9375466572983,0.06391146222144152,0,737,0,0,0,0,0,522,1,0
15246.77730934989,14037.596561143942,1209.1807482059485,0.1007650623504957,0,149,0,0,0,0,0,2478,3,0
132695.6867965045,18834.304172050426,113861.38262445408,9.48844855203784,2,27,4,0,2,1,0,123,23,1
19429.627549345605,21554.122695635546,-2124.4951462899407,-0.17704126219082839,1,609,0,0,0,0,0,1141,1,0
99275.66931239956,12965.601167776855,86310.06814462271,7.192505678718559,1,68,6,1,4,0,0,287,42,1
151835.04460679155,15981.223537736138,135853.8210690554,11.321151755754618,2,38,5,1,3,1,0,43,36,1
21484.24803892525,24522.562311380058,-3038.314272454809,-0.25319285603790076,0,551,0,0,0,0,0,1520,1,0
24400.3515677231,24312.200220879833,88.15134684326767,0.007345945570272306,0,681,1,0,0,0,0,1852,1,0
99092.79915150531,14071.240335050632,85021.55881645468,7.085129901371223,1,49,3,0,1,0,0,156,15,1
18538.097423229177,17369.847436421125,1168.2499868080522,0.09735416556733768,0,512,2,0,0,0,0,609,8,0
181147.95189395177,16915.444964884035,164232.50692906775,13.686042244088979,1,58,6,2,1,0,1,40,49,1
14510.694180210592,13722.118379664707,788.5758005458847,0.06571465004549039,0,799,1,0,0,0,0,1518,7,0
32815.11357094076,28400.380241709892,4414.733329230869,0.3678944441025724,0,675,0,1,0,0,0,200,4,0
21110.05260995137,18465.413303267407,2644.639306683963,0.22038660889033024,0,188,0,0,0,0,0,1414,10,0
159557.7468669029,17957.473262286345,141600.27360461655,11.800022800384713,3,49,2,0,2,1,1,141,26,1
28948.91829012579,29849.037351468618,-900.1190613428298,-0.07500992177856915,0,222,0,1,0,0,0,1353,2,0
14184.086561078142,12791.16983369012,1392.9167273880212,0.11607639394900177,0,262,0,0,1,0,0,1430,2,0
43701.795441907234,49586.87532660342,-5885.079884696184,-0.490423323724682,0,786,2,0,0,0,0,1931,3,0
152087.13797471148,13925.112090368377,138162.0258843431,11.513502157028592,1,12,7,0,2,0,0,30,53,1
50763.35330792974,57721.31013863586,-6957.95683070612,-0.5798297358921767,0,394,2,0,0,0,0,646,3,0
23640.23276897766,23750.493136615944,-110.26036763828233,-0.009188363969856861,1,295,1,0,0,0,0,1802,1,0
20966.84125569779,23251.308699491045,-2284.4674437932554,-0.19037228698277128,0,385,0,1,0,0,0,985,1,0
47596.05560417641,45786.38310932282,1809.6724948535848,0.15080604123779873,0,204,1,0,0,0,0,1747,3,0
31232.719485634763,31524.538957347355,-291.8194717125916,-0.024318289309382634,0,798,1,0,0,0,0,1228,3,0
15570.993833229451,17858.635465462095,-2287.641632232644,-0.19063680268605368,0,161,0,0,0,0,0,1877,2,0
156471.87968485223,8658.854757853689,147813.02492699854,12.317752077249878,2,59,7,2,1,0,1,189,38,1
13480.712310270135,12299.349183452812,1181.363126817323,0.09844692723477692,0,614,0,1,0,0,0,1635,2,0
143619.69893784705,10998.743953452613,132620.95498439443,11.051746248699535,2,69,3,0,2,0,0,176,40,1
27127.785093458762,30609.709012176096,-3481.9239187173334,-0.2901603265597778,0,488,1,0,0,0,0,407,6,0
19965.973173451395,17722.07062842009,2243.9025450313056,0.1869918787526088,0,238,1,0,0,0,0,393,3,0
36030.381010028475,40535.87161766593,-4505.490607637454,-0.3754575506364545,0,189,3,0,0,0,0,1528,4,0
33341.89975990612,33464.778761313035,-122.87900140691636,-0.010239916783909696,0,733,2,0,0,0,0,249,2,0
32888.33753224477,37233.03535522286,-4344.697822978094,-0.3620581519148412,0,552,1,0,0,0,0,1527,2,0
30618.70894141569,32395.160530000907,-1776.451588585216,-0.14803763238210135,0,584,0,0,1,0,0,1400,1,0
16177.75642052545,16709.29429636707,-531.5378758416191,-0.04429482298680159,0,770,1,0,0,0,0,1979,1,0
30431.659917312943,33335.84255302418,-2904.182635711237,-0.24201521964260306,0,666,0,0,0,0,0,1877,2,0
144624.81810811398,16888.06473274761,127736.75337536636,10.644729447947197,2,15,2,2,2,1,0,126,33,1
23299.948325579768,24448.712375199328,-1148.76404961956,-0.09573033746829666,1,555,0,0,0,0,0,2131,2,0
27033.82423325427,23060.585269007297,3973.2389642469716,0.33110324702058097,0,602,2,0,0,0,0,2074,5,0
25715.153925746592,27746.45624612041,-2031.3023203738194,-0.16927519336448496,0,274,0,0,1,0,0,2391,2,0
12624.78466697181,11849.788287644962,774.9963793268471,0.0645830316105706,0,298,0,0,0,0,0,2192,8,0
17771.260022969,18681.430347670368,-910.1703247013684,-0.07584752705844737,0,178,1,0,0,0,0,2205,8,0
21513.035505049385,18938.733108434022,2574.3023966153633,0.21452519971794692,1,392,1,0,0,0,0,2349,1,0
19218.719912659624,18793.683928186867,425.03598447275726,0.035419665372729774,1,748,0,0,0,0,0,706,7,0
29681.09760462059,25880.508138555746,3800.5894660648446,0.316715788838737,0,431,1,0,0,0,0,2262,12,0
130747.16325645211,34078.9519684221,96668.21128803001,8.055684274002502,1,54,3,1,4,0,1,147,33,1
134428.52981330786,15239.72159861709,119188.80821469077,9.932400684557564,1,9,6,3,1,0,0,283,32,1
16976.80963510111,15389.546893796396,1587.2627413047157,0.1322718951087263,0,212,0,0,0,0,0,565,1,0
21421.691585326695,21145.36660510415,276.3249802225437,0.023027081685211972,0,484,1,0,0,0,0,1475,6,0
45203.13795995164,40349.771419073346,4853.366540878291,0.4044472117398576,1,660,1,0,0,0,0,1660,13,0
69870.03765964316,11662.849863493078,58207.18779615008,4.850598983012507,3,64,3,2,3,1,1,72,57,1
20973.089520727848,19280.349461841797,1692.740058886051,0.1410616715738376,0,648,2,1,0,0,0,1373,14,0
110549.48338306477,28748.903935797258,81800.57944726752,6.81671495393896,1,14,3,0,1,0,1,218,25,1
39341.76964884289,33783.24854451847,5558.52110432442,0.463210092027035,0,575,0,0,0,0,0,2057,2,0
21416.131091841875,23078.0692391883,-1661.9381473464236,-0.13849484561220196,0,640,0,0,0,0,0,1050,5,0
127303.91383996852,21259.568313692747,106044.34552627578,8.837028793856314,2,12,2,2,2,0,1,121,30,1
92680.1174201208,20471.64538074414,72208.47203937666,6.017372669948055,3,72,6,2,1,0,0,251,24,1
28348.884031422094,24572.519754481145,3776.364276940949,0.3146970230784124,0,452,1,0,0,0,0,1775,2,0
115413.27305272443,12338.637300613325,103074.6357521111,8.589552979342592,1,30,3,1,1,0,1,92,38,1
11471.018604253044,11086.854917328883,384.1636869241611,0.032013640577013426,0,503,1,0,0,0,0,2222,1,0
20896.7426927822,22552.113208103372,-1655.3705153211704,-0.13794754294343087,0,361,1,0,0,0,0,985,7,0
15532.93394668014,14988.034007842349,544.8999388377906,0.045408328236482554,1,466,0,0,0,0,0,1365,2,0
27068.39347196496,26655.38139449858,413.0120774663774,0.034417673122198116,0,734,2,0,0,0,0,548,6,0
8923.736601247278,8125.41800410209,798.3185971451876,0.06652654976209897,0,239,1,1,1,0,0,702,2,0
33165.99146891323,34941.30066366474,-1775.3091947515131,-0.14794243289595943,1,729,0,0,1,0,0,508,6,0
41566.15548254098,42146.02472356618,-579.8692410252042,-0.04832243675210035,0,225,0,0,0,0,0,2332,9,0
85454.20824072738,27638.004124730996,57816.204115996385,4.818017009666366,1,26,3,3,3,1,1,244,40,1
10537.74984458665,9117.054795682252,1420.6950489043975,0.11839125407536645,1,270,1,0,0,0,0,2381,4,0
19743.41772212856,18279.445962398033,1463.971759730528,0.12199764664421067,0,301,0,0,0,0,0,1181,1,0
105953.4632181743,11394.2670351875,94559.19618298681,7.879933015248901,2,13,4,2,2,1,0,78,43,1
30030.97192788793,31604.660853181835,-1573.6889252939036,-0.13114074377449197,0,442,0,0,0,0,0,1980,1,0
25058.00400282186,22033.500299562158,3024.503703259703,0.2520419752716419,1,729,0,0,0,0,0,2476,1,0
170032.36827464396,19036.429903722044,150995.9383709219,12.582994864243492,2,32,2,2,1,1,0,30,45,1
22986.810108533933,24647.441850374413,-1660.6317418404797,-0.13838597848670664,0,630,0,0,0,0,0,1873,2,0
35275.18229376596,32807.37056469217,2467.8117290737864,0.20565097742281555,0,353,0,0,0,0,0,1955,3,0
40495.293328862834,41540.27085998378,-1044.977531120945,-0.08708146092674542,0,725,2,1,0,0,0,424,5,0
178061.95337572062,12554.997279296063,165506.95609642455,13.792246341368712,2,59,3,2,1,0,0,113,16,1
37183.728270746346,42230.87571812369,-5047.147447377341,-0.42059562061477845,0,225,1,0,0,0,0,1764,1,0
54741.88607030725,56958.13622054813,-2216.2501502408777,-0.18468751252007315,1,513,1,0,0,0,0,785,1,0
13179.924464816868,14534.511153854795,-1354.5866890379275,-0.11288222408649395,0,565,1,1,0,0,0,1358,2,0
27403.29648704355,26114.797517842908,1288.498969200642,0.1073749141000535,0,407,0,0,0,0,0,2253,3,0
22942.475335217485,20987.264367070075,1955.2109681474103,0.16293424734561754,0,543,0,0,0,0,0,337,4,0
22344.6999514285,19020.660968571374,3324.038982857128,0.27700324857142733,0,276,1,0,0,0,0,1791,3,0
35914.49158420798,32475.060799203115,3439.4307850048644,0.2866192320837387,0,462,0,0,0,0,0,635,1,0
22336.178418660827,22404.94690777043,-68.76848910960325,-0.005730707425800271,0,790,1,0,0,0,0,1961,7,0
26520.496082075508,27184.161699275726,-663.6656172002185,-0.05530546810001821,0,526,1,0,0,0,0,1334,1,0
15686.534915688653,14673.813982735388,1012.7209329532652,0.08439341107943876,1,248,0,0,0,0,0,2359,1,0
20311.064622338123,22481.773347974548,-2170.708725636425,-0.1808923938030354,0,532,1,0,0,0,0,1343,4,0
21674.70685885269,20129.186577055392,1545.5202817972968,0.12879335681644138,0,535,0,0,0,0,0,1868,4,0
27605.089926449207,24892.029749099867,2713.06017734934,0.226088348112445,0,765,1,0,0,0,0,1616,6,0
46876.993656801365,49394.81087715319,-2517.817220351826,-0.2098181016959855,0,324,1,0,0,0,0,2136,1,0
23883.140720245596,26504.37375187262,-2621.2330316270236,-0.21843608596891864,0,790,1,0,0,0,0,394,4,0
136530.39737299492,30156.188705880868,106374.20866711406,8.86451738892617,2,13,4,2,3,0,1,77,31,1
175791.50471215424,21938.80658338296,153852.69812877127,12.821058177397607,3,66,2,1,1,0,1,77,57,1
183322.400068796,11736.098744893767,171586.30132390224,14.29885844365852,2,37,4,1,2,1,0,227,19,1
29673.494839413397,32113.205433437317,-2439.71059402392,-0.20330921616866,0,774,0,0,0,0,0,803,14,0
29371.75620037927,32811.02251519656,-3439.266314817287,-0.2866055262347739,0,231,0,0,0,0,0,424,2,0
38084.84189221703,35217.28137383715,2867.5605183798834,0.23896337653165695,0,513,1,0,0,0,0,955,3,0
28599.954165510793,29161.1143691268,-561.1602036160075,-0.04676335030133396,0,592,0,1,0,0,0,1101,5,0
13784.421222895046,13894.071951030717,-109.65072813567167,-0.00913756067797264,0,332,1,0,0,0,0,319,1,0
10178.49877295969,9436.836341585027,741.6624313746634,0.06180520261455528,1,685,1,0,0,0,0,1961,9,0
126327.02350033593,25194.657038042027,101132.3664622939,8.427697205191159,1,39,6,2,2,1,0,219,28,1
23226.184969306072,20792.570808467834,2433.6141608382386,0.2028011800698532,0,540,0,1,0,0,0,1434,15,0
35327.23547846403,33660.57154634621,1666.6639321178154,0.13888866100981795,0,685,2,0,0,0,0,631,6,0
42752.490947718834,45824.913443061356,-3072.422495342522,-0.2560352079452102,0,383,1,0,0,0,0,612,6,0
21389.52773244225,22864.59670295851,-1475.0689705162622,-0.12292241420968851,1,292,0,0,0,0,0,856,2,0
101831.31117924921,12427.71730833139,89403.59387091783,7.450299489243153,1,66,4,3,3,1,1,171,50,1
21769.30532556917,19687.601175686897,2081.7041498822728,0.17347534582352273,0,796,0,0,0,0,0,2188,1,0
20231.63607927191,17273.717241214745,2957.918838057165,0.24649323650476374,0,538,1,0,0,0,0,295,7,0
115053.11014437703,24062.2956632804,90990.81448109663,7.582567873424719,3,17,1,1,2,0,0,144,24,1
83652.51096751456,13902.103260667142,69750.40770684743,5.812533975570619,2,70,5,3,2,0,1,186,47,1
130848.54372436814,17750.011594213363,113098.53213015478,9.424877677512898,3,24,6,2,2,1,0,88,25,1
17879.20460307942,15465.096213258463,2414.1083898209563,0.20117569915174635,0,753,1,0,0,0,0,577,3,0
122229.98685561045,19762.433182744986,102467.55367286547,8.538962806072123,1,38,4,1,3,0,1,107,45,1
27883.279159213595,27196.14749449186,687.1316647217354,0.05726097206014462,0,612,1,0,0,0,0,361,9,0
24800.06726524433,22385.865923547193,2414.2013416971386,0.20118344514142822,0,176,1,0,0,0,0,1975,4,0
48695.44871088288,50489.81615347488,-1794.3674425919962,-0.1495306202159997,0,767,2,0,0,0,0,2443,3,0
44217.15623144811,47820.873561401284,-3603.7173299531714,-0.3003097774960976,0,372,1,0,0,0,0,937,1,0
43303.380849423855,40783.893128857584,2519.4877205662706,0.2099573100471892,1,646,0,0,0,0,0,2260,3,0
26057.309392380077,26941.058877034986,-883.7494846549089,-0.07364579038790907,0,588,0,0,0,0,0,472,1,0
22268.546144039905,24401.95847865956,-2133.412334619654,-0.1777843612183045,0,263,1,0,0,0,0,613,5,0
33741.50015043406,33014.196466286914,727.3036841471476,0.060608640345595634,0,287,0,0,0,0,0,918,11,0
25064.4534412909,26305.505659806586,-1241.0522185156842,-0.10342101820964035,0,525,0,0,0,0,0,921,16,0
23806.965561757555,27208.25190007134,-3401.2863383137847,-0.2834405281928154,0,770,1,0,0,0,0,863,11,0
13166.863191180322,14226.920734405994,-1060.057543225672,-0.08833812860213933,1,439,1,0,0,0,0,863,2,0
15677.843072357606,14950.922879475547,726.9201928820585,0.06057668274017154,1,749,1,0,0,0,0,214,3,0
103273.79374439342,24136.766739833965,79137.02700455945,6.594752250379955,1,13,1,0,2,1,0,19,46,1
26638.310241097333,26917.251582141223,-278.94134104389013,-0.02324511175365751,0,454,0,0,0,0,0,1820,2,0
26407.876808924997,23727.522223800326,2680.354585124671,0.22336288209372257,0,192,0,0,0,0,0,1160,1,0
29972.648214868303,26555.791042363227,3416.857172505075,0.28473809770875624,0,329,0,0,0,0,0,1507,4,0
19754.065242084533,22044.730868237504,-2290.6656261529715,-0.19088880217941429,0,461,0,0,0,0,0,436,6,0
26252.899166908912,22319.328977483532,3933.57018942538,0.3277975157854483,0,146,1,0,1,0,0,754,1,0
21987.72152580005,21033.496462347175,954.2250634528755,0.07951875528773962,0,252,1,0,1,0,0,1990,1,0
21403.934025173286,24198.754729292952,-2794.8207041196656,-0.23290172534330547,0,213,2,0,0,0,0,1397,3,0
12947.022792687432,11593.342084809314,1353.6807078781185,0.11280672565650987,0,487,0,0,0,0,0,2297,3,0
138636.2601759522,20834.131808238686,117802.1283677135,9.816844030642793,2,56,3,1,4,0,1,96,34,1
38796.11519878928,35906.71009005965,2889.405108729632,0.24078375906080268,0,186,0,0,0,0,0,191,2,0
18637.097619827546,18139.715122843158,497.3824969843881,0.04144854141536568,0,377,1,0,0,0,0,438,3,0
34348.906857670154,34536.29672489683,-187.38986722667323,-0.015615822268889436,0,443,2,0,0,0,0,2009,4,0
30048.279015233067,27704.859577368265,2343.4194378648026,0.1952849531554002,0,698,0,0,0,0,0,2424,3,0
26120.83105707204,26682.55163601714,-561.7205789451,-0.046810048245425,0,610,1,0,0,0,0,1895,3,0
23171.83177759994,25333.875673738858,-2162.043896138919,-0.18017032467824326,0,183,0,0,0,0,0,945,1,0
123965.06719910979,25443.29119217694,98521.77600693285,8.210148000577737,2,40,2,2,2,0,0,185,28,1
19133.52402016556,17382.9801045196,1750.5439156459615,0.14587865963716345,0,355,0,0,0,0,0,403,21,0
18024.030404978388,18231.340046912406,-207.30964193401815,-0.017275803494501512,0,441,0,0,0,0,0,1270,1,0
37769.81705463469,40896.862268235396,-3127.045213600708,-0.26058710113339234,0,246,0,0,0,0,0,2315,1,0
10947.213266203042,11524.53961693511,-577.326350732068,-0.04811052922767234,0,724,0,1,0,0,0,1774,1,0
21629.254549951398,21510.395236837223,118.85931311417517,0.009904942759514597,0,507,3,0,0,0,0,817,1,0
160215.16484696124,16193.262985489891,144021.90186147136,12.001825155122614,1,5,6,2,2,0,0,272,39,1
27666.33871568867,24434.243683166296,3232.095032522375,0.2693412527101979,0,241,1,0,0,0,0,1323,6,0
123010.22513339676,24262.39095538601,98747.83417801074,8.228986181500895,3,19,2,2,3,0,0,274,59,1
27504.29468386518,29026.236978792273,-1521.942294927092,-0.12682852457725766,1,476,0,0,0,0,0,331,2,0
23967.213602262385,22944.17379626866,1023.0398059937252,0.08525331716614376,0,431,0,0,0,0,0,1299,1,0
19350.74105837991,21127.78821390525,-1777.047155525339,-0.14808726296044492,0,719,2,1,0,0,0,366,1,0
23152.672649951797,23818.13278039918,-665.4601304473836,-0.055455010870615294,0,321,1,0,0,0,0,240,3,0
29908.579320499244,31534.163399154368,-1625.5840786551234,-0.13546533988792694,0,564,1,0,0,0,0,2336,1,0
31227.82408627566,33412.567673819394,-2184.743587543733,-0.18206196562864443,0,482,0,0,0,0,0,1163,1,0
30127.48677210044,30932.242623714326,-804.7558516138852,-0.06706298763449044,0,280,0,0,0,0,0,1874,8,0
245878.08024827426,15593.20633363426,230284.87391464,19.190406159553334,1,61,5,3,1,0,0,262,51,1
16060.219121996604,14372.145814536278,1688.0733074603268,0.1406727756216939,0,427,1,0,0,0,0,1678,3,0
24839.26922954837,23130.7454883349,1708.5237412134702,0.14237697843445585,0,328,1,0,0,0,0,641,1,0
9650.083816405702,8863.848420037515,786.2353963681871,0.0655196163640156,0,462,2,0,0,0,0,1739,6,0
129590.31770102098,17340.025388510578,112250.2923125104,9.354191026042534,2,34,5,3,1,0,1,34,57,1
82774.54847460218,16858.766864643007,65915.78160995917,5.492981800829931,1,13,2,1,2,0,0,267,23,1
205263.31301503914,28839.46166550721,176423.85134953193,14.701987612460995,2,33,5,1,2,0,0,48,51,1
19623.649968271875,19014.710743593936,608.9392246779389,0.050744935389828244,0,474,0,0,0,0,0,2280,8,0
18597.731220785732,20791.556355218923,-2193.825134433191,-0.18281876120276594,0,733,1,0,0,0,0,1589,2,0
10247.189541257689,9735.210298044289,511.97924321339997,0.04266493693445,0,251,0,0,0,0,0,2420,1,0
136454.7653239952,45070.14677979332,91384.61854420189,7.615384878683491,4,56,3,3,1,0,1,265,24,1
181483.16443374808,10202.170486638408,171280.99394710967,14.273416162259139,3,28,2,0,1,0,1,273,39,1
128796.70680818007,16608.7028834427,112188.00392473736,9.349000327061447,2,44,2,2,2,0,0,231,29,1
27391.78340111716,29532.467745283328,-2140.684344166166,-0.17839036201384714,0,200,0,0,0,0,0,362,4,0
30679.3411348835,32973.76033876206,-2294.4192038785623,-0.1912016003232135,0,343,1,0,0,0,0,1964,1,0
23024.02055539216,20007.776565236134,3016.2439901560247,0.2513536658463354,0,227,1,0,0,0,0,2382,2,0
91576.85030275634,42349.726856575646,49227.123446180696,4.102260287181725,3,49,5,3,1,0,1,256,37,1
36634.03192924205,40615.84241070646,-3981.810481464403,-0.33181754012203357,1,594,0,0,0,0,0,448,3,0
17126.586263539117,18120.403574205935,-993.8173106668182,-0.08281810922223486,0,497,1,0,0,0,0,799,2,0
29241.648010425222,29956.679200410785,-715.0311899855624,-0.059585932498796866,0,600,0,0,0,0,0,2098,2,0
110601.40869776146,24969.95486604863,85631.45383171283,7.135954485976069,2,71,8,2,2,0,0,54,44,1
19097.90849557537,20568.030737271838,-1470.1222416964665,-0.12251018680803888,1,370,0,0,0,0,0,1439,1,0
24219.15138813479,24417.49993953812,-198.34855140333093,-0.016529045950277578,0,139,2,0,0,0,0,1611,9,0
27482.16246288361,28625.687780593886,-1143.525317710275,-0.09529377647585625,0,762,0,0,0,0,0,1783,1,0
39020.13395971547,35344.53604435541,3675.597915360064,0.3062998262800053,0,682,0,0,0,0,0,2032,6,0
44734.267285592185,44888.422946802944,-154.15566121075972,-0.012846305100896642,0,176,2,0,0,0,0,855,2,0
38038.15863093284,40442.17686678743,-2404.0182358545862,-0.20033485298788217,0,730,2,0,0,0,0,746,3,0
41569.389668042444,42058.62639136236,-489.2367233199184,-0.040769726943326534,0,582,1,0,0,0,0,872,3,0
133430.9997388616,17638.86640867209,115792.1333301895,9.649344444182459,1,62,5,1,3,1,1,72,29,1
34416.31554870704,33687.57195765602,728.7435910510176,0.0607286325875848,1,294,0,0,0,0,0,1365,1,0
25456.33080454312,22796.449320713113,2659.881483830006,0.22165679031916716,0,448,0,0,0,0,0,446,7,0
19538.948550348323,19818.770390921454,-279.82184057313134,-0.02331848671442761,0,339,1,0,0,0,0,2133,1,0
18993.022414310235,18910.7799812439,82.24243306633434,0.006853536088861195,0,477,0,0,0,0,0,2386,2,0
112009.54184083942,29121.75167705701,82887.79016378241,6.907315846981867,2,23,4,3,1,1,1,266,59,1
15025.491388499,14532.817023472784,492.67436502621604,0.041056197085518005,0,199,1,1,0,0,0,198,1,0
10614.951580106088,9190.446303170704,1424.5052769353842,0.11870877307794869,0,251,0,0,0,0,0,605,3,0
22204.40379571975,23052.55297603024,-848.1491803104909,-0.07067909835920758,0,348,0,0,0,0,0,1755,1,0
20871.202415977954,22500.443693775174,-1629.2412777972204,-0.1357701064831017,0,302,0,0,0,0,0,1886,2,0
8280.247388668862,7469.939540252843,810.3078484160196,0.0675256540346683,0,182,0,0,0,0,0,1196,1,0
16009.699017220086,15010.7615216892,998.9374955308849,0.08324479129424041,1,776,0,0,0,0,0,2133,7,0
75574.54630371588,11102.48806943209,64472.05823428379,5.372671519523649,4,22,2,0,2,0,0,245,50,1
28797.092634938515,26414.181685597418,2382.910949341098,0.19857591244509148,0,657,1,0,0,0,0,1053,4,0
18363.867655132664,19243.112158218813,-879.244503086149,-0.07327037525717908,0,791,2,0,0,0,0,2129,2,0
16869.18847576905,18655.252730509677,-1786.0642547406278,-0.1488386878950523,0,485,1,0,0,0,0,1531,3,0
15114.327666450095,15592.24439381066,-477.91672736056535,-0.03982639394671378,0,220,2,0,0,0,0,911,8,0
35691.66037545751,39800.95678489868,-4109.296409441165,-0.34244136745343046,1,175,1,0,0,0,0,2296,2,0
32251.784792452658,36133.84204524518,-3882.057252792525,-0.32350477106604375,0,550,1,0,0,0,0,375,2,0
36119.238755203776,41438.70839956519,-5319.469644361416,-0.44328913703011796,0,710,1,0,0,0,0,1994,2,0
20494.086766945802,21610.204980598777,-1116.118213652975,-0.09300985113774793,0,446,1,0,0,0,0,746,3,0
31085.038171535994,30172.541316771814,912.4968547641802,0.07604140456368168,0,138,0,0,0,0,0,1981,1,0
30302.741239142586,26860.089575329832,3442.651663812754,0.28688763865106287,0,688,2,1,0,0,0,225,1,0
27207.46259730241,27558.03024638633,-350.5676490839214,-0.029213970756993453,0,157,2,0,1,0,0,2182,5,0
24762.237456496652,24921.37476632635,-159.1373098296972,-0.013261442485808099,0,549,1,0,0,0,0,1806,3,0
173602.26202615557,31871.573321344214,141730.68870481136,11.810890725400947,3,49,4,1,1,0,0,230,55,1
18822.313192648064,18455.345435980547,366.96775666751637,0.030580646388959697,0,458,0,0,0,0,0,1594,1,0
12621.617551203513,13325.420864173844,-703.8033129703308,-0.0586502760808609,1,677,1,0,0,0,0,1713,6,0
24177.934396513174,20983.140515732583,3194.7938807805913,0.2662328233983826,0,178,1,0,0,0,0,1661,8,0
31133.380021794717,26621.49340730163,4511.886614493087,0.37599055120775726,0,545,0,0,0,0,0,999,4,0
13758.654454824387,14026.175452590676,-267.52099776628893,-0.02229341648052408,0,307,0,0,0,0,0,2338,3,0
15315.598279239268,14554.931570628918,760.6667086103498,0.06338889238419582,0,710,1,0,0,0,0,1078,2,0
24446.13140712329,21121.68599378841,3324.4454133348772,0.27703711777790646,0,301,2,0,0,0,0,2087,4,0
174377.948650484,22179.71465938145,152198.23399110255,12.683186165925212,2,34,7,1,4,0,1,87,26,1
12215.588462147967,13665.771237738685,-1450.182775590718,-0.12084856463255983,0,435,2,0,0,0,0,1706,7,0
22406.433453097416,23794.711191785653,-1388.2777386882372,-0.1156898115573531,1,762,1,0,0,0,0,1491,1,0
132185.57628477114,15179.76852233278,117005.80776243836,9.750483980203196,3,47,6,2,4,0,0,169,44,1
25206.872237108022,26563.194467755195,-1356.3222306471725,-0.11302685255393105,0,168,0,0,0,0,0,588,6,0
35937.22582948149,37863.963208058085,-1926.7373785765958,-0.16056144821471632,0,790,0,0,0,0,0,718,1,0
33053.85689163957,35585.83782204619,-2531.980930406622,-0.21099841086721852,0,702,0,0,0,0,0,427,8,0
52962.85153509503,54774.87392247941,-1812.0223873843788,-0.1510018656153649,1,267,1,0,0,0,0,369,2,0
24434.175085142248,24118.201287937547,315.97379720470053,0.026331149767058377,0,224,0,0,0,0,0,861,4,0
28249.168830733568,25606.607415952516,2642.561414781052,0.22021345123175434,0,684,0,0,0,0,0,1429,1,0
19309.108215278397,19464.06235983209,-154.95414455369246,-0.012912845379474371,0,647,0,0,0,0,0,2314,4,0
18562.378850430418,15779.86058524247,2782.5182651879477,0.23187652209899565,0,292,0,0,0,0,0,2043,4,0
27715.323767273665,27079.970702737217,635.3530645364481,0.05294608871137067,0,511,1,0,0,0,0,859,2,0
14254.665076216015,15420.096942196586,-1165.4318659805704,-0.09711932216504753,0,555,0,0,0,0,0,753,1,0
10101.857458427774,9365.450936815187,736.4065216125873,0.061367210134382275,0,794,0,0,0,0,0,1990,13,0
13538.433132843586,14118.083129773311,-579.6499969297256,-0.048304166410810465,0,586,3,1,0,0,0,563,3,0
36533.55162096393,37625.61412502309,-1092.062504059155,-0.09100520867159624,0,438,1,0,0,0,0,217,1,0
27205.354494165258,24171.11367199066,3034.2408221745973,0.25285340184788313,0,251,0,0,0,0,0,1125,2,0
19894.889264301928,21535.189659606658,-1640.30039530473,-0.1366916996087275,0,515,2,0,0,0,0,1753,5,0
40565.375177972666,42613.027337247906,-2047.6521592752397,-0.1706376799396033,0,438,1,1,0,0,0,909,1,0
29404.13039101929,31957.33571670053,-2553.2053256812396,-0.21276711047343663,0,768,0,0,0,0,0,416,4,0
24798.115098745337,21657.70707915833,3140.4080195870083,0.26170066829891736,0,570,1,0,0,0,0,1898,3,0
16702.99800820654,15976.892459562237,726.1055486443038,0.06050879572035865,0,224,1,0,1,0,0,1982,3,0
26705.27341809561,24562.93341809196,2142.340000003649,0.1785283333336374,0,213,0,0,0,0,0,2482,7,0
16418.410022259857,18622.69475898207,-2204.284736722213,-0.1836903947268511,1,360,1,0,0,0,0,781,3,0
19521.680086678745,20534.56480202054,-1012.8847153417955,-0.0844070596118163,0,648,0,0,0,0,0,765,6,0
13444.942790826759,13339.19843264501,105.7443581817497,0.008812029848479142,0,315,1,0,0,0,0,1643,4,0
23894.53639710175,22800.625608916664,1093.9107881850869,0.09115923234875724,1,170,1,0,0,0,0,1563,1,0
19036.32168978803,20315.536146670092,-1279.2144568820622,-0.10660120474017185,0,431,0,0,0,0,0,650,1,0
25247.832087321844,28595.017057529963,-3347.18497020812,-0.27893208085067667,0,746,0,0,0,0,0,1878,2,0
17636.131628890784,16616.97160506095,1019.1600238298342,0.08493000198581951,0,268,0,0,0,0,0,214,1,0
10729.869647450789,9908.024471261471,821.8451761893175,0.06848709801577646,0,341,0,0,0,0,0,273,1,0
15605.369496783962,14208.866316426574,1396.5031803573875,0.1163752650297823,1,775,0,0,0,0,0,1781,2,0
24965.416294020903,24261.485445876802,703.9308481441003,0.05866090401200836,0,641,0,0,1,0,0,1436,1,0
19688.94445183599,21378.937799418403,-1689.9933475824146,-0.14083277896520122,0,713,2,1,0,0,0,1500,1,0
21289.083845045137,22307.121958123687,-1018.0381130785499,-0.0848365094232125,0,379,0,1,0,0,0,2356,2,0
204390.47796325435,12704.729886881563,191685.74807637278,15.973812339697732,2,55,3,1,3,0,0,239,15,1
16207.357247683261,15537.0960737342,670.2611739490621,0.05585509782908851,0,440,0,0,0,0,0,2168,1,0
139072.0559226346,8631.907190439828,130440.14873219478,10.870012394349565,1,14,7,2,1,0,0,166,55,1
40080.61355156931,44583.00179764277,-4502.38824607346,-0.3751990205061217,0,491,1,0,0,0,0,2401,2,0
26422.68524586702,28065.679991560828,-1642.9947456938098,-0.13691622880781748,1,788,1,1,0,0,0,977,4,0
9556.988951163583,9051.41309516765,505.5758559959322,0.042131321332994354,0,584,1,0,0,0,0,2222,8,0
151471.94758048424,14561.746852917271,136910.20072756696,11.409183393963913,2,68,4,1,1,0,1,286,16,1
29143.53773681452,29394.339914574946,-250.80217776042628,-0.020900181480035522,0,316,0,1,0,0,0,520,1,0
12355.444059954401,12305.129609155612,50.31445079878904,0.004192870899899086,0,176,2,0,0,0,0,373,1,0
12146.99858856413,10574.937620288143,1572.0609682759878,0.13100508068966565,0,462,0,0,0,0,0,522,1,0
125808.58683244755,11112.845848149844,114695.7409842977,9.557978415358143,3,38,4,3,3,0,1,96,25,1
38820.18206090765,39331.37044765881,-511.18838675115694,-0.042599032229263076,1,341,0,0,0,0,0,536,26,0
43895.64216303951,42755.45165301455,1140.1905100249642,0.09501587583541368,0,195,0,0,0,0,0,1296,3,0
22378.80401418637,22818.76152329595,-439.9575091095794,-0.036663125759131616,0,601,0,0,0,0,0,1463,1,0
31134.570010815318,28505.7082219834,2628.861788831917,0.21907181573599308,0,358,0,0,0,0,0,1210,4,0
39284.13157020891,35122.152673095,4161.978897113913,0.3468315747594928,0,692,0,0,0,0,0,1737,6,0
18929.187663592413,17367.861011305005,1561.3266522874073,0.13011055435728394,0,420,1,0,0,0,0,1070,1,0
24071.654788136402,27561.49790357833,-3489.843115441927,-0.29082025962016056,1,370,2,0,0,0,0,1588,4,0
22914.99966954569,24061.364196471673,-1146.3645269259832,-0.09553037724383194,0,352,1,0,0,0,0,747,23,0
21838.93218610097,19820.27811388099,2018.6540722199788,0.16822117268499823,1,378,0,0,0,0,0,476,2,0
109764.50439698447,26650.34046570293,83114.16393128154,6.926180327606795,2,60,7,3,2,0,0,221,38,1
21050.452806709043,19312.276318401193,1738.1764883078504,0.14484804069232088,1,431,0,0,1,0,0,1647,1,0
30504.14380790699,33328.090874725895,-2823.947066818906,-0.23532892223490884,1,350,1,0,0,0,0,1847,7,0
41155.46641600899,46826.573273826354,-5671.106857817365,-0.47259223815144713,1,630,2,0,0,0,0,1756,5,0
11841.90295989408,12297.624831693467,-455.7218717993874,-0.03797682264994895,1,513,0,0,0,0,0,1669,2,0
31319.83425395554,33732.52455225468,-2412.6902982991414,-0.20105752485826178,0,701,2,0,0,0,0,684,2,0
19033.388259592026,17570.705297867884,1462.682961724142,0.12189024681034516,0,512,0,0,0,0,0,2226,3,0
24159.578336543553,25373.947019727737,-1214.3686831841842,-0.10119739026534869,1,168,1,0,0,0,0,544,1,0
27280.711218582393,26384.668328250384,896.0428903320098,0.07467024086100083,1,599,2,1,0,0,0,489,1,0
39991.74415853136,40040.19024893119,-48.44609039983334,-0.004037174199986111,0,147,1,0,0,0,0,737,1,0
31607.17084589351,30867.612837412955,739.5580084805551,0.06162983404004626,0,237,1,0,0,0,0,630,2,0
36080.82933623499,34147.10224667716,1933.7270895578258,0.16114392412981882,1,668,2,0,0,0,0,1459,4,0
123839.45107723809,15793.12078954545,108046.33028769263,9.00386085730772,4,68,1,0,2,0,1,225,50,1
115744.51852236869,19852.59399804553,95891.92452432316,7.990993710360263,2,11,5,1,1,1,0,72,41,1
127357.37585189746,20173.49318799837,107183.8826638991,8.931990221991592,3,31,3,3,1,0,1,205,30,1
34658.88460047179,33227.05327646403,1431.8313240077623,0.11931927700064686,1,549,0,0,0,0,0,2472,6,0
106690.38083336977,18231.68608757229,88458.69474579747,7.3715578954831225,4,54,5,1,2,0,0,127,50,1
118224.52871265037,20005.725076474584,98218.80363617578,8.184900303014649,2,59,4,0,2,0,0,193,54,1
147711.11633317755,15390.41846779112,132320.69786538644,11.026724822115536,2,27,6,0,2,0,0,131,42,1
22876.901715151365,25741.286448745006,-2864.3847335936407,-0.23869872779947005,0,705,0,0,0,0,0,567,2,0
33137.62195593176,34616.10878827635,-1478.4868323445917,-0.12320723602871597,0,386,0,0,0,0,0,2214,6,0
11007.982825369076,10658.368991952037,349.61383341703913,0.029134486118086594,0,663,0,0,0,0,0,2226,1,0
28489.577387657922,25413.038334433397,3076.5390532245256,0.25637825443537715,0,460,0,0,0,0,0,680,8,0
31783.82886575872,32490.974556938752,-707.1456911800306,-0.05892880759833588,0,501,2,0,0,0,0,1094,9,0
38354.15259573727,42302.060085231715,-3947.9074894944424,-0.3289922907912035,0,416,0,0,0,0,0,1316,5,0
27989.10495459714,25964.55846258039,2024.5464920167506,0.16871220766806255,0,748,1,0,0,0,0,794,1,0
42560.633068668685,37367.30103485528,5193.332033813407,0.4327776694844506,1,194,1,1,0,0,0,2451,10,0
24811.643689340475,22292.88516993389,2518.758519406587,0.20989654328388224,0,772,0,1,0,0,0,2331,3,0
29415.28807456557,29493.617322233928,-78.3292476683564,-0.006527437305696367,0,202,2,0,0,0,0,1396,1,0
27487.9552777033,28971.25653212287,-1483.30125441957,-0.12360843786829749,0,238,0,0,1,0,0,697,2,0
175791.83133750374,9773.934895657825,166017.89644184592,13.83482470348716,3,13,2,2,2,1,0,108,39,1
24657.979030319337,23950.140410985707,707.83861933363,0.058986551611135835,0,399,0,1,0,0,0,2231,6,0
56893.3061802079,58594.75137941392,-1701.4451992060203,-0.14178709993383504,0,427,0,0,0,0,0,839,10,0
136218.6780559986,17184.83078600835,119033.84726999025,9.919487272499188,3,14,3,3,2,0,1,282,17,1
180002.8185779203,13478.615635890741,166524.20294202954,13.877016911835796,2,59,4,2,3,0,1,18,33,1
169832.43306928372,20958.399388700782,148874.03368058294,12.406169473381912,2,17,5,2,2,1,1,63,23,1
21768.193746069046,18640.631054309735,3127.562691759311,0.2606302243132759,0,167,1,0,0,0,0,894,1,0
16931.824289567667,19170.4675357259,-2238.6432461582335,-0.18655360384651945,0,325,0,0,1,0,0,2309,7,0
37460.953853442596,40561.16364050341,-3100.2097870608122,-0.258350815588401,0,518,1,0,0,0,0,1088,6,0
34082.849929955424,37142.4036975681,-3059.553767612677,-0.2549628139677231,0,609,0,0,0,0,0,1999,2,0
92377.3090237681,17714.492167143362,74662.81685662473,6.221901404718728,2,32,6,3,1,0,1,132,35,1
28418.12645883316,25438.04727243462,2980.0791863985432,0.2483399321998786,0,463,0,0,0,0,0,2318,1,0
41056.77146799943,37984.21929876624,3072.5521692331895,0.2560460141027658,0,710,1,0,0,0,0,1265,5,0
15260.454747640568,13626.964243876339,1633.4905037642293,0.1361242086470191,0,761,0,0,0,0,0,2242,1,0
21924.338909827027,24588.725701480067,-2664.38679165304,-0.22203223263775332,0,569,0,0,0,0,0,1404,3,0
24755.980025747533,21796.956238350056,2959.0237873974766,0.24658531561645639,0,661,0,0,0,0,0,560,3,0
9001.873384021656,8229.409299434896,772.4640845867598,0.06437200704889665,0,485,0,0,0,0,0,2327,2,0
17577.67695202023,16171.790364983022,1405.8865870372065,0.11715721558643387,0,757,1,0,0,0,0,795,6,0
18866.51082043682,17006.83245957938,1859.6783608574406,0.15497319673812004,0,307,1,0,0,0,0,2092,7,0
37203.509751426434,33983.774982069706,3219.734769356728,0.26831123077972735,0,518,1,0,0,0,0,1234,1,0
15079.726157943162,13057.412309341382,2022.3138486017797,0.1685261540501483,0,779,1,0,0,0,0,430,3,0
147611.46102773136,12518.974508262436,135092.48651946892,11.257707209955743,3,47,6,0,3,0,0,120,53,1
27173.338648770325,28576.17087540207,-1402.8322266317446,-0.11690268555264538,0,217,1,0,0,0,0,2296,1,0
25073.097477495146,23835.564183274582,1237.5332942205641,0.10312777451838034,0,540,2,0,0,0,0,796,1,0
33382.90828129215,36788.73767041744,-3405.8293891252906,-0.2838191157604409,0,554,1,0,0,0,0,252,2,0
31240.169518131766,31122.460999488274,117.70851864349243,0.009809043220291035,0,309,0,0,0,0,0,1291,1,0
26356.276587916658,25602.398134857478,753.8784530591802,0.06282320442159835,0,616,1,0,0,0,0,1714,4,0
47832.346955450404,53340.85556837581,-5508.508612925405,-0.4590423844104504,0,122,0,0,0,0,0,502,15,0
13501.518549906708,11745.307462557961,1756.2110873487472,0.14635092394572893,0,365,2,0,0,0,0,2098,1,0
149632.6183506075,15210.294890222573,134422.3234603849,11.20186028836541,2,8,2,2,1,1,0,186,24,1
20169.54143680205,19979.42215551963,190.11928128241925,0.015843273440201606,0,437,1,0,0,0,0,186,3,0
23547.17418380059,22653.30614550097,893.8680382996208,0.07448900319163507,0,513,2,0,0,0,0,2067,2,0
45598.3718211141,47704.24606218449,-2105.8742410703853,-0.17548952008919877,0,772,0,0,0,0,0,763,1,0
13770.716419458626,13185.60266816851,585.113751290115,0.04875947927417625,0,783,1,0,0,0,0,1901,2,0
24370.961043053816,21605.480844071408,2765.480198982408,0.23045668324853402,0,520,2,0,0,0,0,331,1,0
21461.472573353072,20054.898649857703,1406.573923495369,0.11721449362461409,0,486,1,0,0,0,0,2410,3,0
22885.234157676616,22335.09320485158,550.140952825037,0.04584507940208641,0,657,3,0,0,0,0,964,2,0
14702.325033136603,13345.343759484678,1356.9812736519252,0.1130817728043271,0,785,1,0,0,0,0,572,1,0
36590.76213569425,33281.70294612896,3309.0591895652906,0.2757549324637742,0,737,0,1,0,0,0,1967,2,0
25092.95737586121,23224.230036149398,1868.7273397118115,0.15572727830931762,0,298,1,0,0,0,0,1306,4,0
18599.712459259317,16795.24475984443,1804.4676994148867,0.1503723082845739,0,658,0,0,0,0,0,302,2,0
117439.72407749105,29814.82371584377,87624.90036164728,7.302075030137273,3,53,5,1,2,1,1,18,17,1
39818.83367262653,43284.380397369605,-3465.5467247430715,-0.28879556039525595,1,625,0,0,0,0,0,895,1,0
17557.13058157394,19269.15576094601,-1712.0251793720709,-0.14266876494767258,0,193,1,0,0,0,0,263,1,0
31161.489736923402,34007.1237638746,-2845.6340269512,-0.2371361689126,0,646,0,1,0,0,0,1323,3,0
15690.477380456654,17619.080152061004,-1928.60277160435,-0.16071689763369584,0,389,0,0,0,0,0,611,2,0
24445.339168083756,27299.173342545164,-2853.834174461408,-0.23781951453845068,0,782,2,0,0,0,0,2301,3,0
27263.156694039404,29535.19930961946,-2272.042615580056,-0.18933688463167134,0,387,1,0,0,0,0,2033,1,0
25300.58784998545,24257.826284332205,1042.761565653247,0.08689679713777058,1,371,0,0,0,0,0,571,5,0
165919.15877174083,15588.848928793008,150330.3098429478,12.527525820245652,3,67,5,2,1,1,0,102,55,1
17469.013963646445,18818.402661529628,-1349.3886978831833,-0.11244905815693194,0,453,1,0,0,0,0,949,1,0
56825.228034697946,64901.48312418314,-8076.255089485196,-0.6730212574570996,0,482,0,0,0,0,0,2144,5,0
15458.284885040797,13255.344340108713,2202.940544932084,0.18357837874434033,0,423,0,0,0,0,0,1662,2,0
35692.101200459234,32414.793436503103,3277.3077639561307,0.27310898032967756,0,780,2,0,0,0,0,675,1,0
31989.233994476843,35599.76248192505,-3610.528487448206,-0.30087737395401715,0,274,2,0,0,0,0,1060,1,0
13879.829472777716,14836.233581749304,-956.4041089715884,-0.07970034241429903,1,643,0,1,0,0,0,581,13,0
22580.37255380532,22893.872382091682,-313.4998282863635,-0.02612498569053029,0,725,0,0,0,0,0,351,10,0
126831.04837285425,15113.69835634738,111717.35001650687,9.309779168042239,3,12,5,0,2,0,1,207,40,1
28687.010791877517,31230.65960281338,-2543.6488109358615,-0.21197073424465512,0,517,0,0,0,0,0,1672,6,0
24069.859998083553,22412.427050169892,1657.4329479136613,0.13811941232613845,0,371,0,0,0,0,0,1160,5,0
27399.568238633765,28122.705165073527,-723.1369264397617,-0.06026141053664681,0,199,0,0,0,0,0,2065,7,0
11059.67233509351,12623.12995962516,-1563.4576245316493,-0.13028813537763745,0,266,0,0,0,0,0,984,4,0
21206.826520634528,18926.343120667523,2280.4833999670045,0.1900402833305837,0,458,2,0,0,0,0,642,3,0
17061.600406191043,19094.681854685026,-2033.0814484939838,-0.16942345404116532,0,629,0,0,0,0,0,1357,2,0
28186.274794331894,30251.499426964892,-2065.2246326329987,-0.17210205271941656,0,502,0,0,0,0,0,391,1,0
144455.8933145571,15562.636428895057,128893.25688566203,10.741104740471837,2,59,4,3,1,0,0,243,40,1
15753.409086606724,13636.398541241477,2117.010545365247,0.1764175454471039,1,175,1,1,0,0,0,1329,1,0
16866.052745058332,14595.407474382038,2270.645270676294,0.18922043922302448,0,700,2,0,0,0,0,234,7,0
88130.30396029905,87201.52327929696,928.7806810020847,0.07739839008350706,0,147,0,0,0,0,0,1190,2,0
43670.467242664854,42731.774267559646,938.6929751052085,0.07822441459210071,0,434,2,1,0,0,0,1879,1,0
103161.42870476743,24849.662369804064,78311.76633496337,6.525980527913614,4,6,3,1,2,1,0,249,47,1
21880.777984393953,24081.408004487483,-2200.6300200935293,-0.1833858350077941,1,766,1,0,0,0,0,954,1,0
196151.17923147912,17558.726106673035,178592.45312480608,14.882704427067173,2,49,5,2,3,1,0,41,28,1
13122.886344372107,12953.523789018871,169.36255535323653,0.014113546279436378,0,564,0,0,0,0,0,1188,3,0
10892.479387747768,12066.77654001672,-1174.2971522689531,-0.09785809602241276,0,546,1,0,0,0,0,1715,3,0
16768.92507023109,19162.990987610636,-2394.0659173795466,-0.1995054931149622,0,668,0,0,0,0,0,1278,1,0
17330.82473944687,15844.444355067339,1486.3803843795322,0.12386503203162769,0,634,1,0,0,0,0,1396,1,0
20204.72477363128,22371.16535560799,-2166.4405819767126,-0.18053671516472605,0,762,1,0,0,0,0,1060,4,0
12514.911435929916,13722.5250390845,-1207.613603154583,-0.10063446692954858,0,699,1,0,0,0,0,401,2,0
19940.09181434283,21763.037329548668,-1822.9455152058363,-0.15191212626715303,0,521,1,0,0,0,0,324,9,0
122724.43394255165,22858.1505331458,99866.28340940585,8.322190284117154,2,60,4,1,3,1,1,91,24,1
60571.9497084552,62297.67527788984,-1725.7255694346386,-0.14381046411955323,0,416,1,0,0,0,0,717,2,0
137306.67360761267,25215.082423051208,112091.59118456146,9.340965932046789,3,59,6,0,1,0,0,151,45,1
38475.31567148657,34812.79049794765,3662.5251735389174,0.30521043112824314,0,528,0,0,0,0,0,1754,4,0
18057.634515195718,19876.7951223258,-1819.1606071300812,-0.1515967172608401,0,161,0,0,0,0,0,968,4,0
236200.36601681137,34620.99785833625,201579.36815847512,16.798280679872928,2,46,3,2,4,1,1,125,50,1
107860.36909616452,22804.412602319964,85055.95649384455,7.087996374487046,1,68,2,3,2,1,0,123,59,1
21086.996634659576,19760.397753860547,1326.5988807990288,0.1105499067332524,0,228,1,0,0,0,0,389,2,0
19952.259103441473,21086.930577271498,-1134.6714738300252,-0.0945559561525021,0,143,0,0,0,0,0,1395,3,0
20403.314780424284,18322.96163027742,2080.353150146864,0.17336276251223867,1,342,0,0,0,0,0,518,2,0
22214.66759548698,18985.200293259797,3229.467302227182,0.2691222751855985,0,484,0,0,0,0,0,1957,2,0
27420.57539410273,30119.789862707697,-2699.2144686049687,-0.22493453905041405,0,298,1,0,0,0,0,2332,1,0
31824.352508050193,32221.916715323936,-397.5642072737428,-0.033130350606145234,0,786,0,0,0,0,0,271,6,0
22892.442143322303,21408.444615414104,1483.9975279081991,0.1236664606590166,0,448,1,0,0,0,0,610,1,0
28698.905902962233,25976.001860556855,2722.9040424053783,0.2269086702004482,0,166,2,0,0,0,0,1662,3,0
14371.729687478912,15288.378803199159,-916.6491157202472,-0.0763874263100206,0,583,0,0,0,0,0,681,1,0
24844.03638500218,23426.230591718893,1417.8057932832853,0.11815048277360711,0,694,1,0,1,0,0,2089,1,0
131173.04614714487,33190.527325417635,97982.51882172722,8.165209901810602,2,69,2,1,1,0,1,58,20,1
185592.44824349807,17774.288925061388,167818.1593184367,13.984846609869724,1,30,3,2,2,0,0,288,57,1
22793.822184094766,24560.154534982084,-1766.3323508873182,-0.1471943625739432,0,579,0,0,1,0,0,890,1,0
33855.20555054396,31075.667848480127,2779.53770206383,0.2316281418386525,0,577,2,0,0,0,0,519,8,0
13288.928602007338,11721.867320700654,1567.0612813066837,0.1305884401088903,0,396,1,0,0,0,0,1232,7,0
23765.66887162679,20932.21574853331,2833.453123093481,0.2361210935911234,0,650,2,0,0,0,0,260,3,0
20514.417227126953,19430.881323207508,1083.5359039194445,0.09029465865995372,0,462,1,0,0,0,0,762,1,0
35925.51552466846,39535.750406577994,-3610.234881909535,-0.3008529068257946,0,714,0,0,0,0,0,470,2,0
124856.47846146098,22483.470764226957,102373.00769723402,8.531083974769501,4,39,6,1,2,0,0,217,54,1
27332.59571631545,26629.059247752906,703.5364685625427,0.05862803904687856,0,331,0,1,0,0,0,1140,9,0
41522.674028773305,37928.51687431311,3594.1571544601975,0.2995130962050165,1,425,1,1,0,0,0,612,1,0
114977.2337456571,47687.42676862482,67289.80697703228,5.60748391475269,2,45,1,0,2,1,1,180,27,1
14111.146120904366,14270.525013871691,-159.37889296732465,-0.01328157441394372,0,274,2,0,0,0,0,876,1,0
5622.820666436592,5065.97025828756,556.8504081490319,0.04640420067908599,0,306,1,1,0,0,0,1247,2,0
31596.48532137129,28994.54416378378,2601.941157587509,0.2168284297989591,0,781,0,0,0,0,0,1382,1,0
24605.321379618974,23047.172050133784,1558.1493294851898,0.12984577745709916,0,390,3,0,0,0,0,1980,2,0
48038.11512963587,53102.850896244825,-5064.735766608952,-0.4220613138840793,1,488,0,0,0,0,0,2295,6,0
24767.48313650626,21144.615249767838,3622.8678867384224,0.30190565722820184,0,210,2,0,0,0,0,1696,5,0
29581.52985294258,28836.698603183257,744.8312497593251,0.062069270813277094,0,541,1,0,0,0,0,530,5,0
15850.117080383849,17070.270972706825,-1220.1538923229764,-0.1016794910269147,0,130,1,0,0,0,0,2414,12,0
72028.68960238616,42640.867252389085,29387.822349997077,2.4489851958330897,2,28,5,3,2,0,1,173,21,1
27701.860714505023,26068.658993988713,1633.2017205163102,0.13610014337635917,1,140,1,0,0,0,0,374,6,0
30839.620399990446,31265.43469611321,-425.81429612276406,-0.03548452467689701,0,601,3,0,0,0,0,2351,4,0
43626.798923628594,49935.758715966615,-6308.959792338021,-0.5257466493615017,0,240,4,0,1,0,0,1095,3,0
23687.75705687932,22887.111490326417,800.6455665529029,0.06672046387940857,0,744,0,0,0,0,0,282,2,0
17010.391461643958,17489.341306852828,-478.9498452088701,-0.03991248710073918,0,149,0,0,0,0,0,602,3,0
32183.920871273065,32015.326117559354,168.59475371371082,0.014049562809475901,1,507,3,0,0,0,0,189,6,0
20840.075330592863,19322.97195688225,1517.1033737106118,0.12642528114255097,0,787,1,0,0,0,0,184,1,0
21605.350049781257,20336.138214766223,1269.211835015034,0.1057676529179195,0,436,1,0,0,0,0,1312,6,0
32379.166259641795,36164.74786091321,-3785.581601271413,-0.31546513343928445,0,319,0,0,0,0,0,410,11,0
33895.05433114857,36630.62151961239,-2735.5671884638214,-0.22796393237198512,0,536,1,0,0,0,0,2433,8,0
43538.14427554452,39920.289601331024,3617.854674213493,0.3014878895177911,0,768,0,0,0,0,0,1608,1,0
17023.286802938594,16465.775262913707,557.5115400248869,0.04645929500207391,0,369,0,0,0,0,0,2459,11,0
24100.799817842057,21045.92075308979,3054.8790647522655,0.2545732553960221,0,720,1,0,0,0,0,2181,4,0
38332.383160951395,32597.70380389756,5734.679357053836,0.47788994642115296,0,254,0,1,0,0,0,364,1,0
220993.91173473626,11975.715893789564,209018.1958409467,17.418182986745556,2,44,4,1,2,1,0,37,32,1
12168.815793487558,11469.33251886391,699.483274623648,0.058290272885303994,0,335,1,0,0,0,0,577,1,0
150807.02061552508,28210.918611224857,122596.10200430022,10.216341833691684,2,42,5,1,2,0,0,289,17,1
119385.68337707223,33283.74133593863,86101.9420411336,7.175161836761133,2,53,4,2,3,1,1,84,51,1
25366.854502850485,25212.371595817567,154.48290703291786,0.01287357558607649,0,683,1,0,0,0,0,366,4,0
32909.078299949775,32707.990235475798,201.08806447397728,0.016757338706164773,0,715,1,0,0,0,0,771,4,0
19481.061567852918,20636.102413319368,-1155.0408454664503,-0.09625340378887086,0,206,1,0,0,0,0,2315,5,0
29327.3286170667,33085.697670034344,-3758.3690529676423,-0.31319742108063686,0,703,0,0,0,0,0,469,6,0
186962.56648698097,18538.97494973206,168423.59153724893,14.035299294770743,1,68,9,1,3,1,1,28,48,1
9566.763149841157,9096.536645997701,470.22650384345616,0.03918554198695468,0,308,1,1,0,0,0,1566,4,0
17650.53979367242,16299.276586118096,1351.2632075543224,0.11260526729619354,0,457,0,0,0,0,0,1058,7,0
188911.25930217106,26266.61800848266,162644.64129368842,13.553720107807369,2,30,9,2,1,1,0,135,23,1
133129.16172083843,34378.17753259038,98750.98418824805,8.229248682354005,3,25,6,0,2,0,1,236,17,1
89626.6784429081,33821.50062198855,55805.177820919555,4.65043148507663,3,18,4,3,1,0,0,60,57,1
21992.64579722668,18766.084849632385,3226.5609475942947,0.2688800789661912,0,170,2,0,0,0,0,1159,5,0
31346.02868098862,34365.81379931739,-3019.7851183287676,-0.25164875986073065,0,374,0,0,0,0,0,190,4,0
35681.31712980379,37754.060977618465,-2072.7438478146723,-0.17272865398455603,0,759,0,0,0,0,0,1250,1,0
12068.839197961248,10742.081288546542,1326.7579094147059,0.11056315911789215,0,770,0,0,0,0,0,1891,2,0
30919.2752510258,30589.08434974325,330.190901282549,0.027515908440212417,1,699,0,0,0,0,0,2483,6,0
176781.18485429502,19990.29236475609,156790.89248953894,13.065907707461578,2,33,2,1,1,0,0,211,34,1
26245.74202509432,25674.507648521554,571.2343765727674,0.04760286471439728,0,300,0,0,0,0,0,656,8,0
30003.593348931532,31257.79242828327,-1254.1990793517361,-0.10451658994597801,0,689,2,0,0,0,0,2324,2,0
17830.856774947726,17797.685474246013,33.171300701713335,0.002764275058476111,0,222,1,0,0,0,0,1106,8,0
13104.591030750167,13469.627295899498,-365.0362651493306,-0.030419688762444216,0,696,1,1,0,0,0,1242,3,0
9969.715259211338,10543.428264738717,-573.7130055273792,-0.0478094171272816,0,615,2,0,0,0,0,2424,3,0
28760.435760750097,30560.083718989707,-1799.6479582396096,-0.14997066318663413,0,613,1,0,0,0,0,2206,7,0
24032.83076850744,27209.75386529102,-3176.9230967835792,-0.26474359139863163,0,276,0,1,0,0,0,946,4,0
28670.115859381865,25848.721884046237,2821.393975335628,0.23511616461130233,1,505,0,1,0,0,0,1328,3,0
46278.60290217396,44495.754539546346,1782.8483626276138,0.14857069688563448,0,136,0,0,0,0,0,824,2,0
166912.9463198723,14857.209100589049,152055.73721928327,12.671311434940273,4,54,4,1,2,0,0,161,26,1
26975.97824403535,30775.808131629943,-3799.8298875945948,-0.3166524906328829,0,458,0,0,0,0,0,2174,2,0
23225.077338164916,21285.27310531581,1939.8042328491065,0.16165035273742553,0,323,3,1,0,0,0,2208,5,0
18876.36390904073,21704.053356378434,-2827.6894473377033,-0.23564078727814194,0,432,1,0,0,0,0,255,3,0
182078.71379683624,21512.881133984225,160565.83266285202,13.380486055237668,3,50,1,1,2,0,0,179,32,1
10706.582022440572,12002.804258226757,-1296.2222357861847,-0.10801851964884872,0,470,1,0,0,0,0,946,2,0
16202.31628844634,16520.1336017957,-317.8173133493601,-0.026484776112446675,0,572,0,0,0,0,0,1577,1,0
27494.016532639103,27002.02573822265,491.9907944164552,0.04099923286803793,0,403,0,0,0,0,0,892,2,0
23127.02538147394,23278.385065355506,-151.3596838815647,-0.012613306990130392,0,445,0,0,0,0,0,732,4,0
28093.59172939238,29664.753047054288,-1571.1613176619067,-0.1309301098051589,0,346,0,0,0,0,0,271,3,0
34655.15570338453,38479.30190778506,-3824.146204400531,-0.31867885036671095,0,378,0,0,1,0,0,835,2,0
26255.911714761343,23635.84109075011,2620.070624011234,0.21833921866760284,0,256,0,0,0,0,0,2025,1,0
32553.927234154024,33172.944138596475,-619.016904442451,-0.05158474203687092,1,371,0,0,0,0,0,617,1,0
7154.91126943182,7948.589655944371,-793.6783865125508,-0.06613986554271256,0,411,2,0,0,0,0,1067,5,0
12656.658870476298,12006.738349819223,649.920520657075,0.054160043388089586,0,489,2,0,0,0,0,1705,2,0
35012.18067900667,30911.81652565157,4100.364153355098,0.3416970127795915,0,158,1,0,0,0,0,968,3,0
23382.217650510294,24178.08352357795,-795.8658730676543,-0.0663221560889712,0,636,1,0,0,0,0,1193,1,0
26815.321510209873,25599.478069964636,1215.8434402452367,0.10132028668710306,0,254,2,1,0,0,0,1491,5,0
24832.375128197476,27177.51612272148,-2345.140994524005,-0.19542841621033374,0,310,1,0,0,0,0,2480,7,0
22684.388972478086,23850.16362948768,-1165.774657009595,-0.09714788808413292,0,142,1,0,0,0,0,2321,1,0
35819.89851166524,30516.64993415691,5303.24857750833,0.44193738145902745,0,773,0,1,0,0,0,2039,3,0
40937.19979546253,44485.851970298485,-3548.652174835952,-0.29572101456966265,1,206,0,0,1,0,0,2396,3,0
80953.79006085756,30114.73227603119,50839.057784826364,4.23658814873553,3,44,7,2,3,0,0,287,20,1
34639.78720915377,38153.81174923075,-3514.024540076978,-0.29283537833974815,1,126,1,0,0,0,0,620,3,0
29503.603832552963,33812.27999106888,-4308.676158515915,-0.3590563465429929,0,464,1,0,0,0,0,1866,5,0
33990.69548753441,34962.68878394935,-971.9932964149411,-0.08099944136791176,0,647,0,0,0,0,0,1643,3,0
34937.67898462716,30027.55115129757,4910.127833329585,0.4091773194441321,0,650,0,0,1,0,0,1693,6,0
25759.747086398438,22826.095441270176,2933.6516451282623,0.2444709704273552,0,759,0,0,0,0,0,1438,2,0
15673.568274392152,14852.541739089467,821.0265353026844,0.06841887794189036,0,346,0,0,0,0,0,2040,2,0
137530.6840554285,12267.087920036203,125263.59613539229,10.438633011282691,3,43,4,0,1,0,1,124,25,1
16941.188414796576,18281.059800827898,-1339.871386031322,-0.11165594883594349,0,324,1,1,0,0,0,1579,1,0
37911.85813587167,41860.273414085204,-3948.415278213535,-0.3290346065177946,0,476,0,0,1,0,0,1722,3,0
29220.26178344573,32485.805890030708,-3265.5441065849773,-0.2721286755487481,0,260,4,1,0,0,0,1844,3,0
17176.08718999852,17237.03358451926,-60.94639452073898,-0.005078866210061581,0,220,0,0,0,0,0,1934,2,0
20081.601953471352,19550.625111771064,530.9768417002888,0.04424807014169073,0,324,1,1,0,0,0,1392,1,0
102190.85104143445,17184.337395890543,85006.5136455439,7.083876137128659,1,20,6,3,1,0,1,215,29,1
17368.90190140722,14910.950059628443,2457.951841778775,0.20482932014823124,0,368,0,0,0,0,0,1911,3,0
28820.081746938296,26030.106931249968,2789.974815688329,0.23249790130736073,0,428,0,0,0,0,0,874,4,0
22226.223135019547,25502.82537215104,-3276.602237131494,-0.27305018642762446,0,792,1,0,0,0,0,448,1,0
53219.486863766615,59569.18728653926,-6349.700422772643,-0.5291417018977203,1,719,1,0,0,0,0,471,5,0
12651.463210890704,14533.966971083404,-1882.5037601926997,-0.15687531334939164,0,439,0,0,0,0,0,554,1,0
26149.559477536674,25550.94233943806,598.6171380986125,0.049884761508217704,0,214,1,0,0,0,0,2156,1,0
14847.989016896938,15479.116931172628,-631.1279142756903,-0.052593992856307524,1,618,0,0,0,0,0,1989,1,0
14484.603013603704,12364.654441150102,2119.9485724536025,0.17666238103780021,0,701,0,0,0,0,0,2494,5,0
9303.871272814484,7922.839562167254,1381.0317106472294,0.11508597588726911,0,497,0,0,0,0,0,937,1,0
33019.23909737043,32949.82369970366,69.41539766677306,0.005784616472231089,0,319,2,0,0,0,0,1009,5,0
14825.457295355094,16682.01604177419,-1856.5587464190958,-0.15471322886825797,0,493,0,0,1,0,0,2014,2,0
33959.6762600097,31483.872596875055,2475.803663134644,0.206316971927887,0,725,0,0,0,0,0,2073,2,0
88550.0894663868,15942.641811019395,72607.4476553674,6.050620637947284,1,62,8,2,2,1,0,145,53,1
124188.64758939836,29361.67962027147,94826.96796912688,7.902247330760574,1,54,5,0,3,1,0,157,47,1
114958.42710039877,16178.673724935263,98779.75337546351,8.23164611462196,1,52,3,0,1,0,0,22,25,1
20403.687748021362,19458.47185526676,945.2158927546043,0.0787679910628837,1,300,1,0,0,0,0,2403,5,0
17809.798351022066,17958.918873329967,-149.1205223079014,-0.012426710192325118,0,545,2,0,0,0,0,1636,2,0
19344.738670132137,21206.7856693621,-1862.0469992299622,-0.15517058326916353,0,299,1,0,0,0,0,1495,3,0
25371.077117775265,28707.6148996133,-3336.5377818380366,-0.2780448151531697,0,179,2,0,0,0,0,1445,5,0
30658.121525718874,29377.901154766394,1280.2203709524802,0.10668503091270667,0,544,0,0,0,0,0,1661,1,0
17284.824472107968,16429.480634050862,855.343838057106,0.07127865317142551,0,310,0,0,0,0,0,386,2,0
15410.102187621984,15930.972254606333,-520.8700669843493,-0.04340583891536244,0,152,0,0,0,0,0,1078,1,0
43369.977921807425,44658.23068749962,-1288.2527656921957,-0.1073543971410163,0,389,0,0,0,0,0,2486,4,0
26761.11857496543,24994.784791857142,1766.3337831082863,0.1471944819256905,0,128,1,0,0,0,0,850,10,0
23437.10005230507,22619.53554481569,817.56450748938,0.068130375624115,0,700,1,0,0,0,0,299,6,0
18192.54844554232,20576.35781647674,-2383.8093709344175,-0.19865078091120147,0,505,0,1,0,0,0,2211,4,0
158019.6982838901,31695.041780068,126324.65650382209,10.527054708651841,2,36,3,1,1,0,0,55,16,1
39636.93985337253,39003.40150915934,633.5383442131933,0.05279486201776611,0,513,1,0,0,0,0,1632,1,0
14402.468630423777,13158.637156102872,1243.8314743209048,0.1036526228600754,0,423,1,0,0,0,0,421,1,0
19638.569062473136,17996.125898414353,1642.4431640587827,0.13687026367156524,0,424,0,0,0,0,0,2346,1,0
27791.66026541144,24511.849207865787,3279.811057545652,0.27331758812880436,0,276,0,0,0,0,0,424,1,0
20725.10834150762,22762.414277024534,-2037.3059355169135,-0.16977549462640945,1,375,1,0,0,0,0,524,1,0
26195.32781993864,28885.772305637885,-2690.444485699245,-0.22420370714160376,0,692,0,0,0,0,0,1757,1,0
136925.6896029646,16902.633134287553,120023.05646867704,10.001921372389754,2,49,3,1,1,0,0,88,27,1
21147.62872947668,19832.612739499258,1315.0159899774226,0.10958466583145188,0,550,2,0,0,0,0,486,5,0
8830.879363055148,9291.421982190659,-460.5426191355109,-0.03837855159462591,0,683,2,0,0,0,0,1346,1,0
141486.64027175776,35618.615321312995,105868.02495044476,8.822335412537063,1,23,4,0,2,0,0,130,30,1
9821.326519279603,8568.942427200755,1252.384092078848,0.10436534100657066,0,245,1,0,0,0,0,1080,1,0
43130.85146008943,38707.342437129875,4423.509022959552,0.368625751913296,0,734,0,0,0,0,0,1325,1,0
28796.31010993353,31911.533729276955,-3115.2236193434255,-0.2596019682786188,0,528,1,0,0,0,0,1447,1,0
153221.40022304963,23327.683432272308,129893.71679077731,10.824476399231443,1,57,4,1,2,0,0,118,46,1
51506.437529486815,53583.794258863505,-2077.35672937669,-0.17311306078139083,0,413,1,1,0,0,0,763,1,0
27383.230263727404,24089.49126834034,3293.7389953870625,0.27447824961558853,1,578,1,0,0,0,0,500,3,0
31537.452073794873,33752.393380698675,-2214.941306903802,-0.1845784422419835,0,330,1,0,0,0,0,810,7,0
40086.83400113317,45573.43314988117,-5486.599148748006,-0.4572165957290005,0,490,0,0,0,0,0,1383,3,0
28392.87202999942,28163.18895715839,229.6830728410314,0.01914025607008595,0,756,0,0,0,0,0,1089,1,0
17298.220174690447,18388.74434043761,-1090.5241657471634,-0.09087701381226361,0,611,1,0,0,0,0,894,4,0
145743.46457197564,17725.704930909764,128017.75964106587,10.66814663675549,1,49,3,0,1,1,0,53,28,1
19022.801090754416,16947.710587579768,2075.090503174648,0.17292420859788732,0,668,0,0,0,0,0,1702,1,0
24638.47517648264,21596.996243776513,3041.478932706126,0.2534565777255105,0,540,0,0,1,0,0,1118,3,0
32339.46826241721,31292.977581161907,1046.4906812553018,0.08720755677127515,1,458,1,0,1,0,0,425,8,0
23000.914092052783,25618.997579581515,-2618.083487528733,-0.21817362396072773,0,776,1,0,0,0,0,1413,10,0
53654.62831492926,49383.99138626764,4270.636928661617,0.35588641072180144,0,575,2,0,0,0,0,578,3,0
20505.516853985882,19110.34305525232,1395.1737987335619,0.11626448322779682,0,718,0,0,0,0,0,851,2,0
139947.24140909765,19817.002498533482,120130.23891056416,10.010853242547014,2,34,5,2,2,0,1,103,25,1
15692.599249504085,16957.74347457163,-1265.1442250675464,-0.10542868542229553,0,206,2,0,0,0,0,767,6,0
97499.52892690251,28177.99260604305,69321.53632085945,5.7767946934049546,2,66,6,3,2,1,0,106,24,1
30698.44977415196,27816.38877372945,2882.061000422509,0.2401717500352091,0,500,1,0,0,0,0,387,5,0
17592.77597314279,16919.67784832057,673.0981248222197,0.05609151040185164,0,507,0,0,0,0,0,1633,1,0
33477.954526980524,36787.482992046804,-3309.5284650662798,-0.27579403875552333,0,734,1,0,0,0,0,797,7,0
14858.167822358428,13121.73740347996,1736.4304188784681,0.144702534906539,0,789,0,0,0,0,0,332,1,0
30640.42439912057,35143.348682195705,-4502.9242830751355,-0.3752436902562613,0,611,1,0,0,0,0,852,4,0
158306.04681043193,21186.82792545821,137119.21888497373,11.42660157374781,1,18,5,0,2,0,0,96,48,1
15746.358744101975,13458.321416996318,2288.037327105658,0.19066977725880482,0,770,2,0,0,0,0,1602,1,0
27777.462089920253,26302.842053972767,1474.620035947486,0.12288500299562384,1,341,0,0,0,0,0,1148,1,0
149503.09446814941,11681.947687796745,137821.14678035266,11.485095565029388,2,72,3,2,3,0,1,193,26,1
25479.770676886033,27792.42909363848,-2312.658416752445,-0.19272153472937043,0,469,2,0,0,0,0,1579,3,0
40505.37954491214,45382.87763874863,-4877.49809383649,-0.40645817448637417,0,321,1,0,0,0,0,1842,6,0
189013.73892375882,12692.790478883595,176320.94844487522,14.693412370406268,3,66,4,3,2,0,0,136,17,1
38281.45898187537,40829.965658216905,-2548.506676341538,-0.21237555636179484,0,323,0,0,0,0,0,227,13,0
20071.696393364706,17434.125166264843,2637.571227099863,0.2197976022583219,0,756,0,0,0,0,0,1492,4,0
19827.550855876867,20598.252090968563,-770.7012350916957,-0.06422510292430797,0,235,0,0,0,0,0,2058,1,0
23671.932480464166,25762.299019489663,-2090.3665390254973,-0.17419721158545812,0,571,0,0,0,0,0,2066,1,0
20957.08297478267,21500.06511750796,-542.98214272529,-0.04524851189377417,0,122,2,0,1,0,0,771,3,0
28972.65570273255,31360.49732740171,-2387.8416246691595,-0.1989868020557633,0,760,1,0,0,0,0,2289,2,0
84488.49929212358,23447.433473735706,61041.06581838788,5.086755484865656,2,52,4,2,3,0,1,245,15,1
28536.14216534458,28957.774549903643,-421.6323845590632,-0.0351360320465886,0,745,2,0,0,0,0,958,2,0
19832.820507360982,21084.594641943895,-1251.7741345829127,-0.10431451121524273,1,417,0,0,0,0,0,2467,5,0
11999.153877567192,11964.87856044621,34.275317120982436,0.0028562764267485363,1,425,1,0,0,0,0,2094,2,0
35624.58353144697,39777.617266767214,-4153.033735320241,-0.34608614461002013,0,317,0,0,0,0,0,1690,3,0
18583.632177805357,20402.5482689273,-1818.9160911219442,-0.15157634092682867,0,131,0,0,0,0,0,2472,1,0
25424.128610631575,22579.57477137177,2844.5538392598064,0.23704615327165054,0,683,0,0,0,0,0,1527,4,0
17472.14787961598,18449.04484311333,-976.896963497351,-0.08140808029144592,0,798,2,0,0,0,0,1561,1,0
28579.524217657035,29691.31902591627,-1111.7948082592338,-0.09264956735493615,1,204,0,0,0,0,0,1281,5,0
18480.970861693764,17787.115411738927,693.8554499548372,0.05782128749623644,0,692,0,0,0,0,0,407,2,0
29960.535974336548,30158.71068409939,-198.17470976284312,-0.016514559146903595,0,442,2,0,0,0,0,1895,2,0
14227.345582195234,15941.684043301462,-1714.3384611062284,-0.14286153842551902,0,461,1,0,0,0,0,705,2,0
40062.88642625754,36258.48573332852,3804.400692929019,0.31703339107741824,0,763,0,0,0,0,0,1226,3,0
21874.41632586998,24259.448249825116,-2385.0319239551354,-0.19875266032959463,1,499,0,0,0,0,0,2083,4,0
12174.696001207023,11834.525647953982,340.17035325304096,0.028347529437753413,0,400,0,0,0,0,0,986,4,0
34695.056514888944,34541.56476529934,153.49174958960066,0.01279097913246672,0,525,0,0,0,0,0,1359,3,0
49668.33202423541,52573.41193569895,-2905.0799114635374,-0.24208999262196146,0,752,1,0,0,0,0,1232,1,0
133730.69731567532,9280.316319073092,124450.38099660224,10.370865083050187,3,68,5,2,2,0,0,70,53,1
18885.026947268234,17398.957153292613,1486.069793975621,0.12383914949796841,0,660,0,0,0,0,0,754,2,0
36210.43712782231,38802.95216767533,-2592.515039853017,-0.2160429199877514,0,163,2,0,0,0,0,329,1,0
21101.368998664355,19628.565475196403,1472.803523467952,0.12273362695566266,0,519,4,0,0,0,0,1814,1,0
35759.52446650272,34998.36146785224,761.1629986504777,0.0634302498875398,0,592,0,0,0,0,0,224,2,0
21924.38811830783,21262.047459899924,662.3406584079057,0.055195054867325476,0,452,1,0,0,0,0,313,7,0
35576.02372354766,31901.1214256569,3674.9022978907597,0.30624185815756333,1,459,0,0,0,0,0,1372,2,0
23502.92680124117,20683.585889460024,2819.340911781146,0.23494507598176217,0,594,1,0,0,0,0,1633,1,0
14039.092445374767,16085.873959467974,-2046.781514093207,-0.17056512617443392,0,225,0,0,0,0,0,2088,1,0
31313.121702437256,27142.48756756326,4170.634134873995,0.3475528445728329,0,163,1,0,0,0,0,414,1,0
14398.893896769214,13499.210201852757,899.6836949164572,0.0749736412430381,1,439,1,0,0,0,0,937,12,0
45163.32186284863,46427.05158078354,-1263.7297179349116,-0.1053108098279093,0,248,1,1,0,0,0,1395,4,0
227439.41282213005,20099.62391760371,207339.78890452633,17.278315742043862,4,69,5,2,1,1,0,20,23,1
29623.258472749207,26688.57355258699,2934.684920162217,0.24455707668018475,0,239,0,0,0,0,0,780,1,0
91290.72868626547,11504.79348260778,79785.93520365769,6.648827933638141,1,9,4,1,2,0,1,283,50,1
23102.840475174715,20159.68804787834,2943.152427296376,0.245262702274698,0,551,1,0,0,0,0,1782,1,0
97854.37653004903,30432.214302751087,67422.16222729794,5.618513518941495,1,45,5,0,3,1,0,86,22,1
23653.65723166278,24091.007676651105,-437.35044498832576,-0.03644587041569381,0,206,2,0,0,0,0,2419,3,0
34351.47749493449,36681.60075065254,-2330.1232557180556,-0.19417693797650462,1,565,1,1,0,0,0,1028,6,0
23289.3186694098,21317.638768356872,1971.6799010529285,0.16430665842107736,0,141,0,0,0,0,0,2081,1,0
55297.22213230495,61103.02845273988,-5805.806320434931,-0.48381719336957757,0,502,0,0,0,0,0,2462,2,0
25983.263793238297,22945.989587890854,3037.274205347443,0.2531061837789536,0,172,0,0,0,0,0,1303,6,0
25356.063364395148,22339.466451631713,3016.5969127634344,0.25138307606361954,0,623,0,0,0,0,0,2324,4,0
38048.959435160235,43119.07113690974,-5070.111701749505,-0.42250930847912543,0,521,1,0,0,0,0,1701,3,0
13187.35034976555,11947.30916189403,1240.0411878715186,0.10333676565595988,0,737,0,0,0,0,0,2341,2,0
27157.07678467047,24516.25106279789,2640.8257218725776,0.22006881015604812,0,298,1,0,0,0,0,1439,1,0
123188.69718202576,12921.588533846414,110267.10864817935,9.188925720681612,3,59,5,1,4,0,0,229,17,1
32494.316735225395,32606.503670165144,-112.18693493974934,-0.009348911244979111,0,643,1,0,0,0,0,2194,3,0
25387.053891022766,23032.091865056984,2354.9620259657822,0.19624683549714853,0,754,1,0,1,0,0,649,2,0
33652.85993009379,34850.19801015318,-1197.3380800593877,-0.09977817333828232,0,320,1,0,0,0,0,327,3,0
97270.28876431363,13839.109744920237,83431.1790193934,6.952598251616116,2,50,4,1,1,0,0,196,30,1
164666.3013179209,12321.25631312898,152345.04500479193,12.695420417065995,1,66,7,1,1,0,1,92,43,1
31673.83111121627,29703.20627735479,1970.6248338614787,0.16421873615512322,0,749,0,0,1,0,0,686,2,0
8974.558392480147,7632.193003429689,1342.3653890504575,0.11186378242087146,0,281,1,0,0,0,0,1334,2,0
27795.386348795022,31191.617563716678,-3396.231214921656,-0.283019267910138,0,187,0,1,0,0,0,1058,3,0
17102.369521350367,18828.576133882507,-1726.2066125321398,-0.143850551044345,0,265,1,0,0,0,0,1779,7,0
106082.42405962179,26230.571974654875,79851.85208496691,6.6543210070805765,2,16,6,0,1,0,0,30,18,1
14347.480380498684,12242.558303066102,2104.9220774325822,0.17541017311938184,0,292,0,0,0,0,0,309,6,0
52685.924950966844,46122.72558268194,6563.199368284906,0.5469332806904088,0,460,1,0,0,0,0,1505,3,0
145276.2668995796,36818.24944197433,108458.01745760528,9.038168121467107,1,32,4,1,2,0,1,173,52,1
24578.62670834889,23183.884188152766,1394.7425201961232,0.11622854334967693,0,758,1,0,0,0,0,958,4,0
20347.48172889779,20783.394333458597,-435.91260456080636,-0.0363260503800672,0,498,1,0,0,0,0,1703,4,0
28766.797718845784,30250.78597188495,-1483.988253039166,-0.12366568775326384,0,554,1,0,0,0,0,2283,5,0
23121.071044834327,21225.8568742577,1895.2141705766262,0.15793451421471885,0,430,0,1,0,0,0,2159,4,0
22371.57132018877,21633.566366004517,738.0049541842527,0.06150041284868773,0,385,1,0,0,0,0,601,1,0
15104.758865166565,15337.359537822162,-232.600672655597,-0.019383389387966417,0,274,0,0,0,0,0,289,6,0
118828.15745129446,10313.167240503724,108514.99021079074,9.04291585089923,2,52,6,2,2,0,0,152,15,1
142171.0933850709,12052.680382847415,130118.4130022235,10.843201083518625,2,38,4,3,1,0,0,170,16,1
24541.181377058725,20922.48119901222,3618.7001780465034,0.30155834817054195,0,193,1,0,0,0,0,2179,3,0
33756.39323714668,32761.37499221383,995.0182449328495,0.08291818707773746,0,239,0,0,0,0,0,612,2,0
21447.504185280155,21240.565880845774,206.93830443438128,0.017244858702865108,0,362,2,0,0,0,0,629,2,0
104760.81664221096,30927.636814404126,73833.17982780683,6.1527649856505695,3,40,4,1,2,1,0,117,36,1
21972.993276694113,21553.019232726052,419.97404396806087,0.034997836997338404,0,762,0,0,0,0,0,1242,7,0
34951.11016565033,36756.146482204305,-1805.0363165539748,-0.15041969304616457,0,448,1,0,0,0,0,670,2,0
29582.79733051428,27881.979399042753,1700.8179314715271,0.14173482762262726,0,606,0,0,0,0,0,705,1,0
145839.0861250889,23708.126135544346,122130.95998954457,10.177579999128714,3,37,4,2,1,0,0,257,35,1
22366.157336539538,24246.43712864229,-1880.2797921027523,-0.15668998267522935,0,252,0,0,0,0,0,1152,1,0
8741.035504621592,8495.949929630966,245.0855749906259,0.020423797915885493,0,138,0,0,0,0,0,1398,3,0
25846.943952056605,25597.80458961305,249.139362443555,0.020761613536962917,1,368,0,0,0,0,0,1415,6,0
40061.49034860318,43810.551795557825,-3749.0614469546417,-0.31242178724622016,1,409,0,0,1,0,0,2293,1,0
20897.897958658436,20114.481937510045,783.4160211483904,0.06528466842903254,0,308,0,0,0,0,0,2046,4,0
61576.45062788502,55736.15323118621,5840.297396698807,0.4866914497249005,1,408,0,0,0,0,0,836,4,0
16852.70190514027,16555.864157857763,296.83774728250864,0.024736478940209052,0,413,1,0,0,0,0,482,8,0
17149.64546083253,15488.922052588128,1660.723408244401,0.1383936173537001,0,514,0,0,0,0,0,766,15,0
21932.970506381447,23121.00175083263,-1188.0312444511837,-0.09900260370426531,0,216,1,0,0,0,0,803,2,0
27929.597072388904,23921.47079952164,4008.1262728672627,0.33401052273893855,0,502,5,0,0,0,0,1528,1,0
31679.192241070094,27665.26037618815,4013.9318648819426,0.3344943220734952,0,608,0,0,0,0,0,280,3,0
21188.482597073158,23482.273741602643,-2293.791144529485,-0.19114926204412375,0,438,0,0,0,0,0,2154,2,0
99831.14840866807,16467.474996260928,83363.67341240714,6.9469727843672615,4,11,5,1,2,1,1,24,18,1
16763.106525850126,16641.871603139316,121.23492271080977,0.010102910225900813,0,373,2,0,0,0,0,2396,6,0
12256.501944894248,11104.012745697866,1152.4891991963814,0.09604076659969844,1,227,1,1,0,0,0,333,2,0
22950.0015386834,24721.55068133757,-1771.5491426541703,-0.14762909522118087,0,273,0,0,0,0,0,797,4,0
9627.65124269888,9448.930304092213,178.7209386066661,0.014893411550555508,0,310,0,0,0,0,0,1483,2,0
19121.34579671026,17717.253234248237,1404.0925624620213,0.11700771353850177,0,380,1,0,0,0,0,1707,2,0
130985.56904575674,14744.412041989804,116241.15700376693,9.686763083647245,2,68,7,1,3,1,1,16,56,1
45404.54965202991,43566.36386123058,1838.1857907993326,0.15318214923327772,0,262,0,0,0,0,0,758,1,0
26675.161697214695,28033.37830050477,-1358.216603290075,-0.11318471694083958,0,625,0,0,0,0,0,1123,3,0
22890.26721005568,23653.984937674337,-763.7177276186558,-0.06364314396822131,0,124,1,0,1,0,0,484,3,0
18077.960314639,17157.67104155896,920.2892730800413,0.0766907727566701,0,430,1,0,0,0,0,1640,1,0
37361.382646334365,39961.374397435975,-2599.99175110161,-0.2166659792584675,0,513,1,0,0,0,0,752,2,0
17977.039476881135,20146.117339941564,-2169.077863060429,-0.1807564885883691,0,593,0,0,0,0,0,1940,2,0
50946.77660266711,48362.37780966143,2584.3987930056755,0.2153665660838063,0,703,1,0,0,0,0,2398,4,0
139364.62129571644,37331.30497787066,102033.31631784578,8.502776359820482,1,42,5,3,2,1,1,189,26,1
26332.90353315438,29848.97180730059,-3516.0682741462115,-0.2930056895121843,0,593,0,1,0,0,0,533,2,0
48378.00314259912,54567.97762913166,-6189.974486532541,-0.5158312072110451,0,477,0,0,0,0,0,1630,1,0
29425.388320049922,32738.649521378484,-3313.2612013285616,-0.2761051001107135,0,472,0,0,0,0,0,515,4,0
17331.443666180512,15754.385072144922,1577.0585940355904,0.13142154950296586,0,451,0,0,0,0,0,1110,7,0
19466.46759598557,20638.297333163435,-1171.8297371778644,-0.09765247809815537,0,407,1,0,0,0,0,2419,9,0
21805.020264401148,25011.612833823874,-3206.5925694227262,-0.26721604745189387,0,183,0,0,0,0,0,1066,4,0
31147.052134199974,31607.483508325076,-460.4313741251026,-0.03836928117709188,0,552,1,1,0,0,0,2434,10,0
12386.388456571094,13341.423106131399,-955.0346495603044,-0.07958622079669203,0,638,0,0,0,0,0,1783,2,0
43853.8524119428,39553.43978752183,4300.412624420969,0.35836771870174744,1,438,0,0,0,0,0,2477,7,0
7873.842539703221,8303.27437958524,-429.43183988201963,-0.03578598665683497,0,697,1,0,0,0,0,2251,3,0
13773.931988173646,11933.139195290785,1840.7927928828612,0.1533993994069051,1,172,0,0,0,0,0,2052,2,0
26178.57271167726,26032.14940023327,146.42331144399213,0.012201942620332678,0,473,1,0,0,0,0,1938,1,0
22602.92904346145,20325.329796899558,2277.599246561891,0.18979993721349092,0,356,3,0,0,0,0,2226,1,0
203555.5437376903,18382.59873610799,185172.94500158232,15.43107875013186,1,41,6,1,2,0,0,64,46,1
17355.501019279032,17078.685449358392,276.81556992064,0.02306796416005333,0,762,0,0,0,0,0,2303,6,0
21071.885850084716,17980.817732429823,3091.0681176548933,0.25758900980457444,0,407,0,0,0,0,0,1658,1,0
27360.683222061027,27599.568808216256,-238.88558615522925,-0.019907132179602438,0,272,1,0,0,0,0,1919,4,0
34025.26942282023,36351.12661281327,-2325.8571899930394,-0.19382143249941994,0,458,1,0,1,0,0,2292,6,0
28232.847949395753,28126.994069167486,105.85388022826737,0.008821156685688948,0,335,0,0,0,0,0,1402,4,0
18926.85059617722,21252.159319387236,-2325.308723210015,-0.19377572693416792,0,647,1,0,0,0,0,1467,5,0
31959.834190963367,29895.529026363958,2064.305164599409,0.1720254303832841,0,597,0,1,0,0,0,1148,10,0
15272.861795855164,16464.13199580635,-1191.2701999511864,-0.09927251666259887,0,634,1,0,0,0,0,1548,2,0
109473.62610831637,27972.806985109633,81500.81912320673,6.791734926933894,4,71,3,3,2,0,0,254,19,1
13747.74624033936,15272.972208864168,-1525.2259685248082,-0.127102164043734,0,785,0,0,0,0,0,1149,1,0
27977.12440969342,29343.553070238228,-1366.428660544807,-0.11386905504540058,1,141,0,0,0,0,0,1146,2,0
42938.46726831531,46536.74859389758,-3598.2813255822693,-0.29985677713185577,0,751,1,0,0,0,0,2380,3,0
17419.610585415918,15380.072764506453,2039.5378209094652,0.16996148507578876,1,499,0,0,0,0,0,1319,7,0
8631.788410845993,8763.710261443955,-131.92185059796248,-0.010993487549830207,0,572,1,0,0,0,0,906,4,0
22081.637497506326,25243.12006863108,-3161.482571124754,-0.2634568809270628,0,533,2,1,0,0,0,346,3,0
22584.885523809033,21957.036460062474,627.8490637465584,0.052320755312213196,0,425,1,0,0,0,0,1875,1,0
15612.736752777777,16182.427927779816,-569.691175002039,-0.047474264583503255,1,524,1,0,0,0,0,2194,2,0
16443.272784694578,15932.902673592858,510.3701111017199,0.04253084259180999,0,365,0,0,0,0,0,2214,2,0
26121.601117914655,23501.239288938803,2620.3618289758524,0.2183634857479877,0,593,0,1,0,0,0,2154,5,0
28750.796179270877,32604.47675796079,-3853.680578689913,-0.3211400482241594,0,447,1,0,0,0,0,1156,1,0
16667.827823498206,14372.999824056658,2294.827999441548,0.191235666620129,0,138,2,0,0,0,0,1436,1,0
23353.20314480763,23472.40763582142,-119.20449101378836,-0.009933707584482364,0,351,0,0,0,0,0,642,10,0
39391.12284573652,34832.566876043085,4558.555969693436,0.3798796641411197,0,442,0,0,0,0,0,1649,2,0
154478.95255634142,25077.8689032683,129401.08365307312,10.783423637756092,2,30,3,0,1,0,1,87,53,1
116393.74407057882,26703.96860024134,89689.77547033748,7.474147955861457,3,18,3,3,2,0,0,130,16,1
24277.855835749033,27626.21040506942,-3348.3545693203887,-0.2790295474433657,0,173,0,0,0,0,0,1280,1,0
18076.55483632871,15518.35013641811,2558.2046999105987,0.2131837249925499,0,468,1,0,1,0,0,2251,3,0
24825.931318485436,25471.229361346035,-645.2980428605988,-0.0537748369050499,0,255,3,0,0,0,0,799,3,0
22773.952801970172,21094.959546753988,1678.9932552161845,0.1399161046013487,1,786,0,0,0,0,0,2410,1,0
13300.23481243695,12493.747136867545,806.487675569404,0.06720730629745034,1,527,1,0,0,0,0,974,5,0
18598.655554827303,15948.370086311865,2650.285468515438,0.2208571223762865,0,187,2,0,0,0,0,967,3,0
48455.89490713227,49481.505424588475,-1025.6105174562035,-0.0854675431213503,0,620,2,0,0,0,0,1694,2,0
22904.264454642747,25219.36564067646,-2315.101186033713,-0.19292509883614276,0,521,0,0,0,0,0,1220,5,0
18429.94073761515,17398.648931830543,1031.2918057846073,0.08594098381538394,0,474,1,0,0,0,0,1151,3,0
110643.88728893024,10765.094607381332,99878.79268154892,8.323232723462409,1,36,1,3,1,1,1,228,41,1
8094.5947139381515,7036.39299665966,1058.2017172784917,0.08818347643987431,0,265,1,0,0,0,0,1077,3,0
27073.358327016183,23907.667089135517,3165.6912378806664,0.2638076031567222,0,319,0,0,0,0,0,366,1,0
37859.548144495515,32460.742751183,5398.805393312516,0.4499004494427096,0,698,1,1,0,0,0,2268,1,0
41663.242752973245,39726.537779234044,1936.7049737392008,0.1613920811449334,1,427,1,0,0,0,0,645,2,0
26452.8703577727,24639.213921945582,1813.656435827117,0.15113803631892642,0,761,0,0,0,0,0,1171,5,0
42245.85090827612,36317.02284621917,5928.828062056949,0.49406900517141245,0,376,2,0,0,0,0,993,10,0
13026.27083269241,14979.917689787153,-1953.6468570947436,-0.1628039047578953,0,380,0,0,0,0,0,1037,7,0
11312.872792187929,12301.645672282822,-988.7728800948935,-0.0823977400079078,0,598,0,0,0,0,0,1972,3,0
37191.46761644072,34949.71707592475,2241.750540515968,0.18681254504299735,0,556,2,0,0,0,0,2298,5,0
19552.947911861953,20996.503706181997,-1443.5557943200438,-0.12029631619333699,1,789,0,0,0,0,0,2277,2,0
18328.7094329897,19338.973381572607,-1010.2639485829059,-0.08418866238190882,0,654,0,0,0,0,0,896,2,0
16024.675362687674,13650.239270577764,2374.4360921099105,0.19786967434249256,1,395,0,0,0,0,0,664,1,0
28750.979081651905,28067.512599055877,683.4664825960281,0.05695554021633567,0,344,0,0,0,0,0,1910,1,0
20670.85231652995,18765.476240817523,1905.3760757124255,0.15878133964270214,0,698,0,0,0,0,0,946,5,0
24344.669564964584,27893.83245797115,-3549.162893006567,-0.2957635744172139,0,783,0,0,0,0,0,1701,1,0
12338.405444295728,12981.40286628868,-642.9974219929518,-0.05358311849941265,0,319,1,0,0,0,0,2195,1,0
125004.51991882987,20105.76433463477,104898.75558419511,8.741562965349592,4,42,8,2,4,0,0,208,20,1
20260.926220128204,22308.718974788528,-2047.7927546603241,-0.17064939622169367,0,412,0,0,0,0,0,1758,4,0
12289.291030742042,12151.165335145346,138.12569559669646,0.011510474633058038,0,293,1,0,0,0,0,870,1,0
21166.82723140678,20683.321191660423,483.5060397463567,0.040292169978863056,1,270,0,1,0,0,0,537,6,0
15392.738519544417,17118.273692361603,-1725.5351728171863,-0.14379459773476552,0,272,2,0,0,0,0,491,1,0
16671.090483160948,16164.100757319866,506.98972584108196,0.042249143820090165,0,308,0,0,0,0,0,2117,1,0
20540.549907288394,20698.49799360353,-157.9480863151366,-0.013162340526261383,0,278,1,0,0,0,0,2348,2,0
26880.909791876016,22898.196407770196,3982.7133841058203,0.33189278200881833,0,289,1,0,0,0,0,1476,2,0
19920.520118941833,20007.491663554043,-86.97154461220998,-0.0072476287176841655,1,534,2,0,0,0,0,512,5,0
22806.517119084052,23791.36391432521,-984.8467952411593,-0.08207056627009661,0,149,1,1,0,0,0,1831,2,0
12387.133750303652,11001.22257359798,1385.911176705673,0.11549259805880607,0,593,0,0,0,0,0,2132,1,0
22977.188367088293,22153.979639933063,823.20872715523,0.06860072726293584,0,789,0,0,0,0,0,1518,1,0
58752.691438327194,54010.29802236378,4742.3934159634155,0.3951994513302846,0,394,1,0,0,0,0,1423,3,0
24470.91592709489,26577.544722276867,-2106.628795181976,-0.175552399598498,0,642,0,0,0,0,0,2060,2,0
15424.297959748726,17340.961896623845,-1916.6639368751185,-0.1597219947395932,0,667,2,0,0,0,0,401,2,0
10446.760334494647,11024.078618474521,-577.3182839798737,-0.04810985699832281,0,387,0,0,0,0,0,184,1,0
90196.10343072136,22739.301682358244,67456.80174836311,5.621400145696926,1,73,4,0,1,0,0,122,31,1
27118.75904783263,25701.822286400355,1416.9367614322764,0.1180780634526897,0,171,1,0,0,0,0,600,3,0
17686.923169717997,20184.97639347495,-2498.0532237569532,-0.20817110197974611,0,515,0,0,0,0,0,2267,1,0
27040.147373364096,29451.367947507882,-2411.2205741437865,-0.20093504784531555,0,311,0,0,0,0,0,2166,4,0
27122.131449678607,30046.62347627591,-2924.4920265973014,-0.24370766888310846,0,642,0,0,0,0,0,2183,2,0
31948.62261695374,33975.88636615763,-2027.263749203892,-0.168938645766991,0,221,1,0,0,0,0,1288,4,0
19677.81754993567,19096.00479312641,581.8127568092605,0.04848439640077171,0,494,1,0,0,0,0,956,3,0
27317.855347664343,30574.189863283802,-3256.334515619459,-0.2713612096349549,0,759,0,0,0,0,0,379,1,0
30878.371097602198,33819.317689883006,-2940.9465922808085,-0.2450788826900674,0,126,1,0,0,0,0,660,1,0
26189.23465695255,24701.975704572294,1487.2589523802562,0.12393824603168802,0,360,2,0,0,0,0,475,4,0
218406.53443255107,14767.63961101353,203638.89482153754,16.969907901794794,3,49,3,1,2,1,1,186,48,1
15740.512738432095,14039.45911124147,1701.0536271906258,0.14175446893255214,0,500,1,1,0,0,0,752,5,0
22153.668438794382,19099.789806934426,3053.878631859956,0.25448988598832967,0,768,1,0,0,0,0,1408,1,0
15208.666574855572,13623.861070973435,1584.8055038821367,0.1320671253235114,0,460,1,1,0,0,0,455,1,0
6697.038148057507,6650.417166830627,46.62098122687985,0.003885081768906654,0,452,0,0,0,0,0,1244,2,0
181964.1492357666,9261.247988375053,172702.90124739156,14.39190843728263,1,11,8,2,2,0,0,108,40,1
18496.60314760406,20810.78118026776,-2314.1780326637017,-0.1928481693886418,0,733,1,0,0,0,0,1807,1,0
24777.843403186882,27156.723182613572,-2378.87977942669,-0.19823998161889086,0,126,2,1,0,0,0,754,4,0
34833.016856622184,35245.10212745457,-412.0852708323873,-0.03434043923603228,0,706,0,1,0,0,0,2360,7,0
24236.320997021627,26432.58654161318,-2196.2655445915516,-0.18302212871596263,0,447,1,0,0,0,0,1237,3,0
18726.43607347792,18571.720106117573,154.71596736034553,0.012892997280028793,0,312,1,0,0,0,0,328,2,0
94932.06474536433,14107.300958256368,80824.76378710796,6.735396982258997,2,53,3,3,2,0,0,145,33,1
31133.997290565243,30111.825528608657,1022.1717619565861,0.08518098016304884,0,589,0,0,1,0,0,642,2,0
18283.165262226088,20911.81790656982,-2628.6526443437324,-0.21905438702864435,0,410,1,0,0,0,0,524,7,0
35885.80123126138,32019.66367654166,3866.1375547197204,0.3221781295599767,0,146,0,1,0,0,0,2410,9,0
15316.148401317187,15509.294462072668,-193.1460607554818,-0.016095505062956816,0,393,1,0,0,0,0,2060,2,0
18997.373493557894,20438.981200299662,-1441.6077067417682,-0.12013397556181402,0,211,0,0,0,0,0,180,3,0
51348.6508074569,58139.975319831305,-6791.3245123744055,-0.5659437093645338,0,369,1,0,0,0,0,305,5,0
26926.23979858256,25736.922320307916,1189.3174782746428,0.09910978985622024,0,763,1,0,0,0,0,1572,1,0
12669.894870894566,12228.507231334934,441.3876395596326,0.03678230329663605,0,294,0,0,0,0,0,1914,5,0
17309.949911061056,16202.074594051202,1107.8753170098535,0.09232294308415445,0,421,1,0,0,0,0,668,1,0
16229.743314532627,16363.327499319754,-133.58418478712701,-0.011132015398927251,0,325,0,0,0,0,0,2453,10,0
107127.19136323154,22708.065741601426,84419.12562163011,7.034927135135843,1,30,4,1,2,1,0,62,26,1
23285.539932187974,21924.44188976954,1361.0980424184345,0.11342483686820287,0,336,0,0,0,0,0,2105,3,0
37406.259280223574,39820.14818691252,-2413.888906688946,-0.2011574088907455,0,615,2,0,0,0,0,2292,2,0
21986.253874737587,19899.07400349978,2087.1798712378077,0.17393165593648396,0,730,0,0,0,0,0,1344,2,0
24857.6108919577,24411.24928490489,446.3616070528078,0.03719680058773398,1,654,0,0,0,0,0,467,6,0
94816.61920715185,25762.88317134354,69053.73603580831,5.754478002984026,4,61,6,1,3,0,1,82,43,1
120546.2429366787,22045.268561315977,98500.97437536271,8.208414531280226,1,28,3,1,3,1,1,108,47,1
38903.50151707022,34606.82751324587,4296.674003824344,0.358056166985362,0,511,0,0,0,0,0,709,4,0
19134.33143413037,16662.07781466689,2472.2536194634813,0.20602113495529012,0,768,0,0,0,0,0,1918,2,0
144928.790408009,21040.03588020639,123888.75452780261,10.324062877316884,2,64,1,0,1,0,1,291,34,1
31344.385820912947,26816.070642125105,4528.315178787841,0.3773595982323201,0,396,0,0,0,0,0,1415,8,0
29146.15581450769,27733.85415093928,1412.301663568407,0.11769180529736725,0,688,0,0,0,0,0,267,4,0
190376.27825247755,17634.135015590422,172742.14323688712,14.395178603073926,2,69,6,2,2,1,0,118,53,1
19388.43421503352,18116.583483087405,1271.8507319461169,0.10598756099550974,0,268,2,1,0,0,0,689,3,0
24771.78292916516,22462.341333476343,2309.441595688819,0.19245346630740157,0,538,1,0,0,0,0,274,4,0
37196.25656821308,31816.32188674406,5379.934681469022,0.44832789012241847,0,450,0,0,0,0,0,202,4,0
28152.144089878024,26655.698552578833,1496.4455372991906,0.12470379477493256,0,375,0,0,0,0,0,533,1,0
22321.405340279216,21414.046672222237,907.3586680569788,0.07561322233808157,0,626,2,0,0,0,0,1965,3,0
36842.86722512268,31495.15680544498,5347.7104196777,0.44564253497314166,0,413,0,0,0,0,0,1483,3,0
121528.28380501713,13668.766976393275,107859.51682862385,8.988293069051988,2,63,3,1,2,0,0,249,56,1
24958.691819692838,23779.39357886003,1179.2982408328098,0.09827485340273415,0,343,0,0,0,0,0,2425,6,0
36152.475103906756,33751.53500090189,2400.9401030048684,0.20007834191707238,0,450,0,0,0,0,0,1489,1,0
33657.58925092158,37240.305531401966,-3582.7162804803884,-0.29855969004003236,0,580,0,0,0,0,0,1337,1,0
23553.492081793876,26871.5105632231,-3318.0184814292224,-0.2765015401191019,0,195,1,1,0,0,0,2256,5,0
126561.26374903934,22091.691924973136,104469.5718240662,8.705797652005517,1,27,7,1,4,0,1,157,52,1
23717.26254774633,23726.033618430753,-8.771070684422739,-0.0007309225570352282,0,154,3,0,0,0,0,1455,16,0
201504.61044939279,26905.954628679356,174598.65582071344,14.549887985059453,2,40,7,2,3,0,1,233,38,1
17543.767956711115,19806.833934777715,-2263.065978066599,-0.18858883150554992,0,621,1,0,0,0,0,2216,2,0
21686.175102777222,24216.222689201844,-2530.047586424622,-0.2108372988687185,0,162,1,0,0,0,0,2277,2,0
16223.99125832221,14571.859125056986,1652.1321332652242,0.13767767777210202,0,165,0,0,0,0,0,782,1,0
23586.453858993926,24848.451526702927,-1261.9976677090017,-0.10516647230908348,0,793,0,0,0,0,0,2451,1,0
30253.98273699742,32970.17894737454,-2716.1962103771184,-0.2263496841980932,0,367,2,0,0,0,0,1607,6,0
20317.709595085424,18680.7318300489,1636.977765036525,0.13641481375304373,0,423,0,0,0,0,0,204,1,0
131036.14748063083,31929.121581880056,99107.02589875077,8.258918824895897,1,51,4,2,3,1,1,262,56,1
34102.829286978784,34377.04589681981,-274.21660984102346,-0.02285138415341862,0,653,1,0,0,0,0,897,16,0
20705.046813658904,19524.870653863654,1180.17615979525,0.09834801331627083,0,626,1,0,0,0,0,1153,6,0
13757.535101943,14054.2808733573,-296.7457714143002,-0.024728814284525016,0,562,1,0,0,0,0,1612,3,0
67118.75241064338,25194.048781064266,41924.70362957912,3.4937253024649264,2,70,2,1,1,0,1,267,22,1
37786.69808006587,37263.57815162379,523.11992844208,0.04359332737017333,0,342,3,0,0,0,0,1851,1,0
13027.18135039619,12737.464240053847,289.7171103423425,0.024143092528528542,0,700,0,0,0,0,0,1859,1,0
24186.688168270637,23939.742673578392,246.94549469224512,0.02057879122435376,0,408,1,0,0,0,0,1758,1,0
78495.58552183385,21788.344561073838,56707.24096076001,4.725603413396668,2,12,6,2,1,1,0,15,55,1
19089.80988635066,21010.410961644873,-1920.601075294213,-0.16005008960785108,0,310,0,0,0,0,0,1954,2,0
29243.666968099686,31851.550152894204,-2607.8831847945185,-0.21732359873287654,0,673,1,0,0,0,0,1849,2,0
35720.598736655906,33712.99015042688,2007.6085862290274,0.16730071551908562,0,665,0,0,0,0,0,259,2,0
35095.62282517328,38062.0367432339,-2966.4139180606144,-0.24720115983838453,0,449,0,0,0,0,0,2085,2,0
30164.44867700609,28250.137507447616,1914.311169558474,0.15952593079653948,0,684,0,0,0,0,0,1476,1,0
11025.772483490993,11225.91914405333,-200.14666056233727,-0.016678888380194774,0,588,1,0,0,0,0,1734,4,0
17844.85435067957,16827.814605454172,1017.0397452253965,0.08475331210211637,0,296,1,0,0,0,0,1103,4,0
13654.691399399779,12272.67944919019,1382.0119502095895,0.1151676625174658,1,135,0,0,0,0,0,1902,3,0
33940.84809901157,35206.864065007096,-1266.0159659955243,-0.10550133049962702,0,372,0,0,0,0,0,1844,5,0
12515.462509753102,13497.103733466376,-981.6412237132736,-0.08180343530943947,0,519,0,0,0,0,0,2481,1,0
31394.606135330836,31893.280196320997,-498.6740609901608,-0.04155617174918007,0,287,1,0,0,0,0,1244,2,0
29364.20717787878,27192.45221419357,2171.754963685209,0.18097958030710076,0,237,2,0,0,0,0,1823,8,0
19513.186418913,21515.466383010833,-2002.2799640978337,-0.16685666367481947,0,336,0,0,0,0,0,951,2,0
15498.622326569788,15350.226397365028,148.39592920476025,0.01236632743373002,0,398,0,0,1,0,0,1061,2,0
125160.52161422643,12564.255383062868,112596.26623116355,9.383022185930296,2,49,3,1,2,0,1,212,50,1
33883.68940800414,32958.743331916296,924.9460760878428,0.0770788396739869,0,411,0,0,0,0,0,483,5,0
39418.77118781076,44405.96419587267,-4987.193008061913,-0.41559941733849276,0,777,0,0,0,0,0,365,3,0
17423.858047967493,19880.92186267919,-2457.063814711699,-0.20475531789264156,1,378,0,0,0,0,0,569,3,0
37845.54435167893,33307.837696183495,4537.706655495436,0.37814222129128633,0,153,1,0,0,0,0,422,2,0
102153.88139892276,47342.78673546017,54811.094663462594,4.567591221955216,3,22,2,0,4,0,0,271,42,1
19713.0978275193,17585.7688076386,2127.329019880701,0.17727741832339172,0,765,1,0,0,0,0,598,4,0
28101.03299873935,31736.39135500724,-3635.3583562678905,-0.3029465296889909,0,532,0,0,0,0,0,298,1,0
26000.815135852426,26194.86351978966,-194.04838393723185,-0.016170698661435987,1,208,1,0,0,0,0,440,2,0
44828.683980405316,38363.927793254385,6464.7561871509315,0.5387296822625777,0,777,1,0,0,0,0,408,7,0
11374.097440554884,10993.269388151653,380.8280524032307,0.03173567103360256,0,672,2,0,0,0,0,2020,4,0
28930.67863399421,25721.016705884256,3209.661928109952,0.26747182734249597,1,676,1,0,0,0,0,479,5,0
127902.01083492948,29710.767957070497,98191.24287785898,8.182603573154916,2,12,6,2,1,1,0,82,43,1
111112.8330702368,32225.992467930162,78886.84060230663,6.573903383525553,2,60,3,3,1,0,1,183,16,1
9812.742936815055,9816.394682643227,-3.651745828172352,-0.000304312152347696,0,308,0,0,0,0,0,396,10,0
138334.85600744205,9554.457019316043,128780.398988126,10.731699915677167,3,65,4,2,2,0,1,284,56,1
10450.91291094369,11889.198784284468,-1438.2858733407775,-0.11985715611173145,0,541,1,0,0,0,0,771,1,0
36373.54481367581,35385.96246105506,987.5823526207532,0.08229852938506277,0,691,1,0,0,0,0,1735,3,0
199285.10430758024,29275.267257588468,170009.83704999177,14.167486420832647,3,33,6,0,3,1,0,77,16,1
18798.725291073595,18898.253764279907,-99.5284732063119,-0.008294039433859325,0,742,2,0,0,0,0,1963,1,0
31553.349653117082,29804.79408578419,1748.5555673328927,0.14571296394440772,0,672,0,0,0,0,0,1191,2,0
26084.34749166251,27051.758142148847,-967.4106504863375,-0.0806175542071948,0,692,0,0,0,0,0,314,1,0
29177.923670652403,33484.55902321978,-4306.635352567377,-0.35888627938061474,0,315,0,0,0,0,0,707,1,0
15035.105295071457,14889.930661296934,145.1746337745226,0.012097886147876883,1,518,1,0,0,0,0,1110,8,0
133174.09075924905,17101.902282106115,116072.18847714295,9.672682373095245,3,18,4,2,3,0,1,65,18,1
28398.03377781774,27093.34584487453,1304.6879329432122,0.10872399441193435,0,282,1,1,0,0,0,508,1,0
17619.185446843552,17396.198710098222,222.98673674532984,0.01858222806211082,0,493,1,0,0,0,0,760,3,0
26078.67128600895,24936.46415716138,1142.2071288475709,0.09518392740396424,0,208,0,0,0,0,0,2299,3,0
29338.571773286152,32198.615417032408,-2860.043643746256,-0.23833697031218798,1,262,0,0,0,0,0,909,2,0
26356.454773618032,28727.676253006754,-2371.2214793887215,-0.19760178994906014,0,464,1,0,0,0,0,545,3,0
78964.8716332273,19874.18068772796,59090.690945499344,4.924224245458278,3,55,4,0,2,0,0,194,40,1
32930.33739268334,37031.90645098727,-4101.569058303932,-0.34179742152532766,1,564,0,0,0,0,0,1233,2,0
20599.59473164039,18575.38692554861,2024.207806091781,0.16868398384098177,0,380,1,0,0,0,0,1798,2,0
40096.11099425945,39123.03956252367,973.0714317357779,0.08108928597798148,0,303,1,0,0,0,0,806,5,0
9068.482799366684,10082.257617188865,-1013.7748178221809,-0.08448123481851508,0,153,1,0,0,0,0,2330,3,0
40801.4414640512,39293.855469755705,1507.5859942954921,0.125632166191291,0,478,0,0,0,0,0,2051,3,0
121947.57824086274,19886.168624505226,102061.40961635752,8.505117468029793,3,50,3,1,2,0,0,159,43,1
89748.15482199276,14403.162278811342,75344.99254318142,6.278749378598452,4,62,7,1,2,0,1,67,29,1
16639.853861339765,14783.520285424482,1856.3335759152833,0.15469446465960693,0,301,0,0,0,0,0,476,2,0
65159.06503737616,72129.47773519623,-6970.412697820066,-0.5808677248183388,0,297,0,0,0,0,0,1352,2,0
26851.883439102163,24325.769791900282,2526.1136472018807,0.21050947060015673,0,783,0,0,0,0,0,1951,2,0
23661.705985575794,20932.730677498177,2728.9753080776172,0.2274146090064681,0,382,1,0,0,0,0,2153,6,0
13991.922099142736,14727.856037912585,-735.9339387698492,-0.061327828230820766,0,345,0,0,0,0,0,332,5,0
10805.604526368847,12255.372043672476,-1449.7675173036296,-0.12081395977530246,0,543,0,0,0,0,0,2032,3,0
20484.155945867886,21951.80948712395,-1467.6535412560625,-0.12230446177133854,0,147,0,0,0,0,0,2427,2,0
24340.18856741567,25784.56966567808,-1444.381098262409,-0.12036509152186742,0,285,0,0,0,0,0,419,14,0
22268.992478832308,19357.11184191815,2911.8806369141566,0.2426567197428464,0,739,0,0,0,0,0,336,1,0
22906.10857399691,23113.964510908907,-207.85593691199756,-0.017321328075999797,0,516,0,0,0,0,0,474,2,0
110489.93617658262,18913.287102149527,91576.6490744331,7.631387422869425,2,27,5,3,2,0,0,267,58,1
13162.206257652995,12590.176307684023,572.0299499689718,0.04766916249741431,0,124,1,0,0,0,0,2215,11,0
20444.636731774957,18127.651322742466,2316.9854090324916,0.1930821174193743,0,659,1,1,0,0,0,1135,1,0
21415.858223897714,20311.464746732006,1104.3934771657077,0.09203278976380898,1,381,1,0,0,0,0,2375,4,0
38554.6874366891,33235.48896226868,5319.1984744204165,0.4432665395350347,0,442,0,0,0,0,0,704,1,0
12567.221826527613,13621.489921681909,-1054.2680951542952,-0.08785567459619127,0,580,0,0,0,0,0,2267,18,0
17816.50499495375,15290.936279000116,2525.5687159536337,0.21046405966280282,0,613,0,1,0,0,0,283,3,0
24815.56031637123,26701.950731144665,-1886.3904147734356,-0.15719920123111963,0,270,0,0,1,0,0,350,6,0
14828.514180397093,15868.94637901152,-1040.4321986144278,-0.08670268321786898,0,457,1,0,0,0,0,1999,3,0
33062.93167658111,30428.53425868446,2634.397417896649,0.2195331181580541,0,248,1,1,0,0,0,351,3,0
9529.333405944111,8974.161824420433,555.1715815236785,0.04626429846030654,0,676,0,0,0,0,0,2376,1,0
9089.216010777018,8376.790930997431,712.4250797795867,0.05936875664829889,0,410,0,0,0,0,0,260,1,0
23604.74217825382,20312.501056439218,3292.241121814601,0.2743534268178834,0,666,1,0,0,0,0,669,1,0
29045.49455140913,33117.549492646926,-4072.054941237795,-0.33933791176981626,1,573,2,0,0,0,0,1428,4,0
195887.0708626228,8095.522081544041,187791.54878107875,15.649295731756562,1,66,2,2,4,0,1,45,43,1
133366.61169368267,23248.559616229264,110118.05207745341,9.176504339787783,2,7,5,1,1,1,0,260,38,1
11021.131928107623,12641.601303847268,-1620.4693757396453,-0.13503911464497045,0,442,1,0,0,0,0,363,1,0
105622.93023288628,26068.755759508833,79554.17447337745,6.629514539448121,3,16,4,1,1,1,1,279,15,1
19369.15322797947,21828.121629253004,-2458.9684012735343,-0.20491403343946119,0,391,1,0,0,0,0,1637,1,0
96929.85064011699,26494.08206918572,70435.76857093126,5.869647380910939,2,43,5,2,2,0,0,26,49,1
15376.68411066034,15483.604391345072,-106.92028068473155,-0.008910023390394296,0,486,0,0,1,0,0,1118,8,0
21638.690717300924,18639.02901743215,2999.661699868775,0.24997180832239793,0,571,0,0,0,0,0,2357,5,0
22419.75798132394,21285.720130977214,1134.0378503467255,0.09450315419556045,1,744,1,0,0,0,0,858,1,0
179510.8332188144,17277.01911264156,162233.81410617282,13.519484508847736,1,59,5,1,1,1,0,32,30,1
39378.256016710795,33671.08687250041,5707.169144210384,0.47559742868419863,0,636,0,0,0,0,0,1186,4,0
28869.67035354561,31245.01401403188,-2375.343660486269,-0.19794530504052243,1,784,3,0,0,0,0,1028,3,0
33028.39896139888,32674.3320832644,354.066878134483,0.02950557317787358,0,532,1,1,0,0,0,1345,6,0
21883.339717078597,24424.92767993042,-2541.5879628518232,-0.2117989969043186,0,240,1,0,0,0,0,641,1,0
28370.674200855865,25877.61390037664,2493.0603004792247,0.2077550250399354,0,330,0,0,0,0,0,262,2,0
25215.206191319074,28037.057074074353,-2821.8508827552796,-0.23515424022960663,0,673,0,0,0,0,0,1234,1,0
28556.66829722385,25854.079922569585,2702.588374654264,0.22521569788785534,0,151,1,0,0,0,0,1645,1,0
24573.333811216078,25946.24557878639,-1372.9117675703128,-0.11440931396419274,0,427,1,0,0,0,0,605,2,0
12119.962172019423,12357.019619134557,-237.05744711513398,-0.019754787259594498,0,143,1,0,0,0,0,2056,1,0
33578.839662119266,33151.98510905229,426.8545530669726,0.03557121275558105,0,504,0,0,0,0,0,375,4,0
28824.323252095248,25890.430155449656,2933.893096645592,0.24449109138713265,0,543,0,0,0,0,0,449,5,0
19124.896599463747,21729.798191954298,-2604.9015924905507,-0.2170751327075459,0,385,2,0,0,0,0,1844,3,0
22347.56978888307,23560.894859875298,-1213.3250709922286,-0.10111042258268571,1,677,1,1,0,0,0,1298,2,0
39589.08612118961,36849.80147236691,2739.2846488227005,0.22827372073522503,0,580,0,1,0,0,0,2418,1,0
31984.515585194287,36091.03052320689,-4106.514938012606,-0.34220957816771713,1,399,0,0,0,0,0,201,4,0
33934.437418038826,30570.42834993746,3364.0090681013644,0.28033408900844703,0,384,0,0,1,0,0,1111,2,0
15830.7338441431,14144.279400481964,1686.4544436611359,0.14053787030509465,0,331,0,0,0,0,0,1716,3,0
36405.17115169215,39234.846389735794,-2829.6752380436446,-0.2358062698369704,0,565,0,0,0,0,0,1144,2,0
20646.559172132715,17842.859528916128,2803.699643216587,0.2336416369347156,0,507,2,0,0,0,0,222,7,0
18391.72051251014,19760.672776021645,-1368.9522635115063,-0.11407935529262553,0,735,1,0,0,0,0,873,3,0
84434.14312522789,15725.525793195617,68708.61733203227,5.725718111002689,3,50,4,2,2,0,1,167,37,1
28568.732029900493,24919.12762498427,3649.604404916223,0.30413370040968524,0,572,2,0,0,0,0,2413,1,0
131417.97452082974,17757.61382924587,113660.36069158386,9.471696724298655,3,33,3,1,1,0,1,77,54,1
79891.110309924,17857.36389095553,62033.74641896847,5.1694788682473725,4,27,2,0,2,0,0,215,21,1
111963.46400244834,22026.611922483615,89936.85207996472,7.494737673330394,1,55,3,2,1,0,1,283,48,1
36365.62583146156,35404.463768192014,961.1620632695485,0.08009683860579571,0,348,0,0,0,0,0,1331,6,0
16456.55786465043,14343.039268024408,2113.5185966260215,0.17612654971883512,0,424,1,0,0,0,0,1294,4,0
28072.636908824992,24215.83386074492,3856.8030480800735,0.32140025400667277,0,525,0,1,0,0,0,1566,8,0
12240.21759187586,11456.40570569989,783.8118861759704,0.06531765718133087,0,772,0,0,0,0,0,567,3,0
106412.60364210852,15651.27960566486,90761.32403644365,7.563443669703638,3,26,2,1,2,1,0,60,36,1
21408.478452325497,22116.557315157952,-708.0788628324553,-0.05900657190270461,0,255,0,0,0,0,0,1140,1,0
27927.477858234983,28968.81308299476,-1041.3352247597759,-0.08677793539664799,0,374,1,1,0,0,0,1950,1,0
35579.14618023393,35295.450136684536,283.69604354939656,0.023641336962449713,1,742,1,0,0,0,0,2492,1,0
39042.56195209661,37101.32721472236,1941.234737374245,0.16176956144785376,1,248,0,0,0,0,0,2099,3,0
201692.46885541256,20012.10869112047,181680.3601642921,15.140030013691009,1,34,4,2,2,0,1,127,53,1
24957.908296593054,27774.683001177393,-2816.774704584339,-0.23473122538202823,0,427,0,0,0,0,0,1801,1,0
16889.169742367252,15677.360396400369,1211.8093459668835,0.10098411216390696,0,214,0,0,1,0,0,1014,3,0
22464.635545786205,23156.31889729055,-691.6833515043436,-0.05764027929202863,1,182,0,0,0,0,0,1752,14,0
29308.29088920956,26909.623456552657,2398.667432656901,0.1998889527214084,0,215,0,0,0,0,0,1008,7,0
28832.147758211424,28363.76635382829,468.3814043831335,0.03903178369859446,0,704,0,0,0,0,0,1134,1,0
14550.046339728191,15419.527418084494,-869.4810783563025,-0.07245675652969187,0,752,0,0,0,0,0,1833,1,0
17050.10890592925,19383.889610638886,-2333.7807047096358,-0.19448172539246963,0,602,0,0,0,0,0,275,4,0
39299.84963156019,38869.65163100403,430.19800055615633,0.035849833379679695,0,670,0,0,0,0,0,668,2,0
12655.32581521199,14230.215213210262,-1574.8893979982713,-0.1312407831665226,0,315,0,0,0,0,0,1258,6,0
23931.589334568842,24401.439421433282,-469.8500868644405,-0.03915417390537004,0,319,0,0,0,0,0,1663,8,0
139488.72910170362,18002.2137954509,121486.51530625272,10.123876275521061,3,43,4,0,1,0,0,194,58,1
13077.31183373547,14278.631577892624,-1201.3197441571538,-0.10010997867976282,0,248,0,0,0,0,0,1356,1,0
13317.925119893194,11845.91101854159,1472.014101351604,0.12266784177930033,1,389,2,1,0,0,0,2487,3,0
98869.19146779957,22595.83139043773,76273.36007736184,6.356113339780153,2,73,8,1,2,0,1,37,19,1
18651.425499248337,18120.565306754725,530.860192493612,0.04423834937446766,0,262,2,0,0,0,0,1798,7,0
12986.36121782628,11865.783647699749,1120.5775701265302,0.09338146417721085,0,576,0,0,0,0,0,1989,2,0
149914.53506488982,28704.841355151493,121209.69370973832,10.10080780914486,2,6,5,2,1,0,1,54,20,1
18066.928128407642,15596.973619618346,2469.9545087892966,0.20582954239910806,1,241,0,0,0,0,0,2332,1,0
130223.13237406491,25716.56278808828,104506.56958597663,8.708880798831386,2,29,3,0,3,1,1,192,17,1
15937.860203610033,16175.348675892154,-237.4884722821207,-0.01979070602351006,0,553,2,0,1,0,0,2397,1,0
29596.69965928527,27420.294124134332,2176.405535150938,0.1813671279292448,1,492,0,1,0,0,0,2474,2,0
22285.038192393065,23409.78869700738,-1124.750504614316,-0.09372920871785967,0,335,1,0,0,0,0,511,1,0
24483.183739788663,24720.801312201143,-237.6175724124805,-0.01980146436770671,0,560,0,0,0,0,0,955,2,0
13037.020454775247,14039.561277840521,-1002.5408230652738,-0.08354506858877282,0,742,1,0,0,0,0,615,2,0
16248.858502557106,14367.485872050402,1881.3726305067048,0.1567810525422254,0,767,0,0,0,0,0,745,1,0
129108.92816369097,15921.12180106746,113187.80636262351,9.432317196885293,3,48,3,0,2,1,0,177,34,1
32359.7017977924,36129.35867164939,-3769.6568738569877,-0.31413807282141565,0,479,0,0,0,0,0,1599,2,0
22401.245223824426,19304.789931353986,3096.4552924704403,0.25803794103920336,1,268,1,0,0,0,0,373,1,0
22202.523182371668,22380.29451545715,-177.77133308548218,-0.014814277757123516,1,437,1,0,0,0,0,383,3,0
21504.199743672143,18396.94176781898,3107.2579758531647,0.25893816465443037,0,552,2,1,0,0,0,1863,3,0
29071.7893661768,29439.575792397303,-367.7864262205039,-0.03064886885170866,0,410,1,0,0,0,0,2375,1,0
25410.660766950346,23200.336701242883,2210.324065707464,0.18419367214228866,0,332,0,0,0,0,0,1505,4,0
26028.90513683783,28473.958498582946,-2445.0533617451147,-0.2037544468120929,0,253,2,0,0,0,0,2033,2,0
19843.541960284456,20262.554816392938,-419.0128561084821,-0.034917738009040175,0,625,2,0,0,0,0,1466,5,0
34815.00928967812,33977.76522858414,837.2440610939811,0.06977033842449842,0,608,0,0,0,0,0,748,3,0
15339.890975520166,15852.707688277316,-512.8167127571505,-0.042734726063095876,0,147,1,1,0,0,0,1165,3,0
40248.12883368585,39017.05739444624,1231.0714392396112,0.10258928660330094,0,275,1,0,1,0,0,1555,3,0
18922.456687936166,21109.300318538233,-2186.8436306020667,-0.18223696921683888,0,582,1,1,0,0,0,449,2,0
30794.233433096062,28500.04242601119,2294.1910070848717,0.1911825839237393,0,128,1,0,0,0,0,2449,1,0
117747.76395410605,29412.142396360945,88335.62155774511,7.361301796478759,2,63,3,3,3,1,1,156,18,1
20782.93125420347,21452.285355458826,-669.3541012553542,-0.055779508437946185,0,632,1,0,0,0,0,2408,1,0
9144.929328987795,9410.330348034466,-265.4010190466706,-0.022116751587222552,0,210,1,0,0,0,0,350,2,0
38872.19585163489,38126.42368537973,745.772166255163,0.062147680521263585,0,200,1,0,0,0,0,1233,2,0
134831.16698527505,11171.52371553574,123659.6432697393,10.304970272478275,1,57,6,0,1,0,1,19,27,1
142271.47986128932,21631.889511302998,120639.59034998632,10.053299195832194,2,31,4,1,1,0,1,259,30,1
12890.973387254315,13942.459713999007,-1051.4863267446926,-0.08762386056205772,0,248,0,0,0,0,0,323,6,0
31491.192025131008,33798.1055029408,-2306.913477809794,-0.19224278981748286,0,372,0,0,0,0,0,869,1,0
30862.508244905854,34026.14774793892,-3163.6395030330677,-0.26363662525275566,0,472,0,0,0,0,0,908,6,0
10371.126334546236,10003.545486259929,367.5808482863067,0.030631737357192226,0,636,0,0,0,0,0,1297,7,0
30839.043911362398,31665.576959538444,-826.5330481760466,-0.06887775401467054,0,733,0,0,0,0,0,1653,1,0
23712.712090226258,22934.750090126145,777.9620001001131,0.06483016667500942,0,527,1,0,1,0,0,1598,1,0
237860.61146782537,17536.724600191534,220323.88686763385,18.360323905636154,2,5,6,3,1,0,0,176,48,1
130237.32005047027,13428.696974609311,116808.62307586096,9.734051922988414,1,14,5,1,1,1,0,53,59,1
18462.296490095203,18905.632845105647,-443.3363550104441,-0.036944696250870344,0,784,0,0,0,0,0,1180,2,0
132713.4648243541,26461.70995573511,106251.754868619,8.854312905718249,2,8,6,2,2,0,1,143,15,1
141029.8831836721,25389.084130501535,115640.79905317056,9.63673325443088,2,69,3,0,1,1,0,169,42,1
119479.2109613789,11532.39577034529,107946.81519103362,8.995567932586134,1,35,2,3,1,0,1,38,46,1
21617.57928894705,19024.95008109614,2592.6292078509105,0.21605243398757587,1,474,0,0,1,0,0,1832,3,0
137434.20225443115,23253.946403724753,114180.2558507064,9.515021320892199,4,10,2,2,1,0,0,248,38,1
105257.63433296206,19382.884896353906,85874.74943660815,7.156229119717346,3,14,3,1,1,1,1,114,55,1
23367.29712598856,22045.215027432412,1322.0820985561477,0.1101735082130123,0,662,1,0,0,0,0,311,1,0
116673.30609740704,35531.115190023556,81142.19090738348,6.761849242281957,1,17,5,0,3,1,0,75,54,1
32714.144374498257,32002.551592614156,711.592781884101,0.05929939849034175,0,690,1,0,0,0,0,2026,1,0
18687.581558651054,20534.289602772624,-1846.7080441215694,-0.15389233701013078,0,391,1,0,0,0,0,938,4,0
19447.384849612394,18177.429880931755,1269.9549686806386,0.10582958072338655,0,501,1,0,0,0,0,2128,1,0
25424.963043923486,24911.194311511663,513.7687324118233,0.04281406103431861,0,361,0,1,0,0,0,2037,2,0
13449.64247050807,12110.471857909994,1339.1706125980763,0.11159755104983969,0,348,1,1,0,0,0,1367,10,0
17453.842812518582,19233.39948045332,-1779.5566679347394,-0.14829638899456163,1,612,1,0,0,0,0,1072,2,0
18749.15089626118,19250.88327456082,-501.7323782996391,-0.04181103152496993,0,593,0,0,1,0,0,1700,11,0
23213.913301309953,23131.87086905513,82.04243225482423,0.006836869354568686,0,321,1,0,0,0,0,635,2,0
23996.950901291722,23594.84025022884,402.1106510628815,0.03350922092190679,1,201,1,0,0,0,0,671,4,0
84729.73005630865,29087.389002663942,55642.341053644705,4.636861754470392,2,5,5,1,2,0,0,221,19,1
21449.856724478774,23684.134853027437,-2234.2781285486635,-0.18618984404572195,1,668,1,0,1,0,0,1852,3,0
29634.711527449363,32954.12021860215,-3319.4086911527847,-0.27661739092939874,0,744,0,0,0,0,0,2376,1,0
25730.54640843249,29269.908696325332,-3539.3622878928436,-0.2949468573244036,0,650,1,0,0,0,0,229,2,0
34722.74287580696,33425.81969273156,1296.9231830753997,0.10807693192294998,0,692,1,0,0,0,0,1976,2,0
29632.92287786607,26574.14962777671,3058.773250089358,0.25489777084077986,1,745,1,0,1,0,0,1415,2,0
25247.68198678711,28915.53721875151,-3667.8552319644004,-0.30565460266370004,0,345,0,0,0,0,0,592,4,0
26021.918768203217,23599.509971998777,2422.4087962044396,0.2018673996837033,0,536,2,1,1,0,0,1374,1,0
25852.03681330248,27470.015494918953,-1617.9786816164742,-0.13483155680137285,0,795,0,0,0,0,0,2179,1,0
27310.118652933754,25336.401674517987,1973.7169784157668,0.16447641486798056,0,163,0,0,0,0,0,1712,3,0
28124.925502090526,24972.905142850606,3152.0203592399193,0.26266836326999327,1,191,0,0,0,0,0,2291,3,0
26519.47657772588,24989.961920313264,1529.5146574126156,0.12745955478438464,0,358,0,0,0,0,0,646,1,0
23341.62668754985,26371.112833790536,-3029.4861462406843,-0.25245717885339036,0,540,0,0,0,0,0,543,4,0
141471.97346745044,19361.17999437902,122110.79347307142,10.175899456089285,2,19,2,0,3,0,0,283,46,1
43399.812822926884,39373.37258182689,4026.4402410999974,0.3355366867583331,0,732,2,0,0,0,0,2169,7,0
36328.1378686856,40361.710503688904,-4033.5726350033074,-0.3361310529169423,1,460,0,1,0,0,0,1192,4,0
27266.511020980342,24611.74783140149,2654.763189578851,0.22123026579823757,0,779,0,0,0,0,0,377,2,0
141581.03485853964,19788.783355969892,121792.25150256975,10.149354291880812,3,47,5,2,4,0,1,170,32,1
29415.14739558785,25602.29307902084,3812.854316567009,0.31773785971391744,0,638,1,0,0,0,0,1763,1,0
14812.10180380706,14538.289276424726,273.8125273823334,0.022817710615194452,0,597,2,0,0,0,0,1511,4,0
16829.03141467814,19282.510750614543,-2453.479335936405,-0.20445661132803372,1,443,1,0,0,0,0,1990,3,0
15786.287252389491,15347.016842152721,439.27041023676975,0.036605867519730814,0,571,1,1,0,0,0,2265,6,0
10188.147325471626,10290.851190640838,-102.7038651692128,-0.008558655430767734,0,722,2,0,0,0,0,195,1,0
18048.238631463864,20149.637932587833,-2101.399301123969,-0.17511660842699742,1,662,1,0,0,0,0,403,1,0
38483.99374454924,43792.87278173415,-5308.87903718491,-0.4424065864320758,0,261,1,0,0,0,0,1909,4,0
23382.179381732163,20889.556534624546,2492.6228471076174,0.20771857059230145,0,208,1,0,0,0,0,1394,3,0
15332.15047143596,16496.84243467622,-1164.6919632402587,-0.0970576636033549,0,632,0,0,0,0,0,1885,5,0
38342.785682815214,43926.6921602089,-5583.906477393684,-0.46532553978280705,0,380,1,0,0,0,0,1917,5,0
91935.25601725985,15857.911681382348,76077.3443358775,6.3397786946564585,3,34,5,1,3,1,1,37,57,1
17621.164915601927,16284.485389386173,1336.6795262157539,0.11138996051797949,0,168,0,0,1,0,0,1781,4,0
101345.85481541124,32556.39179510029,68789.46302031094,5.732455251692579,1,42,5,0,2,1,0,51,59,1
35226.395357383604,35197.28581622495,29.10954115865752,0.0024257950965547934,0,680,0,0,0,0,0,994,2,0
19412.120234962407,18968.940085718987,443.1801492434206,0.03693167910361839,0,462,1,0,0,0,0,2308,2,0
30056.244131922456,29097.535759701692,958.7083722207644,0.07989236435173037,0,528,0,0,0,0,0,1786,5,0
35786.945461031624,36382.894495762645,-595.9490347310202,-0.04966241956091835,1,495,0,0,0,0,0,790,6,0
10098.079916034734,9514.386199976763,583.693716057971,0.04864114300483091,0,656,0,0,0,0,0,1532,2,0
17218.305337850114,17778.82493180815,-560.5195939580371,-0.04670996616316976,0,631,0,0,0,0,0,208,4,0
20058.335793768776,19252.083289704744,806.2525040640321,0.06718770867200267,1,516,1,1,0,0,0,2461,2,0
95813.527774044,33429.48890149909,62384.038872544916,5.19866990604541,3,15,4,2,1,0,1,289,45,1
119818.48725961012,29234.757425633146,90583.72983397698,7.5486441528314145,1,69,6,1,4,0,0,113,31,1
24010.791743633195,27125.834843637334,-3115.043100004139,-0.2595869250003449,0,443,0,0,0,0,0,1470,5,0
15577.612989553523,17904.369579013444,-2326.756589459921,-0.19389638245499344,0,797,0,0,0,0,0,192,7,0
23174.36975438608,20343.702200769738,2830.667553616342,0.23588896280136185,0,624,0,0,0,0,0,1435,2,0
16292.784940698251,16488.619565484325,-195.83462478607362,-0.016319552065506136,0,291,0,0,0,0,0,2495,3,0
18076.785551620014,17792.305223621952,284.4803279980624,0.023706693999838536,0,433,0,1,0,0,0,1270,1,0
217388.8466150798,40674.149638919596,176714.6969761602,14.72622474801335,2,74,3,1,2,1,0,61,33,1
37992.13237029472,42276.34239497779,-4284.210024683074,-0.35701750205692284,0,754,1,0,0,0,0,1583,1,0
26979.769364741347,27823.476748977773,-843.7073842364262,-0.07030894868636885,0,622,0,0,0,0,0,1860,3,0
11319.055480379417,10700.30635951743,618.7491208619867,0.051562426738498895,0,658,1,0,0,0,0,643,4,0
37837.14097514902,40797.87111121081,-2960.7301360617857,-0.24672751133848214,0,150,1,0,0,0,0,425,4,0
14817.988256578123,13244.721100181265,1573.267156396858,0.13110559636640481,0,528,2,0,0,0,0,1223,7,0
40126.22460084499,43772.85385682975,-3646.6292559847643,-0.3038857713320637,1,554,0,0,0,0,0,917,6,0
128591.29752005516,26019.65159220239,102571.64592785278,8.547637160654398,4,41,4,1,2,0,0,197,41,1
189510.71016493233,14549.55632416502,174961.1538407673,14.580096153397276,1,43,4,1,2,0,1,28,42,1
29433.379742512076,32080.87799622432,-2647.498253712245,-0.22062485447602043,0,670,0,0,0,0,0,1168,5,0
141584.2334037309,15637.493608597051,125946.73979513385,10.495561649594487,2,39,6,1,2,0,1,126,42,1
45303.50808206566,42433.47779356623,2870.0302884994308,0.2391691907082859,0,643,1,1,0,0,0,2155,1,0
16799.607709202497,17904.20840658829,-1104.6006973857911,-0.0920500581154826,0,392,1,0,0,0,0,1252,2,0
43556.41397626707,49845.89426846163,-6289.480292194559,-0.52412335768288,0,463,0,0,0,0,0,2201,4,0
15236.685610689041,13913.206759742066,1323.4788509469745,0.1102899042455812,0,433,0,0,0,0,0,982,2,0
23480.331491425106,22970.99315248547,509.33833893963674,0.04244486157830306,0,653,0,0,0,0,0,1662,1,0
26114.523867894466,22469.52766738344,3644.9962005110247,0.30374968337591873,0,540,0,0,0,0,0,1458,5,0
19602.071545411487,18699.367119156963,902.7044262545242,0.07522536885454367,0,148,2,0,0,0,0,1788,1,0
26823.73877509896,24971.560577993067,1852.1781971058917,0.15434818309215764,0,701,2,0,0,0,0,331,4,0
20417.24846627664,18050.20259717334,2367.045869103302,0.19725382242527514,0,124,1,1,0,0,0,1047,1,0
20575.534379073673,22770.70325534721,-2195.1688762735357,-0.1829307396894613,1,272,0,0,0,0,0,1164,3,0
29393.06643776372,30501.18957456898,-1108.1231368052613,-0.09234359473377178,0,356,2,0,0,0,0,1201,5,0
21881.863948389488,25134.735813956297,-3252.871865566809,-0.27107265546390075,0,612,1,0,0,0,0,2497,2,0
17349.49113725381,15710.823260979021,1638.6678762747906,0.13655565635623254,0,286,1,0,0,0,0,1942,2,0
19177.814578579357,21766.56069988214,-2588.746121302782,-0.2157288434418985,0,668,3,0,0,0,0,1984,4,0
25120.471641120257,27739.769123629954,-2619.297482509697,-0.21827479020914142,0,547,1,0,0,0,0,288,1,0
22287.103797678723,21161.76274834379,1125.341049334933,0.09377842077791107,0,795,0,0,0,0,0,898,3,0
15672.970067902626,17357.921185750678,-1684.9511178480516,-0.1404125931540043,0,483,1,0,0,0,0,625,1,0
32096.827720869827,35367.135503393765,-3270.307782523938,-0.2725256485436615,0,429,0,0,0,0,0,2438,2,0
42944.15072527851,39151.703073732206,3792.447651546303,0.31603730429552523,0,183,1,0,0,0,0,1540,4,0
29549.75096400342,26209.940181741626,3339.810782261793,0.2783175651884828,0,432,0,0,0,0,0,1643,6,0
101273.21621039299,18479.232343984873,82793.98386640812,6.89949865553401,2,29,5,2,4,1,0,17,48,1
15941.953617392075,15227.67095623069,714.2826611613855,0.05952355509678212,0,500,2,0,0,0,0,2105,2,0
39736.50664280735,34552.5285415283,5183.978101279048,0.43199817510658733,0,155,1,0,0,0,0,1967,1,0
24421.092514503587,24581.00774574281,-159.9152312392216,-0.013326269269935135,1,496,1,0,0,0,0,2299,3,0
43842.64585439825,42746.62464508038,1096.0212093178707,0.09133510077648922,0,380,1,0,0,0,0,771,3,0
25022.671750264533,22727.339040584277,2295.332709680257,0.19127772580668806,0,282,0,0,0,0,0,387,1,0
27382.505409015364,30280.15016340429,-2897.6447543889262,-0.24147039619907718,1,486,1,1,0,0,0,1555,2,0
36270.466476461566,31844.17027726148,4426.2961992000855,0.3688580166000071,0,713,3,0,0,0,0,341,7,0
18759.6497756062,20789.642916758214,-2029.993141152012,-0.169166095096001,0,492,0,0,0,0,0,1862,1,0
160023.6856344054,22160.167236621,137863.5183977844,11.4886265331487,3,24,7,1,2,1,0,179,14,1
13421.810768700638,12503.309235498542,918.5015332020957,0.07654179443350798,0,483,1,0,0,0,0,1474,1,0
30441.762621637678,26323.481392130292,4118.281229507385,0.34319010245894876,0,201,0,0,0,0,0,425,1,0
29793.976427474667,30394.306100205024,-600.3296727303568,-0.050027472727529734,0,332,0,0,0,0,0,923,1,0
22652.895577085677,23988.548962378307,-1335.6533852926295,-0.11130444877438579,0,722,1,0,0,0,0,348,2,0
16213.543823004244,17094.60902957675,-881.0652065725062,-0.07342210054770885,1,482,0,0,0,0,0,472,8,0
16810.579626248036,17411.76592098613,-601.1862947380941,-0.05009885789484118,0,743,0,0,0,0,0,530,4,0
22061.890061509144,24736.874490197177,-2674.9844286880325,-0.22291536905733605,0,377,0,0,0,0,0,1302,3,0
41256.603312197585,47423.668960405405,-6167.065648207819,-0.5139221373506516,0,426,1,0,0,0,0,1350,2,0
29354.635834650595,32840.5106701405,-3485.874835489907,-0.29048956962415895,0,618,0,0,0,0,0,697,1,0
16513.00369371989,15407.642300460235,1105.3613932596545,0.09211344943830455,0,156,0,0,0,0,0,2255,1,0
20716.973058939737,17712.2212977032,3004.7517612365373,0.25039598010304476,0,595,1,0,1,0,0,2392,7,0
15071.678325751782,13611.553369677422,1460.12495607436,0.12167707967286333,0,566,0,0,0,0,0,790,1,0
26667.607592742366,29316.779187972534,-2649.1715952301674,-0.22076429960251395,0,511,1,1,0,0,0,1916,1,0
18630.933136598866,16638.78780253901,1992.1453340598564,0.1660121111716547,0,398,0,0,0,0,0,2214,1,0
24963.84571645734,25461.05602850908,-497.2103120517386,-0.04143419267097821,0,130,0,0,0,0,0,2407,9,0
17099.80984614989,15609.150082817509,1490.65976333238,0.124221646944365,0,185,0,0,1,0,0,1189,12,0
106613.02868419013,18449.8507909428,88163.17789324732,7.346931491103944,2,14,4,2,1,0,1,147,14,1
14200.751906491838,15256.828826181476,-1056.076919689638,-0.0880064099741365,0,605,1,0,0,0,0,506,1,0
17172.484284673395,18708.647095402674,-1536.1628107292781,-0.12801356756077317,0,260,2,0,0,0,0,2427,2,0
18961.985217553494,17671.13736217474,1290.8478553787536,0.10757065461489614,0,514,4,0,0,0,0,291,5,0
20221.739624882663,22045.479616400702,-1823.7399915180395,-0.1519783326265033,0,430,1,0,0,0,0,223,7,0
17365.66591758439,14913.42743833019,2452.238479254198,0.2043532066045165,0,566,0,0,1,0,0,1553,1,0
31194.80887149825,31588.766639077898,-393.9577675796463,-0.032829813964970526,0,524,0,0,0,0,0,2270,2,0
90859.01052568544,20673.221360017465,70185.78916566799,5.848815763805666,2,46,3,1,2,1,0,189,35,1
11073.17787503469,11105.97902958336,-32.80115454867155,-0.002733429545722629,0,523,1,0,1,0,0,1666,1,0
11820.463224051506,13305.77365782806,-1485.3104337765544,-0.12377586948137953,0,581,0,0,0,0,0,2171,9,0
157853.56373713806,25439.511921343772,132414.0518157943,11.034504317982858,2,31,6,2,3,0,0,65,31,1
32274.0489717187,28795.64908672004,3478.39988499866,0.2898666570832217,0,773,0,0,1,0,0,228,1,0
25799.579403327276,24577.414672199786,1222.16473112749,0.10184706092729084,0,667,1,0,0,0,0,2291,3,0
17525.25129693646,18333.890888841495,-808.6395919050337,-0.06738663265875282,0,404,1,0,0,0,0,1745,3,0
132195.72679003724,24635.945779373775,107559.78101066346,8.963315084221955,1,29,7,2,3,1,0,282,30,1
18623.92033138861,19477.020882637105,-853.1005512484953,-0.07109171260404128,1,198,3,0,0,0,0,1781,8,0
36980.51777974566,34842.603524041144,2137.9142557045197,0.17815952130871,0,519,0,0,0,0,0,1888,9,0
23476.603123348184,20816.38978693157,2660.2133364166148,0.22168444470138457,0,564,0,0,0,0,0,976,6,0
21910.68989371996,20964.737534460815,945.9523592591431,0.07882936327159526,1,364,1,0,0,0,0,1315,2,0
10071.07447023764,9376.17782805814,694.8966421794994,0.057908053514958285,0,751,0,0,0,0,0,1116,8,0
165461.56876204928,22495.820313384957,142965.74844866432,11.913812370722027,2,74,5,3,2,0,0,201,26,1
108710.43167861039,20067.565621487338,88642.86605712306,7.3869055047602545,1,49,2,3,1,0,0,278,16,1
11201.140318631431,12572.677195539627,-1371.536876908196,-0.11429473974234967,0,362,0,0,0,0,0,1864,2,0
19247.72455306566,22042.598963164826,-2794.874410099168,-0.23290620084159733,0,787,2,0,0,0,0,608,1,0
33548.490115230794,34449.321264111546,-900.8311488807522,-0.07506926240672934,0,409,2,0,0,0,0,448,1,0
39186.1211444473,36653.45363473935,2532.6675097079496,0.2110556258089958,0,522,2,1,0,0,0,853,2,0
34903.138890658345,37957.856995660484,-3054.718105002139,-0.25455984208351157,0,493,3,0,0,0,0,956,2,0
122671.40130067381,14691.14975884414,107980.25154182967,8.998354295152472,1,61,5,1,2,1,0,71,57,1
43994.401173804064,46702.55105028406,-2708.149876479998,-0.22567915637333316,0,782,1,0,1,0,0,1548,2,0
34762.245174518815,33919.608427312596,842.6367472062193,0.0702197289338516,1,594,0,0,0,0,0,998,2,0
108282.8167874542,20352.57340225325,87930.24338520094,7.327520282100078,3,67,3,3,3,1,0,275,45,1
100233.88874718623,10926.900776489765,89306.98797069646,7.442248997558038,3,68,3,2,1,0,0,193,52,1
18771.714033249933,18854.876710199802,-83.16267694986891,-0.006930223079155743,0,246,1,0,0,0,0,1283,4,0
41462.72384940044,42602.975547561044,-1140.2516981606022,-0.09502097484671686,0,614,1,0,0,0,0,1451,1,0
22087.368558065664,21033.24718755122,1054.1213705144437,0.08784344754287031,0,244,0,0,0,0,0,1897,1,0
40593.865949896346,42983.99391205954,-2390.127962163191,-0.19917733018026593,0,389,0,1,0,0,0,1320,6,0
28765.55861103762,29088.16874427625,-322.6101332386279,-0.026884177769885657,0,243,0,0,0,0,0,1792,6,0
25785.449119334073,27348.323254315146,-1562.8741349810734,-0.13023951124842278,0,419,1,0,0,0,0,1621,1,0
50314.17748599544,48282.583540491665,2031.5939455037733,0.16929949545864778,0,445,0,0,0,0,0,279,3,0
26002.88118880545,28345.67467996294,-2342.7934911574885,-0.1952327909297907,0,387,2,0,0,0,0,1349,3,0
9631.859181012162,9469.803240965586,162.05594004657542,0.013504661670547952,0,627,0,0,0,0,0,746,4,0
205100.8534338115,21864.931345031848,183235.92208877965,15.26966017406497,1,5,4,1,3,0,1,123,31,1
22274.75438188148,24172.005537301076,-1897.2511554195953,-0.15810426295163293,0,203,0,0,0,0,0,1997,5,0
11864.910540684297,11441.956145620787,422.9543950635107,0.03524619958862589,1,720,0,0,0,0,0,1137,1,0
15592.052284806643,13600.935696519338,1991.1165882873047,0.1659263823572754,1,524,1,0,0,0,0,1875,1,0
31747.72285063959,31346.931665518427,400.79118512116474,0.033399265426763726,0,162,2,0,0,0,0,713,2,0
15800.693108566018,17485.060252153708,-1684.3671435876895,-0.14036392863230746,0,139,3,0,0,0,0,698,3,0
37811.7513213479,36684.0841714323,1127.6671499156,0.09397226249296667,0,699,1,0,0,0,0,1847,1,0
28333.4117443331,25824.385400899526,2509.0263434335757,0.20908552861946464,0,209,1,0,0,0,0,772,3,0
31155.49158640073,32438.831395768688,-1283.339809367957,-0.10694498411399642,0,555,4,0,0,0,0,782,7,0
20694.41177862119,19907.912834620038,786.4989440011523,0.06554157866676269,0,592,1,0,0,0,0,2008,4,0
17988.133025337833,19320.533764431028,-1332.4007390931947,-0.1110333949244329,1,507,0,0,0,0,0,1026,5,0
21809.95554495311,24351.013942104062,-2541.0583971509514,-0.21175486642924596,0,726,0,0,0,0,0,896,5,0
148810.84648014203,21775.27374067002,127035.57273947202,10.586297728289335,1,70,3,0,1,0,1,137,33,1
13541.37315256199,13522.97677626294,18.396376299049734,0.0015330313582541445,1,178,1,0,0,0,0,2048,6,0
17626.560591260743,19350.298982681423,-1723.7383914206803,-0.14364486595172335,0,271,1,0,0,0,0,1901,1,0
33798.82456314241,29879.450354435594,3919.374208706813,0.3266145173922344,1,595,0,0,0,0,0,181,1,0
9380.602362978338,9608.849992177953,-228.2476291996154,-0.019020635766634618,0,454,1,1,0,0,0,2238,1,0
17630.637624513904,19111.41126617712,-1480.7736416632179,-0.12339780347193482,0,417,0,0,0,0,0,1637,3,0
87408.59597912389,25353.97501042741,62054.62096869647,5.171218414058039,3,29,6,2,1,0,1,108,38,1
40198.554754338424,36592.43123959531,3606.1235147431144,0.30051029289525955,0,392,0,0,0,0,0,1314,5,0
19840.154253517638,22325.92633230029,-2485.772078782651,-0.2071476732318876,0,491,0,0,0,0,0,2165,2,0
20349.73163589285,19185.333496535284,1164.3981393575668,0.09703317827979724,0,648,0,0,0,0,0,1233,1,0
19505.85668476358,20171.239386489535,-665.3827017259537,-0.055448558477162804,0,360,0,0,1,0,0,438,1,0
92118.72524427445,31066.081325347383,61052.64391892707,5.087720326577256,4,5,4,0,1,0,0,163,41,1
15219.949055560986,16242.769776969964,-1022.820721408978,-0.08523506011741483,0,225,2,0,0,0,0,716,2,0
30391.802811799997,31328.44596377677,-936.6431519767721,-0.07805359599806434,0,357,1,0,1,0,0,1775,1,0
12447.949345640696,12197.189539273699,250.7598063669975,0.020896650530583125,0,774,1,0,0,0,0,1459,7,0
57099.58434236889,51356.64013541548,5742.9442069534125,0.47857868391278435,0,476,1,0,0,0,0,2223,1,0
21805.168539309256,19127.463894434433,2677.7046448748224,0.22314205373956852,0,276,0,0,0,0,0,1366,5,0
20628.521789555256,23216.52522143995,-2588.0034318846956,-0.21566695265705796,1,145,1,1,0,0,0,1210,4,0
26704.4684036708,25576.41880259285,1128.0496010779498,0.09400413342316248,0,713,2,0,0,0,0,1367,3,0
32378.62374497711,30274.6383800391,2103.9853649380093,0.1753321137448341,0,268,0,0,0,0,0,2325,2,0
23252.38752435676,26596.900007181146,-3344.512482824386,-0.27870937356869885,0,539,0,0,0,0,0,1879,1,0
6499.987216096144,7066.772177156054,-566.7849610599096,-0.0472320800883258,0,281,0,1,0,0,0,2119,6,0
40645.243356751234,39171.5197799453,1473.7235768059327,0.12281029806716105,0,333,1,1,0,0,0,1796,1,0
40699.24944096846,34999.41102127207,5699.838419696389,0.47498653497469906,0,723,1,0,1,0,0,1970,2,0
18158.97919114286,19809.586915402462,-1650.6077242596039,-0.13755064368830033,0,346,0,0,0,0,0,313,3,0
25191.24805877765,24171.34783510459,1019.900223673063,0.08499168530608858,0,531,1,1,0,0,0,429,6,0
106320.99189545725,7188.894001632274,99132.09789382498,8.261008157818749,4,10,6,0,4,1,0,186,30,1
17000.254960417347,17826.04776900639,-825.7928085890417,-0.06881606738242015,0,518,1,0,0,0,0,990,1,0
21593.875997244977,22168.435400697883,-574.5594034529058,-0.047879950287742154,0,319,3,0,0,0,0,444,1,0
16237.04442091127,17386.890276578717,-1149.8458556674468,-0.09582048797228723,0,413,1,0,0,0,0,596,9,0
19858.044333360875,17795.260381778633,2062.7839515822416,0.17189866263185347,0,238,2,0,1,0,0,1670,4,0
14302.07979141599,16423.815228763462,-2121.735437347472,-0.17681128644562266,0,366,0,0,0,0,0,217,1,0
33051.45651202139,35708.17441259344,-2656.7179005720536,-0.22139315838100446,0,132,0,0,1,0,0,2410,1,0
18961.200995790437,21764.50721752833,-2803.306221737894,-0.23360885181149116,0,383,0,0,0,0,0,961,5,0
29063.76434316089,28670.589182983313,393.1751601775759,0.032764596681464656,0,596,0,0,0,0,0,2034,2,0
155548.6422944696,29844.115080978056,125704.52721349156,10.475377267790963,2,72,2,1,3,0,0,186,19,1
19692.523961695664,21443.262847069745,-1750.7388853740813,-0.14589490711450678,0,507,1,0,0,0,0,601,7,0
17096.032123933932,16030.146510290171,1065.8856136437607,0.08882380113698006,0,661,0,1,0,0,0,2263,3,0
225363.01120570095,20907.0506754069,204455.96053029405,17.037996710857836,3,55,6,1,4,0,1,86,49,1
32518.704291560338,37320.14022440577,-4801.43593284543,-0.4001196610704525,1,523,0,0,0,0,0,2056,2,0
33662.58960342937,36482.19978610356,-2819.610182674194,-0.2349675152228495,0,661,3,0,0,0,0,1308,2,0
20555.985236692046,21486.452844492116,-930.4676078000703,-0.07753896731667252,0,308,0,0,1,0,0,1173,3,0
148372.37286481098,15695.110690874184,132677.2621739368,11.056438514494733,2,53,7,0,1,0,0,127,40,1
47713.165679433136,50268.76744127752,-2555.6017618443875,-0.21296681348703228,0,478,1,0,0,0,0,550,11,0
15348.331011880282,17258.638226496758,-1910.307214616476,-0.15919226788470633,0,255,1,0,0,0,0,882,5,0
24832.460006527417,23960.594901370474,871.8651051569432,0.07265542542974526,0,736,0,0,1,0,0,1419,3,0
18668.101681691154,17353.918519487703,1314.1831622034515,0.10951526351695429,0,460,0,0,0,0,0,1854,8,0
14237.33285811581,13154.412289457534,1082.9205686582754,0.09024338072152295,1,685,0,0,0,0,0,1879,1,0
168862.69372283056,14146.366721215885,154716.32700161467,12.893027250134557,2,24,6,1,3,0,1,130,46,1
27593.445100069417,31501.082258294395,-3907.6371582249776,-0.32563642985208147,0,559,1,0,0,0,0,1067,2,0
23448.173334325,26818.753800143888,-3370.5804658188863,-0.2808817054849072,1,570,0,0,0,0,0,758,4,0
14987.121444295663,13785.662447780109,1201.4589965155537,0.10012158304296281,0,213,0,0,0,0,0,381,8,0
33450.3962158776,31386.65562210291,2063.740593774688,0.17197838281455732,0,393,0,1,0,0,0,1613,6,0
19265.88554078406,21565.255954034306,-2299.370413250246,-0.19161420110418717,0,311,1,0,0,0,0,413,6,0
22563.273448092637,19478.965542725917,3084.3079053667207,0.25702565878056005,0,745,0,0,0,0,0,1926,6,0
24873.694303796325,23028.162903382563,1845.5314004137617,0.15379428336781348,0,700,0,0,0,0,0,1268,4,0
104033.6135164213,29177.995813138994,74855.6177032823,6.237968141940192,4,13,5,2,1,1,0,247,48,1
37678.66920477616,35478.779176165954,2199.890028610207,0.18332416905085058,1,760,1,0,0,0,0,1376,1,0
10324.913263829101,11415.88760424004,-1090.9743404109395,-0.0909145283675783,0,571,0,0,0,0,0,1033,2,0
21837.81178104755,18799.658288728504,3038.1534923190447,0.25317945769325373,0,407,1,0,0,0,0,2446,1,0
18692.098293813462,17637.704370547264,1054.3939232661978,0.08786616027218315,0,518,1,0,0,0,0,2201,2,0
19089.5239004344,21144.963528583372,-2055.4396281489717,-0.17128663567908098,0,269,1,0,0,0,0,1362,3,0
25378.96296436115,26746.95912035147,-1367.9961559903168,-0.11399967966585974,0,426,0,0,0,0,0,1142,8,0
36000.16134690798,38251.73657198226,-2251.5752250742808,-0.18763126875619007,0,553,1,0,0,0,0,2441,4,0
17081.96061575754,14972.232851111745,2109.727764645795,0.17581064705381627,1,353,0,0,0,0,0,2426,6,0
23010.49524108934,20527.206369260857,2483.288871828481,0.2069407393190401,0,277,0,1,0,0,0,1564,3,0
134348.3379779816,15698.20779705257,118650.13018092903,9.887510848410752,2,65,4,2,3,0,1,288,34,1
136887.20487158047,19676.546578946174,117210.6582926343,9.767554857719524,3,6,4,1,2,0,1,296,25,1
24385.80797662246,20995.47210673635,3390.3358698861084,0.2825279891571757,0,742,0,1,0,0,0,814,11,0
12195.729383166052,10600.528282615647,1595.2011005504046,0.13293342504586705,0,637,0,0,0,0,0,294,5,0
19640.805681030983,18488.539215621175,1152.266465409808,0.09602220545081733,0,467,2,0,0,0,0,1525,1,0
83935.49305165617,10093.305047650421,73842.18800400576,6.15351566700048,1,27,2,1,3,1,0,97,22,1
15712.580434847441,17250.96403700585,-1538.3836021584102,-0.12819863351320085,0,583,2,0,0,0,0,921,2,0
120070.3687764048,38210.099442865714,81860.26933353908,6.821689111128257,3,19,1,2,1,1,0,78,17,1
71123.52186845183,62870.78899963466,8252.732868817176,0.687727739068098,0,174,2,0,0,0,0,1083,8,0
33807.76859956153,31393.646086387605,2414.1225131739266,0.20117687609782722,0,475,0,0,0,0,0,1810,7,0
33719.20644366233,29781.631016772328,3937.5754268900055,0.3281312855741671,0,590,1,0,0,0,0,730,6,0
102321.17925347634,21745.199156710605,80575.98009676574,6.714665008063811,1,23,5,3,2,0,1,243,26,1
135332.66753150296,31426.30283957962,103906.36469192334,8.658863724326945,2,62,5,0,2,1,1,233,47,1
130085.12083238579,24313.00059469787,105772.12023768792,8.81434335314066,2,48,3,1,3,0,1,203,40,1
32858.38002932726,32217.238509039624,641.1415202876342,0.05342846002396952,0,206,0,0,0,0,0,416,4,0
22800.791354573263,25845.042797629576,-3044.2514430563133,-0.25368762025469277,0,329,2,0,0,0,0,1745,4,0
26090.921157105346,29136.484974475945,-3045.5638173705993,-0.25379698478088325,1,677,2,0,0,0,0,1510,1,0
24076.697334212648,27196.33439740129,-3119.637063188642,-0.2599697552657202,0,156,0,0,0,0,0,692,1,0
30070.817459155034,31005.435788572267,-934.6183294172333,-0.07788486078476944,0,240,1,0,0,0,0,349,1,0
29898.048768488803,28221.514212973412,1676.5345555153908,0.1397112129596159,0,550,0,0,0,0,0,1208,4,0
26518.771416655403,25526.23584980087,992.5355668545344,0.08271129723787787,0,599,1,0,0,0,0,1781,6,0
26548.25507551808,30327.658458397786,-3779.4033828797074,-0.31495028190664226,1,238,1,0,0,0,0,807,1,0
34893.83476930569,34501.21918765184,392.61558165385213,0.03271796513782101,0,679,1,0,0,0,0,1072,4,0
22672.051772053168,23738.01936644615,-1065.9675943929833,-0.08883063286608193,1,163,0,0,0,0,0,1090,1,0
16355.307013337415,15878.054427351759,477.25258598565597,0.039771048832138,1,560,1,0,0,0,0,1857,4,0
35074.483802068266,39269.66971934257,-4195.185917274306,-0.3495988264395255,0,435,1,0,0,0,0,653,3,0
25993.975101653756,24347.677616540986,1646.2974851127692,0.13719145709273076,0,261,1,1,0,0,0,467,1,0
40782.83089499483,37372.61134157412,3410.219553420713,0.28418496278505945,0,782,1,0,0,0,0,722,7,0
33672.48717856502,38471.845980557526,-4799.358801992508,-0.399946566832709,0,230,0,0,0,0,0,182,1,0
166064.65438699076,27152.27541818222,138912.37896880854,11.576031580734044,3,73,4,2,2,1,1,138,26,1
28628.10462499734,26986.556518126803,1641.5481068705376,0.1367956755725448,0,594,0,0,0,0,0,2465,4,0
14212.133897529677,15032.630314712318,-820.4964171826414,-0.06837470143188679,0,732,2,0,0,0,0,2034,10,0
32556.424044734013,33965.67596729941,-1409.251922565396,-0.11743766021378299,0,142,0,0,0,0,0,1621,1,0
29014.743479045304,33070.57118165026,-4055.8277026049545,-0.3379856418837462,0,225,0,0,0,0,0,601,4,0
35505.13075720446,37162.06499910186,-1656.9342418973974,-0.1380778534914498,0,359,0,0,0,0,0,248,2,0
33513.45098485131,32935.05165432931,578.3993305219992,0.0481999442101666,0,310,3,0,0,0,0,1913,6,0
26054.035462451495,23921.197658160225,2132.83780429127,0.17773648369093917,0,671,1,0,0,0,0,1451,6,0
40062.301548345524,44446.60231103983,-4384.300762694307,-0.36535839689119226,0,768,0,0,0,0,0,795,2,0
39599.00743683525,40288.61198213107,-689.6045452958206,-0.05746704544131838,0,653,0,0,0,0,0,1881,5,0
29276.170272143918,25281.98984417226,3994.180427971656,0.33284836899763803,1,449,1,0,0,0,0,984,6,0
137666.26298982668,26197.348735899603,111468.91425392707,9.289076187827256,3,30,4,2,3,0,1,25,36,1
18495.29284644577,16583.255734887796,1912.0371115579728,0.1593364259631644,0,537,1,0,0,0,0,1072,4,0
23344.701429292658,22046.892256333736,1297.8091729589214,0.10815076441324345,1,709,0,1,0,0,0,564,1,0
30920.54738533596,35090.140824310794,-4169.593438974833,-0.3474661199145694,0,291,2,0,0,0,0,1342,4,0
33101.51539977514,29319.57172319369,3781.94367658145,0.31516197304845417,0,659,0,1,0,0,0,923,4,0
122280.7230024202,20426.54655281917,101854.17644960103,8.487848037466753,4,48,7,3,1,0,0,39,33,1
11016.775954132354,10402.33881340443,614.4371407279232,0.051203095060660266,0,582,0,0,0,0,0,2288,5,0
138973.3668710966,20493.716598224488,118479.65027287211,9.873304189406008,4,62,3,0,2,0,1,100,34,1
15714.17072296273,16438.115430861333,-723.9447078986032,-0.06032872565821693,0,665,2,1,0,0,0,1346,3,0
30749.18993421334,26843.4611883847,3905.728745828641,0.3254773954857201,0,770,2,0,0,0,0,450,2,0
7891.449849512976,6712.165971501759,1179.283878011217,0.09827365650093475,0,305,1,0,0,0,0,2132,8,0
40535.636022790575,41307.480830192115,-771.8448074015396,-0.06432040061679496,0,383,1,1,0,0,0,2354,5,0
45639.18354868533,47342.44455307172,-1703.2610043863897,-0.14193841703219914,0,255,1,0,0,0,0,335,3,0
35425.58616333762,40458.072862159235,-5032.486698821616,-0.41937389156846805,0,460,0,0,0,0,0,2099,10,0
77040.37901532918,24548.520681710866,52491.85833361831,4.374321527801525,2,21,5,0,2,1,1,232,56,1
28138.657597890448,27326.010387249775,812.6472106406727,0.06772060088672273,0,301,0,0,0,0,0,1184,2,0
14997.762509268852,17051.6976476689,-2053.9351384000493,-0.17116126153333744,0,697,1,0,0,0,0,2370,2,0
30118.18788654682,28639.704522665586,1478.4833638812343,0.12320694699010286,0,443,1,0,0,0,0,2439,1,0
19263.149740300192,16598.896424112325,2664.2533161878673,0.22202110968232228,0,789,0,0,0,0,0,779,3,0
28325.253288176755,24321.207129877144,4004.0461582996104,0.3336705131916342,0,645,1,1,0,0,0,820,3,0
23299.674842213513,25637.44741937203,-2337.7725771585174,-0.19481438142987645,0,553,2,0,0,0,0,979,4,0
17637.80766556428,15265.809409367303,2371.9982561969773,0.1976665213497481,1,291,1,1,0,0,0,2357,7,0
126235.7641751305,36842.00700257835,89393.75717255216,7.449479764379347,1,34,3,1,1,0,0,111,48,1
25478.619388709045,28226.70025721807,-2748.080868509027,-0.22900673904241892,0,234,0,1,0,0,0,1737,6,0
23053.695873358894,22371.251911613577,682.4439617453172,0.0568703301454431,0,252,1,0,0,0,0,640,1,0
31887.209629907215,27560.513950931574,4326.6956789756405,0.36055797324797006,0,779,1,0,0,0,0,2379,2,0
23880.672142831307,22145.96283100114,1734.7093118301673,0.14455910931918062,1,602,1,1,0,0,0,743,7,0
31559.847276599787,33890.388968949235,-2330.5416923494486,-0.1942118076957874,0,229,1,0,0,0,0,1616,3,0
49926.99436149187,53622.79177747764,-3695.7974159857768,-0.3079831179988147,0,627,1,0,0,0,0,1612,1,0
35227.82917228058,37580.86887628879,-2353.03970400821,-0.19608664200068415,0,675,0,0,0,0,0,1135,3,0
19181.529148276582,18637.854533668917,543.6746146076657,0.04530621788397214,0,328,0,0,0,0,0,441,10,0
15356.896684797248,15652.753336379668,-295.85665158242045,-0.024654720965201705,0,579,0,0,0,0,0,1747,2,0
24898.036448654846,24067.40149424465,830.6349544101977,0.06921957953418315,0,184,0,0,0,0,0,1640,3,0
18178.841452985733,15546.847395250328,2631.9940577354046,0.21933283814461704,0,360,1,0,0,0,0,1748,2,0
22682.080525143283,20700.182932045336,1981.8975930979468,0.16515813275816224,0,300,0,0,0,0,0,496,2,0
47887.38608576323,52716.05518314553,-4828.669097382299,-0.4023890914485249,0,611,0,0,0,0,0,1110,1,0
36464.15513953545,37589.899999039924,-1125.744859504477,-0.09381207162537308,0,312,3,0,0,0,0,1484,3,0
32529.5882349318,29368.366454906998,3161.2217800248036,0.2634351483354003,0,369,0,0,0,0,0,1874,3,0
35319.40365737192,33966.71802010368,1352.6856372682378,0.11272380310568648,0,698,2,0,0,0,0,1706,3,0
26129.9945058908,25813.197111589783,316.79739430101836,0.026399782858418198,0,258,0,1,0,0,0,1609,2,0
11270.98596428409,12799.529190583387,-1528.543226299298,-0.12737860219160818,0,711,0,0,0,0,0,932,1,0
30834.864108606223,33701.36325305912,-2866.499144452897,-0.23887492870440807,1,773,0,0,0,0,0,2223,1,0
16390.63139356443,14268.991945604424,2121.639447960004,0.17680328733000034,0,175,1,0,0,0,0,1569,3,0
177440.96578394083,18108.08299411059,159332.88278983024,13.277740232485854,2,50,2,2,1,1,0,244,26,1
126011.30154348515,14610.51401853244,111400.78752495271,9.283398960412725,2,19,4,1,3,0,1,227,42,1
34851.23249642929,34407.35403297817,443.87846345112484,0.0369898719542604,0,781,2,0,0,0,0,982,2,0
36981.880862740356,39309.8208286796,-2327.939965939244,-0.19399499716160365,0,183,0,0,0,0,0,2353,1,0
20610.879226591256,22421.614222316555,-1810.734995725299,-0.15089458297710825,0,272,2,0,0,0,0,2104,4,0
21865.388047905697,18617.064850377978,3248.3231975277195,0.2706935997939766,0,486,0,0,0,0,0,1103,2,0
47326.763453470594,40951.47977570422,6375.283677766376,0.5312736398138647,0,162,2,0,0,0,0,1414,3,0
10238.638449898386,11394.638414440597,-1155.9999645422104,-0.09633333037851753,0,376,0,1,0,0,0,515,6,0
33142.67647466247,32408.41587330673,734.2606013557379,0.061188383446311494,0,189,0,0,0,0,0,1783,10,0
38121.99312316377,34207.11609640121,3914.8770267625587,0.32623975223021323,0,599,0,0,0,0,0,584,10,0
72517.42854590697,15019.765487668612,57497.66305823835,4.791471921519863,3,8,4,3,1,0,1,257,58,1
17828.174185552,19769.806485250254,-1941.6322996982526,-0.16180269164152106,0,294,1,0,0,0,0,2279,2,0
10261.063543179705,11353.356275120668,-1092.2927319409628,-0.09102439432841357,0,456,0,0,0,0,0,2281,2,0
39387.89869015096,40968.792104637156,-1580.8934144861923,-0.13174111787384937,0,575,0,0,0,0,0,2352,1,0
24913.374188554233,27536.052341217397,-2622.678152663164,-0.21855651272193033,0,140,0,0,0,0,0,1472,2,0
16061.407828455789,15090.923390508719,970.4844379470705,0.08087370316225588,0,595,1,0,0,0,0,2455,1,0
21689.005297928637,24648.836897037843,-2959.831599109206,-0.2466526332591005,0,325,2,0,0,0,0,873,6,0
8952.607900681622,9686.949711224097,-734.3418105424753,-0.061195150878539606,0,644,1,0,0,0,0,725,2,0
16476.554740747823,16641.28820543434,-164.73346468651653,-0.013727788723876377,0,691,0,0,0,0,0,1276,6,0
39175.11636339518,39150.88326394651,24.233099448669236,0.00201942495405577,0,331,1,1,0,0,0,1682,4,0
30432.44404935074,28286.32575352061,2146.118295830129,0.1788431913191774,0,151,0,0,0,0,0,2336,1,0
16084.383724055715,15409.155634665784,675.2280893899315,0.056269007449160954,0,704,1,0,0,0,0,1286,2,0
16596.604534978578,18565.519381317547,-1968.9148463389683,-0.16407623719491402,0,296,0,0,0,0,0,2050,3,0
30910.10233621003,32778.598554315984,-1868.4962181059527,-0.15570801817549607,1,439,0,0,0,0,0,436,4,0
9605.080548189653,9442.694117105233,162.3864310844201,0.013532202590368343,0,417,0,1,0,0,0,1009,2,0
40102.059515286295,43204.25204263689,-3102.1925273505913,-0.2585160439458826,0,281,0,0,0,0,0,1362,1,0
20919.186857554807,23942.389359987857,-3023.2025024330505,-0.25193354186942085,1,518,0,0,0,0,0,348,1,0
14941.65461971536,13545.800454570324,1395.854165145036,0.116321180428753,0,631,1,0,0,0,0,1120,7,0
23433.255537780995,24442.997716040965,-1009.7421782599704,-0.0841451815216642,0,276,0,0,0,0,0,1664,1,0
22515.298207123902,25888.939159110032,-3373.64095198613,-0.28113674599884414,0,457,0,0,0,0,0,904,6,0
29715.639739950147,31448.262613566512,-1732.6228736163648,-0.1443852394680304,0,605,1,0,0,0,0,740,2,0
13177.274522814418,12903.384693732634,273.8898290817833,0.022824152423481944,0,364,1,0,0,0,0,1764,2,0
21822.003138824515,18677.799885418623,3144.2032534058926,0.2620169377838244,1,722,1,0,1,0,0,1919,3,0
32275.312705484368,32584.882024067727,-309.56931858335884,-0.0257974432152799,0,642,2,0,0,0,0,974,5,0
46102.97754392464,52733.78263754031,-6630.805093615672,-0.5525670911346393,0,468,1,1,0,0,0,1945,3,0
27065.20257350865,30106.59904000342,-3041.3964664947707,-0.2534497055412309,0,277,3,0,0,0,0,870,2,0
29026.846381762494,25447.976637943302,3578.869743819192,0.298239145318266,0,319,1,0,0,0,0,2314,9,0
11762.160185146959,12048.634686917308,-286.4745017703499,-0.023872875147529157,0,145,0,0,0,0,0,329,11,0
25472.739972516105,29144.943435787456,-3672.203463271351,-0.3060169552726126,0,508,0,0,0,0,0,1117,1,0
211640.9338156095,48483.65012485582,163157.28369075368,13.596440307562807,4,26,7,0,1,0,1,246,58,1
172004.9224301297,45619.64339059544,126385.27903953425,10.532106586627854,3,53,2,1,2,1,1,248,15,1
30437.023744516464,32473.575024811576,-2036.5512802951125,-0.16971260669125937,0,684,0,0,0,0,0,1530,1,0
27850.16084518815,24688.762287146696,3161.3985580414555,0.26344987983678797,0,236,1,0,0,0,0,794,11,0
99223.14288863221,16608.76258314513,82614.38030548708,6.8845316921239235,2,60,6,1,3,0,0,107,42,1
79312.4219510023,25232.28757656036,54080.134374441936,4.506677864536828,3,37,9,2,3,1,0,25,27,1
20690.859932878546,20270.924891822095,419.93504105645115,0.034994586754704265,1,540,0,0,0,0,0,2100,2,0
27005.683700920083,23353.794764324088,3651.888936595995,0.3043240780496662,1,245,0,0,0,0,0,1751,1,0
35583.573046810205,40545.59333853671,-4962.020291726505,-0.41350169097720874,0,304,0,0,0,0,0,286,19,0
25461.00407590555,21918.75958572128,3542.244490184268,0.295187040848689,0,716,0,0,0,0,0,287,4,0
125604.18279294745,21556.370563345685,104047.81222960177,8.67065101913348,1,64,5,1,3,0,1,237,29,1
33374.56212375828,38299.912768674585,-4925.350644916303,-0.4104458870763586,0,425,1,0,0,0,0,1859,1,0
10356.346465579303,10079.139453513159,277.20701206614467,0.02310058433884539,0,739,1,0,0,0,0,578,1,0
28656.317153817676,31765.234751137894,-3108.917597320218,-0.2590764664433515,0,220,1,0,0,0,0,208,1,0
13915.118887160694,12609.094662668082,1306.0242244926121,0.108835352041051,0,507,0,0,1,0,0,742,6,0
30436.37534850463,34175.275038576256,-3738.8996900716265,-0.3115749741726355,0,189,0,0,0,0,0,564,5,0
12667.607194739216,12158.420278281892,509.1869164573236,0.0424322430381103,0,709,0,0,0,0,0,1091,1,0
14034.623815029654,12117.03091174079,1917.5929032888635,0.1597994086074053,0,623,1,0,0,0,0,1740,1,0
19147.891950565026,19121.80788546619,26.08406509883571,0.0021736720915696423,0,569,0,0,0,0,0,1102,3,0
121941.60931275488,13274.666809349137,108666.94250340575,9.05557854195048,1,58,4,1,2,0,0,173,57,1
33124.09207240908,35547.436877630185,-2423.3448052211024,-0.20194540043509188,0,599,1,0,0,0,0,872,2,0
27680.854324008353,30107.77904120724,-2426.9247171988864,-0.20224372643324054,0,388,0,0,0,0,0,425,5,0
105163.01317699256,32046.805622557415,73116.20755443515,6.093017296202929,2,23,7,2,4,1,0,267,46,1
28474.72452244377,28368.502665892982,106.22185655078647,0.008851821379232206,0,605,0,0,0,0,0,542,3,0
26961.788660013597,27633.18963566751,-671.4009756539126,-0.055950081304492714,0,681,1,0,0,0,0,2001,4,0
32631.89859237218,31590.90918561356,1040.989406758621,0.08674911722988508,0,433,1,0,0,0,0,2069,4,0
136116.6802796737,15196.910800568685,120919.769479105,10.076647456592083,2,19,5,1,3,0,0,70,45,1
17081.71809817359,15502.73556029313,1578.9825378804617,0.13158187815670513,0,389,3,0,1,0,0,283,3,0
47694.76053188237,53408.679777105215,-5713.919245222845,-0.4761599371019038,0,636,0,0,0,0,0,1185,1,0
21423.62993295135,18723.16681116739,2700.4631217839597,0.22503859348199665,1,209,1,1,0,0,0,1585,6,0
39032.55025190921,42243.25649583973,-3210.7062439305155,-0.2675588536608763,0,256,2,0,1,0,0,2271,7,0
16546.690553415065,18858.059978266218,-2311.369424851153,-0.19261411873759607,0,470,0,1,0,0,0,588,5,0
191898.0560416025,29844.530500014764,162053.52554158773,13.504460461798978,4,30,4,3,2,0,0,94,46,1
86968.37213567023,25232.934590674136,61735.43754499609,5.144619795416341,3,32,9,1,1,1,0,211,48,1
126339.12369147329,29919.56736674436,96419.55632472892,8.034963027060744,3,47,4,3,4,0,1,119,50,1
15900.116461198433,14191.627460125486,1708.4890010729468,0.14237408342274557,0,518,1,0,0,0,0,470,1,0
23330.332645082635,21395.072833776878,1935.2598113057575,0.16127165094214646,0,793,3,0,0,0,0,923,4,0
10351.394796465258,9440.720422866116,910.6743735991422,0.07588953113326186,0,518,0,0,0,0,0,1691,5,0
35011.76845707847,35692.91370497964,-681.1452479011714,-0.05676210399176428,0,483,0,1,0,0,0,2059,3,0
16687.722133792442,18524.40745618692,-1836.6853223944781,-0.15305711019953985,0,788,0,0,0,0,0,1264,4,0
15855.147168735946,14997.521741816601,857.625426919345,0.07146878557661208,0,789,0,0,0,0,0,2432,6,0
31776.111101503167,35493.59073282979,-3717.4796313266233,-0.30978996927721864,0,213,1,1,0,0,0,2399,3,0
20982.277889718673,21730.856467463786,-748.5785777451129,-0.06238154814542607,0,754,1,0,0,0,0,2122,2,0
83447.45928076841,24201.83229302638,59245.62698774203,4.937135582311836,2,68,8,2,4,1,0,105,25,1
47326.69631990331,51041.95895454229,-3715.2626346389807,-0.3096052195532484,0,757,1,0,0,0,0,1065,4,0
18364.128072557818,18737.79818129471,-373.67010873689287,-0.031139175728074404,1,414,1,0,0,0,0,1090,1,0
47981.58685763375,45060.66769129412,2920.919166339634,0.24340993052830284,0,548,0,0,0,0,0,1678,1,0
135282.47212549637,14738.631522436239,120543.84060306013,10.045320050255011,2,56,6,2,1,0,0,234,41,1
28360.894726035684,24445.437954538193,3915.456771497491,0.32628806429145757,0,238,2,0,0,0,0,496,5,0
202306.8247126262,22698.62354694453,179608.20116568168,14.96735009714014,3,45,4,1,2,0,1,296,49,1
27394.6921095558,28284.819852830467,-890.1277432746683,-0.07417731193955569,0,774,3,0,1,0,0,240,4,0
23351.144400453664,26807.353127130245,-3456.208726676581,-0.2880173938897151,0,159,3,0,0,0,0,2192,3,0
22260.821787551384,22835.88917564906,-575.0673880976756,-0.047922282341472965,0,289,2,0,0,0,0,431,1,0
162246.21333942492,14797.242871387609,147448.97046803733,12.287414205669776,2,10,4,1,2,0,0,70,32,1
27149.82729879482,30680.677624647185,-3530.850325852367,-0.2942375271543639,0,128,0,0,0,0,0,503,4,0
15554.685876201307,15524.094223266573,30.591652934734157,0.0025493044112278465,0,480,1,0,0,0,0,1356,3,0
20576.399266301574,22623.15118116639,-2046.751914864817,-0.1705626595720681,1,736,2,0,0,0,0,2264,1,0
145967.01825721574,21014.47917353698,124952.53908367876,10.412711590306563,2,60,3,2,3,1,0,44,23,1
127318.77859414837,12592.980942579165,114725.79765156921,9.560483137630769,1,18,3,3,1,0,1,43,28,1
26104.769094574003,29331.823312900036,-3227.054218326033,-0.26892118486050276,0,798,0,0,0,0,0,2168,2,0
123837.88206624842,18883.254939163984,104954.62712708444,8.746218927257036,3,57,3,1,3,0,0,215,14,1
19474.598543993416,17938.29522973052,1536.3033142628956,0.12802527618857462,0,749,1,0,0,0,0,220,1,0
35062.6542246914,32832.01460169887,2230.6396229925303,0.18588663524937754,0,460,0,0,0,0,0,727,4,0
24226.29872645114,26164.629071416453,-1938.330344965314,-0.1615275287471095,0,171,0,1,0,0,0,905,4,0
25081.490781260713,27585.31582381511,-2503.8250425543993,-0.20865208687953327,0,575,0,1,0,0,0,2368,1,0
137805.02865189797,21054.301428827705,116750.72722307027,9.729227268589188,2,49,6,1,3,1,0,59,37,1
14875.38828666653,13828.785234132634,1046.6030525338956,0.0872169210444913,0,547,1,0,0,0,0,596,6,0
41524.69600756623,47304.353492841525,-5779.6574852752965,-0.48163812377294135,0,531,0,0,0,0,0,1891,3,0
26079.995314608295,27345.645657815505,-1265.6503432072095,-0.10547086193393412,1,475,0,0,0,0,0,1254,3,0
104332.4836429264,14773.532967498602,89558.9506754278,7.4632458896189835,1,6,4,0,2,0,1,191,17,1
36153.84719234702,32628.812695233148,3525.034497113873,0.2937528747594894,0,637,0,0,0,0,0,1104,7,0
33628.17230917969,35342.63015464039,-1714.4578454607035,-0.1428714871217253,1,628,0,0,1,0,0,494,1,0
24247.740986741883,22292.04938554789,1955.6916011939938,0.16297430009949948,0,391,1,0,0,0,0,1079,4,0
37711.95322493652,35848.01545080367,1863.9377741328499,0.15532814784440416,0,246,0,1,0,0,0,1241,1,0
31481.81121041211,27714.160844047652,3767.650366364458,0.3139708638637048,1,462,1,0,0,0,0,864,3,0
20642.019485046218,23624.015530469318,-2981.9960454231004,-0.24849967045192503,0,518,0,0,0,0,0,2249,1,0
262991.226386162,34266.24319550024,228724.98319066176,19.06041526588848,2,13,8,2,2,0,1,191,57,1
121788.51655731109,11810.11438280153,109978.40217450955,9.164866847875796,4,23,4,1,2,1,1,188,40,1
11456.683598550942,9881.17158313688,1575.5120154140623,0.13129266795117187,0,704,2,0,0,0,0,1346,6,0
39641.28254681668,36602.209905587624,3039.0726412290533,0.2532560534357544,0,441,0,1,0,0,0,1693,3,0
32068.28262190604,30168.274977058612,1900.0076448474283,0.15833397040395236,0,746,1,0,1,0,0,586,1,0
26692.11873087602,27190.854318494068,-498.73558761804816,-0.04156129896817068,0,540,0,0,0,0,0,1001,2,0
147730.95570993674,22273.919347028055,125457.03636290868,10.45475303024239,1,58,2,2,2,1,1,140,52,1
33403.024111961466,30512.815437982765,2890.208673978701,0.24085072283155842,0,161,0,0,0,0,0,1680,6,0
18237.76440462468,20458.879046896447,-2221.1146422717684,-0.1850928868559807,0,456,0,0,0,0,0,1646,5,0
37993.843803310105,36301.537684288196,1692.3061190219087,0.1410255099184924,0,553,0,0,0,0,0,677,1,0
8860.750404807248,8590.615389345801,270.1350154614465,0.02251125128845388,0,129,0,0,0,0,0,1745,2,0
152542.14198964447,39292.645303833495,113249.49668581097,9.437458057150915,1,52,5,1,2,1,0,86,15,1
37791.15313377015,36577.34632358767,1213.8068101824829,0.1011505675152069,0,504,0,0,0,0,0,1689,1,0
36099.71337757023,37983.51680411688,-1883.8034265466486,-0.15698361887888737,0,340,0,0,0,0,0,2436,1,0
119350.16646571078,13896.492266674897,105453.67419903589,8.787806183252991,2,47,6,1,1,1,1,175,44,1
69688.24442411272,31440.518150875905,38247.72627323682,3.1873105227697347,2,7,5,3,2,0,1,291,22,1
17046.62453381448,15980.429040622239,1066.195493192241,0.08884962443268675,0,156,1,0,0,0,0,899,8,0
21780.95991371697,22448.122674453254,-667.1627607362825,-0.055596896728023544,0,502,1,0,0,0,0,804,9,0
246685.7326948003,26863.311420204423,219822.4212745959,18.318535106216324,2,55,6,2,2,1,1,100,25,1
186008.64622699685,16191.107209820502,169817.53901717634,14.151461584764695,2,70,2,1,3,1,0,211,44,1
18344.651938373343,19570.59952563196,-1225.9475872586154,-0.10216229893821795,0,521,0,0,0,0,0,1031,2,0
25809.341534186755,25257.677763402415,551.6637707843402,0.04597198089869501,0,675,0,0,0,0,0,2184,1,0
155691.8288268534,17377.47652922371,138314.3522976297,11.526196024802475,2,71,2,3,2,0,1,261,27,1
49439.37051271805,43834.21285437536,5605.157658342694,0.4670964715285578,0,445,1,0,0,0,0,2339,1,0
18560.06881471232,16646.124858498843,1913.9439562134758,0.15949532968445632,0,168,1,0,0,0,0,864,10,0
46721.63292002331,49935.143176340986,-3213.510256317677,-0.2677925213598064,1,268,1,0,0,0,0,1067,7,0
29616.69967850221,31756.366954178928,-2139.6672756767184,-0.1783056063063932,1,347,1,0,0,0,0,1398,8,0
26306.500721866865,26074.01559628786,232.4851255790054,0.019373760464917116,0,466,2,0,0,0,0,1793,1,0
19651.65945821319,22104.13940264562,-2452.479944432427,-0.20437332870270225,0,548,1,0,0,0,0,1027,3,0
24442.689751523358,22842.859580268647,1599.8301712547109,0.13331918093789258,1,439,0,0,0,0,0,2030,2,0
26414.30813266943,22923.86490461049,3490.443228058939,0.2908702690049116,0,581,2,1,0,0,0,204,2,0
19265.44064751421,19542.116325838135,-276.67567832392524,-0.02305630652699377,0,740,0,0,0,0,0,2171,18,0
144879.43789504142,20276.248492335562,124603.18940270586,10.383599116892155,3,49,4,3,3,1,0,120,40,1
15146.4797840547,15063.324873977397,83.1549100773027,0.006929575839775225,0,753,1,0,0,0,0,494,3,0
123778.92865599335,10454.922995929406,113324.00566006395,9.443667138338663,2,49,5,3,2,0,1,53,42,1
9713.007211919357,8526.639549250089,1186.3676626692686,0.09886397188910571,1,561,0,0,0,0,0,2080,1,0
97653.53493530354,13953.750899589206,83699.78403571434,6.974982002976195,4,63,4,2,1,1,1,159,58,1
23006.906542309385,25529.033254724076,-2522.1267124146907,-0.21017722603455755,0,291,0,0,0,0,0,967,5,0
39180.11619281197,37145.243453081464,2034.8727397305047,0.1695727283108754,0,549,1,0,0,0,0,2167,2,0
19073.394503525233,17573.791750522243,1499.6027530029896,0.12496689608358247,0,699,1,0,0,0,0,747,1,0
31552.108677453853,31608.952970017122,-56.844292563269846,-0.004737024380272487,0,462,1,0,0,0,0,1545,4,0
40267.87530539586,37044.19797455119,3223.6773308446645,0.2686397775703887,0,585,1,0,0,0,0,889,2,0
25341.80558584149,27431.36299869114,-2089.557412849652,-0.17412978440413765,0,747,0,1,0,0,0,2011,8,0
26355.62841494146,22932.25429604432,3423.37411889714,0.28528117657476165,0,656,2,0,0,0,0,2240,6,0
19502.63966138564,18927.186061047745,575.4536003378962,0.047954466694824685,0,146,1,0,0,0,0,2428,1,0
25864.79856949098,25717.890580965566,146.9079885254141,0.012242332377117842,1,352,2,0,0,0,0,1983,1,0
136555.33159785985,30807.0814985164,105748.25009934345,8.812354174945288,3,22,5,2,2,1,0,113,15,1
19446.843974025312,19813.047905960084,-366.2039319347714,-0.030516994327897617,0,145,0,0,0,0,0,437,2,0
15215.471892031474,13436.52484605794,1778.947045973533,0.1482455871644611,1,232,1,0,0,0,0,510,3,0
18438.677200026188,17831.28486548414,607.392334542048,0.05061602787850401,0,333,2,0,0,0,0,1269,2,0
13909.52286273371,15941.302166802723,-2031.779304069014,-0.16931494200575117,1,269,4,0,0,0,0,1080,1,0
24450.379704657575,24931.11510902212,-480.7354043645464,-0.040061283697045535,0,715,1,0,0,0,0,261,7,0
20971.051593593267,22815.852007146044,-1844.8004135527772,-0.15373336779606475,0,716,0,0,0,0,0,855,7,0
36573.05298498878,41582.269213746404,-5009.216228757621,-0.41743468572980175,0,750,1,0,0,0,0,2325,6,0
44274.78801741406,48389.072070535054,-4114.284053120995,-0.3428570044267496,0,142,1,0,1,0,0,1084,5,0
47553.43071218686,53659.41592604281,-6105.985213855951,-0.5088321011546626,0,608,0,0,0,0,0,2373,2,0
16038.968602908908,15561.16426979318,477.8043331157278,0.039817027759643984,0,629,0,1,0,0,0,1621,3,0
26903.310052835168,26923.726652276935,-20.416599441767175,-0.0017013832868139312,0,320,0,0,0,0,0,936,5,0
145479.9397726566,14537.890623215499,130942.0491494411,10.91183742912009,1,55,4,1,3,0,0,222,31,1
15599.397020958606,17132.877371526723,-1533.4803505681175,-0.12779002921400978,1,494,0,0,0,0,0,237,15,0
14119.989667525646,15439.110883682613,-1319.1212161569674,-0.10992676801308061,0,589,0,0,0,0,0,253,5,0
23599.422600235703,20604.02320999111,2995.399390244591,0.24961661585371592,1,195,1,0,0,0,0,1689,3,0
21289.550493323415,23527.84601993057,-2238.295526607155,-0.1865246272172629,0,336,0,0,0,0,0,2454,2,0
20726.132548383768,18843.919757141128,1882.2127912426404,0.1568510659368867,0,753,1,0,0,0,0,1629,1,0
33443.556527858775,37528.19285440679,-4084.6363265480177,-0.3403863605456681,0,759,0,0,0,0,0,1474,1,0
29225.14773806368,31362.121065920768,-2136.9733278570893,-0.17808111065475743,0,262,1,0,0,0,0,2254,1,0
22905.161247115942,24442.980997162605,-1537.819750046663,-0.1281516458372219,1,682,1,1,0,0,0,1238,4,0
28439.41001571695,26898.427268701653,1540.982747015296,0.12841522891794133,0,453,2,0,0,0,0,2369,6,0
21855.220053470643,24554.914513629265,-2699.694460158622,-0.22497453834655182,0,339,1,0,0,0,0,1722,3,0
93631.91700253714,10375.93045894145,83255.98654359569,6.937998878632974,2,13,5,1,3,1,1,208,48,1
29906.43025187255,33730.16702781746,-3823.736775944908,-0.3186447313287423,0,782,1,0,1,0,0,353,5,0
24367.066576997844,21248.45255628227,3118.614020715573,0.25988450172629773,0,643,1,0,0,0,0,438,2,0
32426.888608284607,31080.429504357315,1346.4591039272927,0.1122049253272744,0,543,0,0,0,0,0,806,5,0
21943.42164087979,20111.127346169134,1832.2942947106567,0.15269119122588806,0,243,2,0,0,0,0,411,9,0
42532.13231655202,45886.07350635772,-3353.9411898057006,-0.27949509915047505,0,435,2,0,0,0,0,564,2,0
26022.805043681485,28955.830504816815,-2933.0254611353303,-0.24441878842794418,0,336,1,0,0,0,0,1782,6,0
31724.85983093689,33861.15247051003,-2136.292639573141,-0.1780243866310951,0,786,0,0,0,0,0,243,2,0
34740.686298038876,39839.064376902126,-5098.37807886325,-0.42486483990527085,0,246,0,0,0,0,0,1137,1,0
147550.67386128535,19301.028066681287,128249.64579460406,10.687470482883672,2,74,1,1,2,0,0,24,41,1
25545.04045871859,22863.988664621138,2681.0517940974532,0.22342098284145442,0,154,0,0,0,0,0,2076,1,0
158539.079360874,17697.02441504191,140842.0549458321,11.736837912152675,3,28,4,2,3,1,1,144,25,1
44811.78814519728,51175.67861522281,-6363.89047002553,-0.5303242058354608,0,452,0,0,0,0,0,196,5,0
19358.22312508121,19199.719341288957,158.50378379225367,0.013208648649354473,0,392,0,1,0,0,0,265,4,0
70698.44307779439,9067.564686251979,61630.878391542414,5.1359065326285345,2,47,4,1,1,1,1,200,52,1
80281.95833225448,11457.431835597903,68824.52649665657,5.7353772080547145,2,58,2,1,1,0,0,158,38,1
14971.193671637979,14326.936304792158,644.2573668458208,0.0536881139038184,0,504,1,0,0,0,0,584,1,0
39486.58699193587,34907.25752918682,4579.329462749047,0.3816107885624206,1,706,0,0,0,0,0,760,3,0
36688.55736267775,40084.22943962636,-3395.672076948613,-0.28297267307905105,1,346,0,0,0,0,0,908,4,0
34852.14128912661,36484.786862762936,-1632.6455736363278,-0.13605379780302732,0,736,2,0,0,0,0,1313,2,0
14149.035798472258,12149.94166132058,1999.0941371516783,0.16659117809597318,1,212,0,0,0,0,0,545,2,0
35262.85775174343,35496.60011063862,-233.74235889518604,-0.019478529907932172,0,146,2,0,0,0,0,1914,9,0
33014.71885859696,31739.30395678237,1275.4149018145945,0.10628457515121621,0,451,0,0,0,0,0,499,7,0
34695.56329404246,38974.41235457262,-4278.849060530156,-0.3565707550441797,0,550,0,0,0,0,0,1762,1,0
34915.30498034095,35778.1029805638,-862.7980002228505,-0.07189983335190421,0,728,1,0,0,0,0,2292,1,0
122594.6676365462,24023.941537708357,98570.72609883785,8.214227174903154,1,56,3,1,2,1,0,30,28,1
25865.19102312409,25419.70725956299,445.4837635611002,0.03712364696342502,0,774,0,0,0,0,0,1798,2,0
23963.04129704838,24470.89613616532,-507.8548391169388,-0.04232123659307824,0,694,0,1,0,0,0,1813,1,0
83622.84515033868,25667.63116782322,57955.21398251546,4.829601165209621,2,69,2,1,2,0,0,269,53,1
21265.649447033295,22686.58151218998,-1420.932065156685,-0.11841100542972374,0,250,2,0,0,0,0,824,3,0
44816.503610454936,38968.56778881831,5847.935821636624,0.4873279851363853,0,461,0,0,0,0,0,2330,4,0
17648.77991511605,20018.931566275853,-2370.151651159802,-0.19751263759665016,0,189,1,0,0,0,0,2228,1,0
19828.367035813306,17920.997251422395,1907.3697843909104,0.15894748203257586,0,523,1,0,0,0,0,643,2,0
26360.568254640097,28292.383566711516,-1931.8153120714196,-0.16098460933928496,0,758,0,0,0,0,0,866,3,0
34631.226251820925,33398.380402253235,1232.8458495676896,0.1027371541306408,0,367,0,0,0,0,0,1039,1,0
19302.628997465294,20344.025673578166,-1041.3966761128722,-0.08678305634273935,0,672,0,1,0,0,0,1455,1,0
266128.52086219355,23334.68207039452,242793.83879179903,20.232819899316585,2,24,1,1,3,1,1,272,46,1
32642.552520766487,35708.53982166229,-3065.9873008958057,-0.25549894174131715,0,271,1,0,0,0,0,2007,9,0
35915.03328548923,37455.0470150779,-1540.013729588667,-0.12833447746572224,1,185,0,0,0,0,0,2489,3,0
182305.8009248479,17928.602481909686,164377.1984429382,13.698099870244851,2,58,2,3,1,1,0,198,50,1
24371.606662627182,26988.806154098074,-2617.199491470892,-0.21809995762257434,0,436,1,0,0,0,0,468,2,0
31410.85695754501,27738.941353333215,3671.915604211794,0.3059929670176495,1,419,0,0,0,0,0,1916,4,0
138890.99549629085,22046.720301788908,116844.27519450194,9.737022932875162,2,68,4,1,1,0,1,290,54,1
141351.35352082047,30385.64257667471,110965.71094414576,9.247142578678814,1,61,4,1,2,0,0,17,59,1
25486.642493084102,29115.501077442965,-3628.8585843588626,-0.30240488202990523,0,640,1,0,0,0,0,549,6,0
29018.326007887412,29824.96566342439,-806.6396555369793,-0.06721997129474827,0,703,0,0,0,0,0,1536,3,0
30022.809052948425,28227.132191114342,1795.676861834083,0.14963973848617357,0,739,0,0,0,0,0,1322,4,0
16527.461236139192,18454.905943195416,-1927.4447070562237,-0.1606203922546853,0,639,2,0,0,0,0,254,1,0
17680.893436065715,18259.49177154258,-578.598335476865,-0.04821652795640542,0,164,1,0,0,0,0,1064,14,0
10732.04982844014,11820.84607791353,-1088.7962494733893,-0.0907330207894491,0,610,1,0,0,0,0,596,7,0
125228.87879312647,18486.77539983271,106742.10339329376,8.89517528277448,3,39,4,1,2,1,0,260,48,1
37711.96749998603,37636.168891750036,75.79860823599302,0.006316550686332752,0,168,2,0,0,0,0,1953,7,0
87364.916209146,14648.625954125082,72716.29025502093,6.059690854585077,1,43,3,0,1,0,0,184,35,1
145816.28389574616,17650.81584739845,128165.46804834771,10.680455670695643,1,54,4,1,3,0,0,102,35,1
23695.85656819293,24809.492800556294,-1113.6362323633657,-0.0928030193636138,0,391,0,0,1,0,0,2050,2,0
17784.095384308952,18177.96367074313,-393.868286434179,-0.032822357202848255,1,161,0,0,0,0,0,247,5,0
29428.09719824281,27432.789225140074,1995.3079731027356,0.16627566442522795,0,399,1,0,0,0,0,2105,5,0
40452.61043750322,40700.28677966797,-247.67634216474835,-0.020639695180395694,0,748,0,0,0,0,0,2126,3,0
21104.799361681344,21987.344365630302,-882.5450039489588,-0.07354541699574656,0,225,1,0,0,0,0,1580,2,0
14396.736498569511,16486.4771757125,-2089.7406771429905,-0.17414505642858255,0,341,2,0,0,0,0,370,10,0
7127.8351661352735,7817.161363144625,-689.3261970093517,-0.05744384975077931,0,538,0,0,0,0,0,623,1,0
17490.253147857144,19023.538113058003,-1533.284965200859,-0.12777374710007158,0,563,2,0,0,0,0,1019,1,0
9465.091516010387,9729.90434199376,-264.81282598337384,-0.022067735498614488,0,233,1,0,0,0,0,601,7,0
28055.807304785205,32116.442329989888,-4060.635025204683,-0.33838625210039025,0,662,1,0,0,0,0,1625,1,0
25407.99096915224,26195.444661496804,-787.453692344563,-0.06562114102871358,0,237,1,0,0,0,0,1276,1,0
28123.91673153385,30629.653553354416,-2505.7368218205665,-0.20881140181838054,0,451,2,1,0,0,0,799,7,0
24918.682634613415,22320.214140944263,2598.468493669152,0.216539041139096,0,771,0,0,0,0,0,1617,8,0
30646.240254129087,27308.54404321858,3337.696210910508,0.278141350909209,0,734,0,0,0,0,0,860,4,0
28129.962811734225,27699.198318090697,430.7644936435281,0.035897041136960676,0,272,0,0,0,0,0,2192,20,0
33029.278963475605,36861.26704090514,-3831.988077429538,-0.31933233978579484,0,269,1,0,1,0,0,828,6,0
25013.716176572125,25767.676082009093,-753.9599054369683,-0.06282999211974735,0,759,1,0,1,0,0,2328,4,0
14887.758892260945,14419.135381347754,468.62351091319033,0.03905195924276586,0,453,0,0,0,0,0,1569,5,0
28944.503070233804,25747.61122633365,3196.8918439001536,0.2664076536583461,0,192,2,0,0,0,0,1932,4,0
25705.17925981934,24818.66858317959,886.5106766397475,0.07387588971997897,0,212,3,0,0,0,0,608,1,0
19503.162848236167,19386.044788423,117.11805981316502,0.009759838317763751,0,610,0,0,0,0,0,975,7,0
45623.64249985342,45367.83591771921,255.80658213420975,0.02131721517785081,0,587,0,0,0,0,0,1934,2,0
118250.3069062933,24796.5023781685,93453.8045281248,7.7878170440104,3,27,6,2,1,0,0,192,17,1
15294.495498339535,13018.79055638209,2275.704941957445,0.18964207849645376,0,501,0,0,0,0,0,1636,10,0
17398.173394596437,17726.90233545918,-328.7289408627439,-0.02739407840522866,0,165,0,0,0,0,0,1468,7,0
186249.75882458294,33181.992205787545,153067.7666187954,12.75564721823295,2,33,5,2,1,1,1,65,36,1
10981.343206987196,12492.478404848183,-1511.1351978609873,-0.12592793315508227,0,788,0,0,1,0,0,2184,1,0
24555.528058058022,26708.23027213998,-2152.702214081957,-0.17939185117349643,0,419,0,0,0,0,0,525,4,0
21832.88574497561,19946.403380326203,1886.4823646494078,0.157206863720784,0,244,0,0,0,0,0,1827,1,0
37839.45687293654,42997.48870704966,-5158.031834113121,-0.42983598617609337,0,590,0,1,0,0,0,1703,5,0
29273.403589885365,29260.83842310274,12.565166782624146,0.0010470972318853454,0,314,2,0,0,0,0,483,1,0
16406.52397182931,15660.876003832476,745.6479679968324,0.0621373306664027,0,385,0,0,0,0,0,2166,1,0
30926.683492632736,26662.872648855617,4263.810843777119,0.3553175703147599,0,309,3,0,1,0,0,1270,2,0
16736.066354734292,15298.670759924275,1437.3955948100174,0.11978296623416812,0,708,1,0,0,0,0,764,3,0
14141.086017563905,16135.304188419484,-1994.21817085558,-0.16618484757129834,0,199,0,1,0,0,0,1801,1,0
30251.20080478376,28467.749204258434,1783.4516005253245,0.1486209667104437,0,173,0,0,0,0,0,1144,2,0
173320.5409853533,8915.567758935515,164404.9732264178,13.700414435534816,2,12,5,1,2,0,1,286,30,1
140560.34863756294,14941.081935802773,125619.26670176018,10.46827222514668,4,28,4,2,1,0,0,70,41,1
35383.90997582744,30312.514814300856,5071.395161526583,0.4226162634605486,0,226,1,0,0,0,0,2202,6,0
16979.35837941527,14675.994978034616,2303.363401380653,0.19194695011505444,1,157,2,0,0,0,0,420,3,0
113267.308634105,10478.07922367673,102789.22941042826,8.56576911753569,2,36,3,2,1,0,0,74,34,1
40280.17306093416,40447.626109792494,-167.4530488583332,-0.013954420738194433,0,620,2,0,0,0,0,366,10,0
13752.195825935476,12254.862008227448,1497.3338177080277,0.12477781814233564,0,240,1,0,0,0,0,1849,5,0
49204.72641534255,50051.22088153571,-846.4944661931586,-0.07054120551609655,0,377,0,0,0,0,0,2166,1,0
24157.141190442006,23669.444126805218,487.6970636367878,0.04064142196973231,0,404,1,0,0,0,0,1569,3,0
75706.04592766208,21063.715150877302,54642.33077678478,4.553527564732065,1,67,6,0,3,0,1,26,35,1
48214.430627571535,51291.2538466357,-3076.8232190641647,-0.25640193492201374,1,155,0,0,0,0,0,420,3,0
19079.180152727626,21236.164124699837,-2156.9839719722113,-0.1797486643310176,1,735,0,0,0,0,0,638,6,0
21317.7885855415,24083.30980235854,-2765.52121681704,-0.23046010140142,0,763,2,0,0,0,0,2110,11,0
32706.077877561984,28035.27107430627,4670.806803255713,0.38923390027130944,0,692,2,0,0,0,0,1547,11,0
10669.845716941543,11142.497216164382,-472.65149922283854,-0.039387624935236544,0,429,2,0,0,0,0,420,2,0
33138.63379828165,35219.64574899811,-2081.0119507164636,-0.1734176625597053,0,753,0,0,0,0,0,1397,3,0
21936.133048711126,20953.62896590838,982.504082802745,0.08187534023356208,0,211,1,0,1,0,0,1293,1,0
33291.95624859979,33293.43524206889,-1.4789934690998052,-0.0001232494557583171,0,356,0,1,0,0,0,1086,2,0
33226.27007881444,29809.105742986896,3417.164335827547,0.28476369465229556,0,579,0,0,0,0,0,1904,2,0
16235.827135116273,16982.37432939298,-746.5471942767072,-0.0622122661897256,0,477,3,0,0,0,0,1274,8,0
12778.764062093063,11984.57265129785,794.1914107952125,0.06618261756626771,0,224,1,0,0,0,0,645,1,0
31937.818045486092,34336.88084369428,-2399.062798208186,-0.19992189985068218,1,296,1,0,0,0,0,599,2,0
14818.713115812234,12607.14265919389,2211.570456618343,0.1842975380515286,0,580,0,1,0,0,0,1667,8,0
26933.65977015195,23620.70291231371,3312.9568578382386,0.27607973815318654,0,675,0,0,0,0,0,475,2,0
33185.066712428044,34230.42679108158,-1045.360078653539,-0.08711333988779492,1,798,1,0,0,0,0,2165,1,0
25357.576098734797,28548.291503001325,-3190.715404266528,-0.265892950355544,0,423,0,0,0,0,0,1396,2,0
85445.0606624074,18719.273977532088,66725.78668487532,5.560482223739609,2,35,2,2,3,0,0,190,58,1
36149.78242727596,33910.071078763016,2239.711348512945,0.18664261237607874,0,518,1,0,0,0,0,946,1,0
31842.070655034287,27314.68117078137,4527.389484252919,0.3772824570210766,0,461,0,0,0,0,0,1631,2,0
126800.44035257233,15659.532927028818,111140.90742554351,9.26174228546196,1,25,6,1,2,0,1,248,16,1
139220.2459449839,13106.310695879676,126113.93524910424,10.50949460409202,3,47,4,2,1,1,0,239,20,1
47583.957963062014,46541.386772076476,1042.5711909855381,0.08688093258212817,0,392,2,0,0,0,0,2294,1,0
21721.541622333614,18938.750595207086,2782.791027126528,0.23189925226054403,0,469,0,0,0,0,0,858,4,0
29246.812783121673,30202.348807636892,-955.5360245152187,-0.0796280020429349,0,216,1,0,0,0,0,391,8,0
23001.91560390155,25289.011846830886,-2287.096242929336,-0.19059135357744467,0,513,1,0,0,0,0,1915,2,0
28307.211827798106,28624.459944030597,-317.24811623249116,-0.026437343019374265,1,596,1,0,0,0,0,1199,2,0
95294.92307722167,14197.292250241657,81097.63082698,6.758135902248334,2,25,3,3,2,1,1,191,37,1
102841.56666100575,30802.177398295127,72039.38926271063,6.003282438559219,1,20,4,3,3,1,0,269,33,1
14964.807914124165,16541.898914863046,-1577.0910007388811,-0.13142425006157343,0,318,2,0,0,0,0,2213,5,0
165460.812264797,10943.978681673017,154516.83358312398,12.876402798593665,2,59,2,3,3,0,0,165,31,1
18136.100953885318,19001.899801920295,-865.7988480349777,-0.07214990400291481,0,260,0,0,0,0,0,1138,2,0
103749.32025887622,29154.000113737227,74595.32014513899,6.216276678761583,3,17,3,2,2,0,0,62,50,1
32130.611128574496,33574.47141348681,-1443.8602849123163,-0.1203216904093597,1,549,2,0,0,0,0,2455,16,0
84846.01819402538,11514.805473196977,73331.21272082841,6.110934393402367,3,42,3,0,2,1,0,284,59,1
83115.26503879845,16127.990252264499,66987.27478653395,5.582272898877829,2,60,4,1,2,1,1,158,50,1
31425.707789295102,34536.08008015983,-3110.3722908647287,-0.2591976909053941,0,492,0,0,0,0,0,926,1,0
14249.387298675685,13510.270149140219,739.1171495354665,0.06159309579462221,0,610,0,0,0,0,0,1594,1,0
15512.163306839462,13352.822841652336,2159.340465187126,0.17994503876559384,0,377,0,0,0,0,0,729,3,0
99318.4234861381,35727.04274403899,63591.38074209911,5.299281728508259,1,38,2,0,2,1,0,195,30,1
27141.76802561602,26094.915059361134,1046.8529662548863,0.0872377471879072,0,249,2,0,0,0,0,654,1,0
30413.92065618051,30597.224786679944,-183.30413049943309,-0.015275344208286091,0,503,0,0,0,0,0,1856,5,0
23528.88728918652,24203.00826659706,-674.1209774105373,-0.05617674811754478,0,150,0,0,0,0,0,1032,9,0
22405.273347916118,19972.622967043037,2432.6503808730813,0.20272086507275677,0,627,0,0,0,0,0,2089,7,0
12531.672679383215,13230.673920017676,-699.0012406344613,-0.05825010338620511,0,398,0,0,0,0,0,1327,1,0
34331.877299348795,31743.512710881285,2588.3645884675097,0.21569704903895914,1,454,1,0,0,0,0,2458,6,0
30991.57594823552,30573.670396980833,417.90555125468745,0.03482546260455729,0,256,0,0,0,0,0,313,2,0
7833.949037883943,8756.223040668621,-922.2740027846785,-0.07685616689872321,0,392,0,1,0,0,0,2484,3,0
40304.47620522012,43422.18413865042,-3117.707933430298,-0.2598089944525248,0,725,0,0,1,0,0,860,3,0
126101.43361267184,26183.740362320066,99917.69325035177,8.326474437529315,3,44,5,2,2,1,1,101,49,1
44520.82039022151,43183.30847598998,1337.5119142315307,0.1114593261859609,1,135,2,0,0,0,0,1102,2,0
90695.93472217472,27740.391232965172,62955.54348920954,5.246295290767462,3,8,3,1,2,0,1,61,29,1
19449.93180961574,20220.044622200443,-770.1128125847026,-0.06417606771539189,0,496,2,0,1,0,0,1037,10,0
21191.084339227065,23491.343470209777,-2300.259130982711,-0.19168826091522592,0,434,0,0,0,0,0,425,3,0
25270.09554978711,23810.460764469757,1459.6347853173538,0.12163623210977949,0,490,1,0,0,0,0,299,1,0
158853.9340240264,33949.57306497327,124904.36095905314,10.408696746587761,2,59,5,2,3,1,0,64,56,1
150359.6227228429,29025.549299055154,121334.07342378775,10.111172785315645,2,44,10,1,2,0,0,131,31,1
17798.935008634333,19871.681028218027,-2072.746019583694,-0.17272883496530783,1,166,0,0,0,0,0,252,10,0
36726.81181680146,34907.25851174749,1819.5533050539743,0.1516294420878312,0,341,0,0,0,0,0,298,7,0
49788.68028750133,54115.80598213646,-4327.125694635128,-0.36059380788626066,1,177,0,0,0,0,0,1439,1,0
25420.440128439594,27531.59270425984,-2111.152575820248,-0.17592938131835398,0,219,2,1,1,0,0,566,4,0
19266.05530864922,21485.91009976995,-2219.8547911207315,-0.18498789926006096,0,724,1,1,0,0,0,389,2,0
13081.041903286909,12883.569909541637,197.4719937452719,0.01645599947877266,0,268,1,0,0,0,0,2453,10,0
14009.18516720495,14352.933859204199,-343.74869199924797,-0.028645724333270665,0,669,1,0,1,0,0,1309,2,0
19430.702051441815,22092.109350434166,-2661.4072989923516,-0.22178394158269596,0,296,1,0,0,0,0,1914,3,0
14497.92866974115,13523.331017106244,974.5976526349059,0.08121647105290883,0,575,1,0,0,0,0,2470,8,0
16796.967015842012,15356.051577539363,1440.915438302649,0.12007628652522075,0,412,0,0,0,0,0,1850,3,0
23053.276834980203,26368.940981633634,-3315.664146653431,-0.2763053455544526,0,411,0,0,0,0,0,2281,5,0
162005.28115467535,20967.785256257877,141037.4958984175,11.753124658201457,2,45,6,2,4,1,0,32,16,1
117222.70154504888,22339.0800467645,94883.62149828438,7.906968458190365,2,28,6,3,2,1,0,257,50,1
31652.630702860013,32487.63089627725,-835.000193417236,-0.06958334945143634,0,370,1,0,0,0,0,1396,5,0
60803.03600915704,67143.78408024504,-6340.748071087997,-0.5283956725906664,0,151,0,0,0,0,0,379,1,0
14068.68160451132,14273.311643796153,-204.6300392848334,-0.017052503273736117,0,786,0,0,0,0,0,2295,2,0
15320.962059893884,13167.139512026515,2153.8225478673685,0.1794852123222807,0,327,1,0,0,0,0,532,4,0
151943.91118881173,19547.53351256154,132396.37767625018,11.033031473020849,1,22,3,2,2,0,1,49,54,1
111838.02595823084,18791.961406777584,93046.06455145325,7.753838712621104,2,34,6,1,3,1,0,145,30,1
148402.10118805792,18535.32409544343,129866.77709261449,10.82223142438454,2,42,3,2,3,0,1,200,30,1
34226.56822277194,36861.56343199547,-2634.9952092235326,-0.21958293410196106,0,365,1,0,0,0,0,2272,1,0
27341.835625956784,24841.64743760403,2500.188188352753,0.20834901569606276,0,146,1,0,0,0,0,1958,25,0
21924.682415669788,20239.006269928566,1685.6761457412213,0.14047301214510177,1,452,1,0,0,0,0,1883,2,0
28133.382187757772,28584.015165834055,-450.6329780762826,-0.03755274817302355,0,762,0,0,0,0,0,1756,2,0
37440.70146679718,39287.00067264982,-1846.299205852636,-0.15385826715438633,0,590,2,0,0,0,0,511,1,0
19235.54865606426,19607.42091024975,-371.87225418549133,-0.03098935451545761,0,500,0,0,0,0,0,651,2,0
28277.729521907684,29335.934134290783,-1058.2046123830987,-0.08818371769859155,0,297,2,0,0,0,0,2064,2,0
193719.86271068658,23794.817470656748,169925.04524002984,14.160420436669153,1,5,5,1,2,1,0,16,22,1
128632.62982708038,13070.872647827033,115561.75717925336,9.630146431604446,2,24,3,1,3,1,0,37,39,1
43396.428487768375,45573.77696148781,-2177.3484737194376,-0.18144570614328648,0,509,1,1,0,0,0,2469,2,0
23421.758453775314,26433.37263070896,-3011.6141769336464,-0.25096784807780387,1,734,0,0,0,0,0,2427,2,0
20565.472272993055,18623.41301439862,1942.059258594436,0.16183827154953634,0,330,2,0,0,0,0,1156,6,0
20287.7596565421,18225.49075768057,2062.26889886153,0.17185574157179417,0,212,1,0,0,0,0,1609,2,0
31115.736664256387,35524.15015268908,-4408.413488432692,-0.36736779070272435,0,195,0,1,0,0,0,2005,3,0
123502.66939023873,31834.11145798058,91668.55793225815,7.6390464943548455,1,57,6,0,2,1,1,208,47,1
46896.47998751385,46500.34037740312,396.13961011073116,0.03301163417589426,0,465,2,0,0,0,0,1131,3,0
132948.66736014368,28320.40497449668,104628.262385647,8.719021865470584,4,5,4,1,1,0,0,48,50,1
28639.044883273105,29115.948149666874,-476.9032663937687,-0.039741938866147394,0,229,0,0,0,0,0,1675,6,0
16723.788673708263,18666.88053439411,-1943.0918606858468,-0.16192432172382057,0,694,0,0,0,0,0,2011,2,0
29306.945630055066,33576.67706006621,-4269.731430011147,-0.35581095250092887,0,387,0,0,1,0,0,685,5,0
37916.48915225904,36195.4357694887,1721.0533827703402,0.14342111523086168,0,649,1,0,1,0,0,2403,1,0
18043.537224764626,19879.223205575006,-1835.68598081038,-0.15297383173419835,0,696,2,0,1,0,0,1186,5,0
37919.996700854404,41149.78366141429,-3229.7869605598826,-0.2691489133799902,0,350,1,0,0,0,0,907,1,0
27977.551399566484,28086.486264596086,-108.9348650296015,-0.009077905419133458,1,721,0,0,0,0,0,279,8,0
21681.32157794074,21604.28322048445,77.03835745629112,0.006419863121357594,0,358,0,0,0,0,0,2100,3,0
42841.11482038818,39477.17581951357,3363.9390008746122,0.28032825007288437,0,632,4,0,0,0,0,1918,4,0
40424.408331705105,34982.51893838717,5441.889393317935,0.45349078277649457,0,441,0,0,0,0,0,698,1,0
27340.343416788695,26535.882685826302,804.4607309623934,0.06703839424686611,1,406,1,0,0,0,0,2103,3,0
199619.9520937129,21274.529823258785,178345.42227045412,14.862118522537843,2,27,5,2,2,1,1,181,38,1
62284.12406819035,13889.00892877298,48395.11513941737,4.0329262616181145,2,28,5,1,2,0,0,62,18,1
22721.516895530505,20636.048916794058,2085.4679787364475,0.17378899822803728,0,563,1,0,0,0,0,1396,1,0
22851.36418158335,23510.429939445065,-659.0657578617138,-0.054922146488476146,0,390,0,0,0,0,0,1039,4,0
34317.59911435014,31779.876376558223,2537.7227377919153,0.21147689481599294,0,384,1,0,0,0,0,1729,1,0
20144.65819808878,22651.551016842724,-2506.892818753946,-0.20890773489616216,1,706,0,0,1,0,0,868,3,0
13437.168699614327,14023.466634154669,-586.2979345403419,-0.04885816121169516,0,786,0,0,0,0,0,998,6,0
47909.26019621808,48459.058429573466,-549.7982333553882,-0.04581651944628235,0,332,2,0,0,0,0,916,2,0
35793.12860169715,37140.70593070448,-1347.5773290073266,-0.11229811075061055,0,704,0,0,0,0,0,679,6,0
38159.30018856434,35472.57678608871,2686.7234024756253,0.22389361687296877,0,713,0,1,0,0,0,2130,4,0
24431.255975736545,22021.96255881182,2409.2934169247237,0.20077445141039366,0,668,0,0,0,0,0,1803,4,0
13506.805098557326,13373.793323657404,133.01177489992187,0.01108431457499349,1,303,1,0,0,0,0,1889,1,0
52829.777010815626,60702.477306333785,-7872.70029551816,-0.6560583579598467,0,622,0,0,0,0,0,298,1,0
16404.917347291077,16960.332210894387,-555.4148636033096,-0.04628457196694247,0,601,1,0,0,0,0,2248,5,0
124553.89404686575,18079.260852320658,106474.6331945451,8.872886099545424,2,55,3,0,1,0,0,137,53,1
42267.48979770241,42888.04432620274,-620.5545285003318,-0.05171287737502765,0,234,2,0,1,0,0,219,1,0
12834.57111485011,11375.593407510121,1458.9777073399891,0.12158147561166577,0,155,0,0,0,0,0,587,3,0
24753.56339416141,21803.992360154505,2949.5710340069054,0.24579758616724212,0,308,0,0,0,0,0,2040,3,0
165229.21490977803,22995.125083722392,142234.08982605563,11.852840818837969,1,66,3,3,3,0,1,223,56,1
25936.79196572346,26208.869216894538,-272.0772511710784,-0.022673104264256533,0,120,2,0,0,0,0,732,8,0
31493.778794668473,35050.332888786004,-3556.5540941175313,-0.2963795078431276,0,737,0,0,0,0,0,1452,6,0
18144.24894308998,15967.111464237201,2177.137478852779,0.1814281232377316,0,185,0,0,0,0,0,1678,2,0
49787.511475669184,57165.98682205549,-7378.475346386309,-0.6148729455321924,0,625,1,0,0,0,0,600,3,0
20941.15657416248,20235.397090575927,705.759483586553,0.05881329029887941,0,140,0,0,0,0,0,2266,1,0
32075.969806397043,31734.730854413287,341.2389519837561,0.028436579331979676,0,271,0,1,0,0,0,1122,2,0
38880.26562967139,35127.15085412523,3753.114775546157,0.3127595646288464,0,522,2,0,0,0,0,2416,7,0
43542.867755006526,43403.497898713984,139.36985629254195,0.011614154691045164,0,337,0,0,0,0,0,825,2,0
20230.440095151353,21233.085610835427,-1002.6455156840748,-0.0835537929736729,0,491,1,0,1,0,0,964,2,0
10646.22731804907,9646.265400028806,999.9619180202644,0.08333015983502204,0,130,1,0,0,0,0,2293,2,0
156845.9931371829,17919.001085079675,138926.99205210322,11.577249337675267,3,41,7,2,4,1,1,288,56,1
23272.948836568055,21149.234413960203,2123.7144226078526,0.17697620188398772,0,259,0,0,0,0,0,1941,2,0
20628.80783741289,18421.381221651627,2207.426615761262,0.18395221798010516,0,616,0,0,0,0,0,2361,8,0
40387.52494871398,44079.0047189059,-3691.479770191916,-0.30762331418265965,0,764,1,0,0,0,0,1554,4,0
36689.454691105566,40424.854267482006,-3735.3995763764397,-0.31128329803136995,0,159,2,0,0,0,0,1027,5,0
81847.86778452055,23979.07035653716,57868.797427983394,4.822399785665283,4,33,4,2,2,1,1,51,55,1
23964.99878127186,25667.114407967263,-1702.1156266954022,-0.1418429688912835,1,606,1,0,0,0,0,2336,1,0
11597.268896058975,10008.026829752578,1589.2420663063967,0.1324368388588664,1,440,1,0,0,0,0,829,4,0
33263.26896878495,34069.18234593111,-805.9133771461638,-0.06715944809551365,0,666,1,0,0,0,0,2496,6,0
29400.998151266187,25944.855123408328,3456.143027857859,0.2880119189881549,0,757,2,0,0,0,0,1150,5,0
19526.713299661697,19654.61160318666,-127.8983035249621,-0.010658191960413508,1,243,0,1,0,0,0,1839,2,0
18681.652919511136,21114.87475327873,-2433.221833767595,-0.2027684861472996,1,700,4,0,0,0,0,1371,3,0
138182.2011664209,21460.55527761034,116721.64588881057,9.726803824067547,2,71,4,2,2,0,0,245,53,1
21569.787239594425,23904.038722768342,-2334.251483173917,-0.19452095693115976,0,579,0,0,0,0,0,1387,5,0
27776.613353557936,25536.506287296652,2240.1070662612838,0.186675588855107,1,592,1,0,0,0,0,1001,2,0
37226.89100574263,32689.582966881102,4537.308038861531,0.3781090032384609,0,397,1,0,0,0,0,1968,1,0
17007.950857072632,16666.47119879668,341.4796582759518,0.02845663818966265,0,473,0,0,0,0,0,724,3,0
30802.396905224407,27478.72759474875,3323.669310475656,0.276972442539638,0,428,1,0,0,0,0,263,7,0
126323.41146262441,30542.07523042489,95781.33623219952,7.98177801934996,4,19,5,1,2,0,1,259,18,1
30783.16573151265,27733.078304070106,3050.087427442544,0.25417395228687867,0,681,3,0,0,0,0,1479,4,0
209108.34969303937,38182.097866642085,170926.2518263973,14.243854318866441,3,35,2,1,2,0,1,194,29,1
12101.00472961346,12614.947574475273,-513.9428448618128,-0.04282857040515106,0,707,2,0,0,0,0,2126,6,0
25411.316218476757,25776.993674266996,-365.67745579023904,-0.030473121315853252,0,245,1,0,0,0,0,1075,8,0
21761.751173756125,19578.189852716347,2183.5613210397787,0.18196344341998155,0,174,0,0,0,0,0,2429,9,0
16605.411871463926,15468.29908701396,1137.112784449966,0.09475939870416383,0,619,0,1,0,0,0,1662,1,0
91418.02346007472,18600.21890018752,72817.8045598872,6.0681503799906,1,69,2,1,2,0,0,149,50,1
21145.63721817588,23856.073600616262,-2710.436382440381,-0.22586969853669842,1,658,1,0,0,0,0,443,3,0
26102.80762456266,27904.48996847343,-1801.6823439107684,-0.15014019532589737,1,765,0,0,1,0,0,1673,2,0
156601.71525065924,9962.761157259063,146638.95409340019,12.219912841116683,4,39,5,1,3,1,0,253,57,1
28397.969587056134,30750.509103402033,-2352.5395163458998,-0.19604495969549166,0,249,0,0,0,0,0,1337,4,0
16154.790593016374,14928.237285797135,1226.5533072192393,0.10221277560160327,0,140,0,1,0,0,0,1177,6,0
18714.90019764706,19427.467847891938,-712.5676502448769,-0.059380637520406405,0,513,1,0,0,0,0,1468,10,0
16007.030055457399,15809.030888886582,197.99916657081667,0.016499930547568056,0,479,4,0,0,0,0,2252,2,0
18685.55681300575,21158.442651468547,-2472.8858384627965,-0.2060738198718997,0,496,0,0,0,0,0,1101,1,0
31447.93849614254,28441.445032879805,3006.4934632627337,0.25054112193856115,1,586,1,0,0,0,0,473,4,0
169308.50597049814,8789.391609327244,160519.11436117088,13.376592863430908,2,43,4,3,1,1,0,73,55,1
19563.49938989892,18233.058329946245,1330.4410599526746,0.11087008832938955,1,686,2,1,0,0,0,1487,1,0
19957.958333615046,17997.930998187287,1960.0273354277597,0.16333561128564664,0,620,1,0,0,0,0,874,2,0
21921.763069527195,24806.15537969634,-2884.392310169147,-0.24036602584742892,1,154,0,0,0,0,0,1306,3,0
25236.22343592591,22187.088656961816,3049.134778964093,0.25409456491367444,0,185,1,0,1,0,0,1094,2,0
93814.60337728934,20787.570809440047,73027.0325678493,6.085586047320775,1,26,3,2,2,0,1,103,31,1
134985.98210386588,18664.399737971522,116321.58236589437,9.693465197157865,2,70,7,1,2,1,0,18,43,1
21582.364721235088,22684.266169611852,-1101.9014483767642,-0.09182512069806369,1,258,0,0,0,0,0,1019,4,0
17233.072670316964,16017.661244700714,1215.4114256162502,0.10128428546802085,0,634,1,0,0,0,0,2464,1,0
19292.492240413194,19327.12223981354,-34.629999400345696,-0.0028858332833621415,0,704,0,0,0,0,0,1189,15,0
29457.736604192858,27155.30323401616,2302.433370176699,0.19186944751472493,0,797,1,0,0,0,0,2293,5,0
42168.57866622175,47178.402186137384,-5009.823519915633,-0.4174852933263028,0,275,1,0,0,0,0,2087,3,0
10466.618897181586,9413.63942408738,1052.9794730942067,0.08774828942451722,0,242,2,1,1,0,0,2371,3,0
31367.688543082546,31299.453432740003,68.23511034254261,0.005686259195211884,0,224,1,0,0,0,0,904,4,0
35797.92201035709,37121.63082589797,-1323.7088155408783,-0.11030906796173985,0,259,1,0,0,0,0,548,3,0
10504.208515984443,10662.70291486528,-158.49439888083725,-0.013207866573403105,0,276,0,0,0,0,0,698,1,0
16280.283408621848,14423.55287745883,1856.730531163019,0.1547275442635849,0,555,0,1,0,0,0,281,2,0
32252.3115948818,28340.076394888845,3912.235199992956,0.326019599999413,0,168,1,0,0,0,0,2409,15,0
28174.27915524315,29086.8821002316,-912.6029449884481,-0.07605024541570402,1,197,0,1,0,0,0,2091,2,0
92509.68285365401,22027.860405760108,70481.82244789391,5.873485203991159,4,60,1,3,1,1,0,209,40,1
28968.328182798727,32664.65560390476,-3696.3274211060343,-0.30802728509216953,1,195,1,0,0,0,0,2038,3,0
193840.50788698296,17714.47885840533,176126.0290285776,14.677169085714802,3,7,2,2,1,1,0,281,15,1
29647.172732435967,32512.716410492027,-2865.5436780560594,-0.23879530650467162,0,492,0,0,0,0,0,1437,7,0
150945.83266598464,30888.71614406003,120057.1165219246,10.004759710160384,1,58,8,0,1,1,0,52,17,1
37147.77359700459,37460.465968185956,-312.69237118136516,-0.026057697598447095,0,326,1,1,0,0,0,1153,4,0
145024.6610124447,18817.025907789204,126207.63510465549,10.517302925387957,2,65,5,3,2,0,0,165,29,1
130891.59289776202,25575.686882010104,105315.90601575191,8.776325501312659,2,45,5,0,3,1,0,70,25,1
30686.405137837646,27540.182604102087,3146.2225337355594,0.26218521114462995,0,582,1,0,0,0,0,1187,3,0
23569.352713633052,21230.66670260806,2338.686011024991,0.19489050091874924,0,263,1,0,0,0,0,1759,1,0
92413.90272498089,19400.278575266217,73013.62414971467,6.084468679142889,2,21,7,2,2,0,0,112,27,1
12515.27072347735,10881.172598679645,1634.0981247977052,0.1361748437331421,0,267,1,1,0,0,0,303,6,0
110074.47289755679,27372.03871231962,82702.43418523716,6.89186951543643,2,23,4,3,3,1,0,50,31,1
44201.61097659506,49129.429958728135,-4927.818982133074,-0.41065158184442285,0,742,1,0,0,0,0,1936,5,0
15325.184528514434,13178.988816415944,2146.19571209849,0.17884964267487416,1,144,1,0,0,0,0,2448,4,0
14497.17203585879,16029.102085825445,-1531.9300499666551,-0.12766083749722126,0,474,1,0,0,0,0,1741,13,0
28282.886498841654,24399.785454354413,3883.101044487241,0.32359175370727006,0,471,1,0,0,0,0,629,9,0
16875.741165329353,17487.693616162767,-611.9524508334143,-0.050996037569451196,0,690,0,0,0,0,0,349,1,0
20039.030557145667,21076.944566687052,-1037.914009541386,-0.08649283412844883,0,352,0,0,0,0,0,2304,3,0
20405.82015322349,20425.43832958353,-19.618176360039797,-0.0016348480300033164,1,578,0,0,0,0,0,1482,4,0
36890.569073137085,37403.0850056517,-512.515932514616,-0.042709661042884664,0,161,0,0,0,0,0,2240,8,0
135172.56324707525,40180.92568716261,94991.63755991263,7.915969796659386,2,42,3,2,3,1,1,168,25,1
34151.791616818504,34267.81765339961,-116.02603658110456,-0.009668836381758713,0,556,1,0,0,0,0,1645,10,0
42631.741683008855,41753.93864286948,877.8030401393771,0.0731502533449481,0,425,1,0,0,0,0,2168,3,0
15878.57905006923,14665.346832783514,1213.2322172857148,0.10110268477380957,0,761,1,1,0,0,0,258,5,0
158332.86576533387,16163.314791541921,142169.55097379195,11.84746258114933,2,72,4,0,1,0,1,153,28,1
24137.84709707091,22488.61085414968,1649.2362429212299,0.13743635357676914,0,586,2,1,0,0,0,547,1,0
16044.163041559143,18399.07509999113,-2354.912058431986,-0.19624267153599886,0,378,0,0,0,0,0,2235,1,0
11123.13445481559,11109.252886808254,13.881568007336682,0.0011567973339447234,0,160,1,0,0,0,0,2346,1,0
43829.533499801044,38174.78747547536,5654.746024325686,0.4712288353604739,0,519,0,0,0,0,0,2252,1,0
12048.477592496538,10289.658234866063,1758.8193576304748,0.14656827980253956,0,146,0,0,1,0,0,323,1,0
21800.80118045451,22292.05542185409,-491.25424139957977,-0.04093785344996498,0,277,1,0,0,0,0,1546,1,0
129821.05529822431,12646.645067151534,117174.41023107278,9.76453418592273,2,46,3,1,2,1,0,218,48,1
18658.827511090094,16831.402019530928,1827.4254915591664,0.15228545762993054,0,616,0,0,0,0,0,1233,8,0
23635.7656630502,20635.44466641125,3000.3209966389477,0.2500267497199123,0,754,0,0,0,0,0,771,2,0
28999.41883002862,32774.74411631408,-3775.3252862854642,-0.31461044052378867,1,140,0,0,0,0,0,1267,1,0
22256.55883792272,25271.20598825852,-3014.6471503358007,-0.25122059586131673,0,275,0,0,0,0,0,2095,5,0
37962.22551057995,34605.50147347082,3356.724037109132,0.27972700309242765,0,488,3,0,0,0,0,1626,2,0
20347.473786864593,22937.123435879173,-2589.64964901458,-0.21580413741788168,1,178,1,0,0,0,0,1802,1,0
25829.802520412377,21983.590226184166,3846.2122942282112,0.3205176911856843,1,134,2,1,0,0,0,2300,2,0
36891.4203053958,36896.89752007932,-5.4772146835239255,-0.0004564345569603271,1,320,1,0,0,0,0,1852,1,0
43687.70049224936,48345.89484633955,-4658.194354090192,-0.38818286284084935,0,674,0,0,0,0,0,1554,3,0
27418.956084401954,29713.828161796235,-2294.8720773942805,-0.1912393397828567,0,459,0,0,0,0,0,1779,4,0
23571.70253745151,22524.447545564315,1047.2549918871955,0.08727124932393296,0,659,0,1,0,0,0,1504,7,0
23377.410925672495,26619.470177904557,-3242.059252232062,-0.27017160435267185,0,610,1,0,0,0,0,955,1,0
38554.997880409974,41473.352562265754,-2918.3546818557807,-0.24319622348798173,0,567,0,0,0,0,0,469,7,0
109913.35326438869,12636.289755645877,97277.06350874281,8.106421959061901,1,58,4,1,2,0,0,180,28,1
11583.49898037,9889.9078014424,1693.5911789275997,0.14113259824396665,0,772,0,0,1,0,0,1934,1,0
23756.088481937415,25782.207530509593,-2026.1190485721781,-0.16884325404768152,0,319,2,0,1,0,0,346,6,0
16147.7054908339,15917.763669752516,229.94182108138375,0.019161818423448645,0,651,1,0,0,0,0,1222,2,0
113996.32371263726,22853.327259975482,91142.99645266177,7.595249704388481,4,45,6,0,2,0,0,31,23,1
17687.649309145985,19425.172912880767,-1737.5236037347822,-0.14479363364456518,0,180,1,0,0,0,0,867,8,0
134705.8689418938,20775.9579228524,113929.9110190414,9.494159251586783,1,42,6,1,2,1,0,298,41,1
29148.46327458735,29215.654778642587,-67.1915040552376,-0.0055992920046031335,1,127,0,1,0,0,0,1192,2,0
142701.84223021392,19729.90268615589,122971.93954405803,10.247661628671501,3,66,5,2,3,1,0,261,33,1
12211.736560854235,13039.577922094908,-827.841361240673,-0.06898678010338942,0,140,0,0,0,0,0,2374,5,0
27769.134834355504,30531.941931935467,-2762.8070975799637,-0.23023392479833032,0,451,0,0,0,0,0,2335,6,0
70251.72431628327,21303.860735591454,48947.86358069182,4.078988631724318,3,66,4,1,2,0,1,168,31,1
21059.993633802613,22707.77518245847,-1647.7815486558575,-0.1373151290546548,0,518,0,0,0,0,0,1383,5,0
33693.44532873445,30214.870361687772,3478.5749670466794,0.28988124725389,0,256,2,0,0,0,0,2389,4,0
159540.22426907497,21938.978253601716,137601.24601547327,11.466770501289439,2,41,8,0,4,0,0,80,33,1
15356.309987786468,17236.53070073582,-1880.2207129493527,-0.15668505941244606,1,690,0,0,0,0,0,2315,8,0
38081.82464839836,41265.29935493847,-3183.4747065401098,-0.2652895588783425,0,182,0,0,0,0,0,1125,1,0
198478.0070494223,25548.667388383208,172929.3396610391,14.410778305086591,2,9,5,3,2,1,0,90,34,1
32282.425781174028,36672.0756531034,-4389.64987192937,-0.3658041559941142,0,594,1,0,0,0,0,1987,2,0
24501.642681175857,23634.540550949652,867.1021302262052,0.07225851085218377,0,156,1,0,0,0,0,2421,13,0
12475.407198302712,10661.788483633945,1813.6187146687662,0.15113489288906384,0,645,0,0,0,0,0,472,3,0
19249.50523415381,17196.4051523725,2053.100081781311,0.17109167348177592,0,501,0,0,0,0,0,2452,3,0
21322.547974178626,18380.161990921886,2942.3859832567396,0.24519883193806163,0,791,0,0,0,0,0,1530,2,0
23095.074996929703,23878.49903997492,-783.4240430452155,-0.06528533692043463,0,364,0,0,0,0,0,1170,8,0
20102.54210065803,21276.17441240847,-1173.6323117504398,-0.09780269264586999,0,603,1,0,0,0,0,787,9,0
20484.98644299457,17799.86670393694,2685.119739057631,0.22375997825480257,0,135,1,0,0,0,0,2028,2,0
29301.49107462166,25149.163584569458,4152.327490052201,0.3460272908376834,0,763,0,0,0,0,0,919,3,0
141357.34525720682,15596.714672796857,125760.63058440996,10.48005254870083,1,28,4,2,3,1,1,114,55,1
27553.933375853776,29147.722267380825,-1593.7888915270487,-0.1328157409605874,0,664,2,0,1,0,0,2249,2,0
36935.8809947235,34602.32888560314,2333.5521091203555,0.19446267576002962,0,643,1,0,0,0,0,1497,5,0
17633.79414766874,19548.91791288251,-1915.123765213768,-0.15959364710114732,0,270,1,0,0,0,0,1613,1,0
22362.08039417702,24956.536063343265,-2594.4556691662438,-0.21620463909718698,0,161,1,0,0,0,0,1629,1,0
16036.15348130271,13799.88323754991,2236.2702437528005,0.18635585364606672,0,330,1,0,0,0,0,1989,4,0
15999.03169523416,16630.06662552687,-631.0349302927098,-0.052586244191059145,0,278,0,0,0,0,0,837,2,0
45353.57558732897,45107.908140525185,245.6674468037818,0.02047228723364848,0,346,1,0,0,0,0,1184,5,0
21305.31154138421,22190.707321003625,-885.3957796194154,-0.07378298163495128,0,587,0,0,0,0,0,2154,7,0
28979.441458969977,29961.64753600365,-982.206077033672,-0.08185050641947267,0,776,2,0,0,0,0,1289,4,0
31817.56284810299,30591.693640751295,1225.869207351694,0.10215576727930784,0,225,0,0,0,0,0,763,5,0
40475.79995499218,34473.06200120629,6002.737953785894,0.5002281628154912,0,425,1,0,0,0,0,1531,2,0
27375.310956377914,26169.3277863507,1205.9831700272152,0.10049859750226793,0,676,0,0,0,0,0,659,2,0
19690.564785670816,19315.154709608832,375.410076061984,0.03128417300516533,0,364,0,0,0,0,0,918,4,0
22602.632313051738,22096.99692357758,505.6353894741587,0.0421362824561799,0,633,1,0,0,0,0,712,3,0
21599.930321965974,20190.52733125277,1409.4029907132026,0.11745024922610021,0,408,1,0,0,0,0,966,3,0
20067.643293726003,20037.253659665206,30.389634060797107,0.0025324695050664256,1,647,2,0,0,0,0,1863,3,0
65156.8573225486,72552.20505040584,-7395.347727857239,-0.6162789773214365,0,291,1,1,0,0,0,1871,1,0
34649.255605759,36955.36966563618,-2306.1140598771817,-0.1921761716564318,0,378,0,0,0,0,0,290,1,0
19594.739142201634,18540.53076960406,1054.2083725975717,0.08785069771646431,1,145,1,0,0,0,0,2292,4,0
33458.81918795506,29974.64038244712,3484.178805507938,0.29034823379232816,0,161,0,1,0,0,0,838,13,0
41367.386220971166,43293.85486402434,-1926.4686430531729,-0.1605390535877644,0,620,1,0,0,0,0,952,2,0
19745.736628809027,19635.764798011205,109.9718307978219,0.009164319233151825,0,683,1,0,0,0,0,1132,6,0
29177.329117516172,30555.905917808137,-1378.576800291965,-0.11488140002433041,0,522,1,0,0,0,0,1308,8,0
114129.64302364788,27257.300074710765,86872.34294893712,7.239361912411427,3,59,6,1,1,0,1,58,50,1
83875.1341754238,12939.566166180892,70935.56800924291,5.911297334103576,3,59,5,2,4,1,1,43,47,1
25426.98892077099,24569.334079659424,857.6548411115655,0.07147123675929712,0,326,1,0,0,0,0,1197,3,0
29280.071106106298,27289.470608681568,1990.6004974247298,0.16588337478539417,0,575,1,0,0,0,0,501,3,0
22054.86067014674,23112.99308505973,-1058.1324149129905,-0.0881777012427492,0,232,0,0,0,0,0,2336,1,0
165715.33962758642,17385.757270505448,148329.58235708097,12.360798529756748,3,54,4,0,3,1,0,162,26,1
110888.8156974719,24969.110393272822,85919.70530419907,7.15997544201659,1,33,1,2,2,0,0,204,14,1
106619.39606030898,38223.85159696178,68395.5444633472,5.699628705278934,2,70,2,1,1,0,1,239,43,1
25281.046222898964,26680.68912539204,-1399.6429024930767,-0.11663690854108973,0,538,0,0,0,0,0,1372,1,0
50160.93627186779,55444.2655309328,-5283.329259065009,-0.44027743825541743,0,406,2,0,0,0,0,1321,3,0
189308.39148094508,24415.242000501414,164893.14948044368,13.741095790036974,3,28,1,0,1,0,1,29,48,1
58985.05282654528,65886.2594602256,-6901.206633680318,-0.5751005528066931,0,683,0,0,0,0,0,1515,1,0
56478.50933903889,63868.3888357785,-7389.879496739617,-0.615823291394968,0,186,2,0,0,0,0,791,2,0
22157.27927015719,23349.8409243846,-1192.561654227411,-0.09938013785228425,1,173,0,0,0,0,0,826,11,0
52517.3140817266,48053.657126905,4463.656954821607,0.3719714129018006,0,403,1,0,0,0,0,1016,2,0
136290.04257686023,23532.665499145383,112757.37707771485,9.39644808980957,2,68,4,2,2,0,1,124,42,1
27865.38213783456,31001.802660711597,-3136.420522877037,-0.26136837690641973,0,293,1,0,0,0,0,301,3,0
23425.415385686196,20151.91586344455,3273.4995222416474,0.27279162685347064,0,243,0,0,0,0,0,1340,1,0
24967.824070266983,25062.831285743072,-95.00721547608919,-0.007917267956340766,0,442,1,0,0,0,0,1736,4,0
34836.21046551055,35173.092446907285,-336.8819813967348,-0.028073498449727896,0,694,0,0,1,0,0,2488,3,0
13817.81519129526,15584.674832215605,-1766.8596409203456,-0.1472383034100288,0,218,1,0,0,0,0,1653,2,0
19801.254163477657,20879.518798675446,-1078.2646351977892,-0.08985538626648243,0,740,3,0,0,0,0,1537,1,0
53353.79282170269,50522.126924300384,2831.6658974023085,0.23597215811685904,0,682,1,0,0,0,0,407,1,0
106372.36597155531,21458.115784375375,84914.25018717993,7.076187515598328,1,65,1,2,2,0,0,148,40,1
46194.84681169531,46712.24976600554,-517.4029543102297,-0.043116912859185806,0,128,0,0,0,0,0,1840,4,0
85498.91605359067,17596.089098506905,67902.82695508376,5.658568912923647,2,63,4,3,1,0,0,280,27,1
26891.54017541131,23254.639461203315,3636.900714207997,0.3030750595173331,0,687,1,0,1,0,0,2147,1,0
36083.559448442895,39712.3090338391,-3628.7495853962027,-0.3023957987830169,0,494,0,0,0,0,0,1046,1,0
84994.83811519298,26889.321622464253,58105.516492728726,4.84212637439406,3,48,3,1,2,0,0,215,43,1
106165.31801646977,21874.425399466927,84290.89261700284,7.024241051416904,3,15,4,0,2,0,1,35,16,1
19096.017724563113,21592.6301167366,-2496.612392173487,-0.20805103268112393,0,785,1,1,0,0,0,1798,1,0
22496.23135899029,23548.708842737313,-1052.4774837470213,-0.08770645697891845,1,528,0,1,0,0,0,1301,5,0
21238.85489435305,18345.677047142075,2893.1778472109763,0.24109815393424802,0,612,0,0,0,0,0,773,2,0
18380.863490218733,20603.115869992635,-2222.2523797739013,-0.18518769831449178,0,451,1,0,0,0,0,1598,6,0
28247.335353439783,28872.96502224597,-625.6296688061884,-0.05213580573384904,0,737,0,0,1,0,0,1257,1,0
182927.02876826597,35651.13745962565,147275.8913086403,12.272990942386691,2,57,6,3,1,0,1,286,22,1
11140.185281743077,11148.646311252684,-8.461029509606306,-0.0007050857924671922,0,746,0,0,0,0,0,1043,4,0
21441.703111396422,19058.628979039662,2383.07413235676,0.19858951102973,0,461,0,0,0,0,0,612,2,0
30211.27668109672,33487.46135177651,-3276.1846706797915,-0.273015389223316,0,620,1,0,0,0,0,431,8,0
176607.3390697253,23031.55605733029,153575.78301239503,12.797981917699586,3,50,2,0,2,0,0,174,45,1
90656.70225006364,30718.332643784765,59938.36960627887,4.994864133856573,3,58,5,2,2,0,0,187,20,1
18837.759793997764,16712.51685608264,2125.2429379151254,0.1771035781595938,1,689,1,1,0,0,0,409,6,0
19610.760861548915,18109.41373202183,1501.3471295270865,0.12511226079392387,0,798,0,0,0,0,0,802,4,0
74219.18244313032,11551.307901023849,62667.874542106474,5.222322878508873,1,45,3,3,2,0,1,33,33,1
26831.51394208225,27027.00285253729,-195.48891045504206,-0.01629074253792017,0,720,2,0,0,0,0,608,6,0
13913.227695238133,15406.677468232821,-1493.4497729946888,-0.1244541477495574,0,346,0,1,0,0,0,1402,3,0
46731.99170432075,50838.36375664391,-4106.372052323153,-0.34219767102692944,0,748,0,0,0,0,0,1748,2,0
105605.74658080812,19347.71535826454,86258.03122254358,7.188169268545298,1,65,6,1,1,1,1,173,38,1
111468.09043991064,17014.07859193754,94454.0118479731,7.871167653997759,3,27,5,1,2,0,0,93,59,1
44368.91821729403,50138.73387389702,-5769.815656602994,-0.48081797138358284,0,717,1,0,0,0,0,1889,6,0
36502.03022367233,35464.19482289083,1037.8354007814996,0.0864862833984583,0,336,0,0,0,0,0,1014,4,0
158912.307939024,17986.037271675406,140926.27066734858,11.743855888945715,2,12,3,2,2,0,1,169,58,1
19530.213235219584,22353.80036316675,-2823.587127947165,-0.2352989273289304,0,701,4,0,0,0,0,1504,8,0
49300.415154013404,51694.79662089377,-2394.381466880368,-0.19953178890669732,0,506,0,1,0,0,0,2318,6,0
14976.964370337273,16968.13588316932,-1991.1715128320484,-0.1659309594026707,0,772,2,0,0,0,0,1274,2,0
178359.97595944017,25697.035643527335,152662.94031591283,12.721911692992736,4,45,6,2,2,1,0,160,23,1
100751.48327598866,26242.845224061268,74508.6380519274,6.20905317099395,3,47,5,1,3,1,0,208,57,1
215705.7286459895,18453.382761722685,197252.3458842668,16.437695490355566,4,8,4,1,3,0,1,15,58,1
26997.262759578465,25011.282198684694,1985.9805608937713,0.16549838007448095,0,687,1,0,0,0,0,355,2,0
155303.82442695645,13348.578284422047,141955.2461425344,11.8296038452112,1,61,4,2,1,0,0,133,52,1
147666.36070179765,23148.857723624573,124517.50297817307,10.376458581514422,2,66,5,0,2,0,0,233,30,1
24514.08288630431,27278.785508746438,-2764.702622442128,-0.23039188520351067,0,545,0,0,0,0,0,834,2,0
27131.672750835107,27262.3184485829,-130.64569774779375,-0.010887141478982813,0,534,1,1,0,0,0,1074,1,0
18462.422855590117,18093.360584794937,369.06227079518067,0.03075518923293172,0,739,1,0,0,0,0,1748,3,0
15037.174257006498,15849.456974870202,-812.2827178637035,-0.06769022648864195,0,738,2,0,0,0,0,1969,3,0
15601.331752832462,15976.788552453823,-375.4567996213609,-0.03128806663511341,0,630,3,0,0,0,0,1565,1,0
34671.65014844309,32504.58988223669,2167.060266206401,0.1805883555172001,0,388,0,0,0,0,0,2077,1,0
17273.983346382833,16364.915750329099,909.0675960537337,0.07575563300447781,0,418,0,0,0,0,0,1670,3,0
24807.148133798662,24400.023928184262,407.1242056144001,0.03392701713453335,1,124,0,0,0,0,0,824,1,0
26266.815286786965,27025.12048650708,-758.3051997201146,-0.06319209997667621,0,627,0,0,0,0,0,1252,1,0
154601.47709461427,11960.599898858803,142640.87719575546,11.886739766312955,3,19,5,0,1,1,0,68,34,1
20254.232140092132,22414.969587485797,-2160.737447393665,-0.1800614539494721,0,350,0,0,0,0,0,1091,2,0
48603.23166657914,44116.546668122035,4486.684998457102,0.3738904165380918,0,505,1,0,0,0,0,2359,1,0
49104.5344511955,53072.85572457585,-3968.321273380352,-0.33069343944836266,0,159,0,0,0,0,0,1163,4,0
42459.22954735713,48316.60883087735,-5857.379283520218,-0.48811494029335156,0,177,1,0,0,0,0,254,4,0
28607.556768555354,26741.99167322346,1865.5650953318946,0.15546375794432454,1,449,0,0,0,0,0,1819,10,0
8875.999468093592,7652.494933754528,1223.5045343390648,0.10195871119492206,0,626,0,0,0,0,0,933,1,0
101910.57487229741,17984.385116152484,83926.18975614493,6.99384914634541,3,66,3,2,2,1,1,34,52,1
19902.812454993753,16950.792417352943,2952.02003764081,0.24600166980340085,0,350,1,0,0,0,0,872,3,0
29983.369223217767,33542.418051052315,-3559.0488278345474,-0.2965874023195456,0,511,0,0,0,0,0,515,3,0
23206.462408010917,22482.590278346026,723.872129664891,0.060322677472074246,0,435,0,0,0,0,0,1674,4,0
15476.95190720431,16676.938601333797,-1199.9866941294877,-0.0999988911774573,0,169,2,0,0,0,0,2045,5,0
143898.7977758365,25403.55312749674,118495.24464833975,9.87460372069498,1,57,6,1,1,0,1,31,24,1
17761.55665292411,17265.364811494517,496.1918414295942,0.04134932011913285,0,752,1,0,0,0,0,607,1,0
54416.332369934404,57436.92773528167,-3020.595365347268,-0.2517162804456057,0,451,1,0,0,0,0,1202,1,0
42858.005064248035,46162.28987535589,-3304.2848111078565,-0.27535706759232137,1,390,1,0,0,0,0,800,2,0
13770.836592976986,12965.693744458273,805.1428485187134,0.06709523737655945,0,606,0,0,0,0,0,195,7,0
17156.331609963177,16970.349536817394,185.98207314578394,0.015498506095481996,0,361,1,0,0,0,0,2418,10,0
19645.43520460988,19698.490748621178,-53.05554401129848,-0.004421295334274873,0,481,0,0,0,0,0,1703,1,0
34001.481991063534,36787.61789121506,-2786.135900151523,-0.23217799167929357,0,470,0,0,0,0,0,1479,12,0
20180.82349373894,22494.831859739377,-2314.0083660004384,-0.19283403050003653,1,774,0,0,0,0,0,582,6,0
175834.9325777497,26172.90628288712,149662.0262948626,12.471835524571883,4,51,4,0,2,0,1,49,24,1
198481.37430475216,18549.634453291357,179931.7398514608,14.9943116542884,4,41,2,3,3,0,1,139,52,1
19033.946408355114,16489.54628380244,2544.4001245526742,0.21203334371272287,0,558,0,0,0,0,0,2102,8,0
38689.17885016658,33811.596452535116,4877.582397631464,0.406465199802622,0,526,0,0,0,0,0,1631,4,0
34883.31694457124,34606.40947946386,276.90746510738245,0.02307562209228187,0,628,0,0,0,0,0,1577,5,0
21016.784717061662,18969.062378459847,2047.7223386018159,0.170643528216818,0,565,1,0,0,0,0,523,1,0
166727.24094965006,8072.156100464836,158655.08484918522,13.221257070765436,2,15,4,1,2,1,1,259,17,1
41116.38494893837,42722.21294055169,-1605.8279916133179,-0.13381899930110983,1,380,0,0,0,0,0,186,5,0
19235.3467356741,18945.025762536367,290.3209731377319,0.024193414428144325,0,393,0,0,0,0,0,1885,4,0
23899.52490947309,25209.040594417267,-1309.5156849441773,-0.10912630707868144,0,237,0,0,0,0,0,1667,1,0
20746.008394418994,22985.652891550904,-2239.6444971319106,-0.18663704142765922,1,224,1,0,0,0,0,1907,6,0
41895.40251160855,41072.19170859179,823.2108030167583,0.06860090025139652,0,710,1,0,0,0,0,1979,1,0
26472.49430995081,27970.540651025465,-1498.046341074656,-0.12483719508955467,0,251,1,0,0,0,0,733,1,0
22948.673441615996,24252.20478653113,-1303.5313449151326,-0.10862761207626105,0,495,0,0,0,0,0,341,2,0
22622.627758520277,20468.03659453861,2154.591163981666,0.17954926366513882,0,212,0,0,0,0,0,184,7,0
19400.79740637598,17150.683187931725,2250.114218444254,0.18750951820368786,0,326,1,0,0,0,0,696,2,0
23461.720487581824,26862.466066394256,-3400.7455788124316,-0.28339546490103595,0,347,0,0,0,0,0,638,1,0
26369.712265064572,28011.531341584083,-1641.8190765195104,-0.13681825637662587,1,361,0,0,0,0,0,1453,9,0
197050.66251134197,15236.876343772203,181813.78616756978,15.151148847297481,3,16,3,2,3,1,0,178,26,1
34472.27582404969,37383.35861626619,-2911.082792216497,-0.24259023268470808,0,631,0,0,0,0,0,1525,2,0
120253.17894709243,19857.161369020083,100396.01757807235,8.366334798172696,2,37,7,2,2,1,0,204,21,1
101883.02442480101,24065.70357125223,77817.32085354878,6.484776737795731,1,10,4,2,1,0,0,208,29,1
29850.412008154697,32048.59967562531,-2198.1876674706145,-0.18318230562255122,0,770,0,1,0,0,0,1433,8,0
30710.937492929563,32297.698361933646,-1586.7608690040834,-0.13223007241700693,0,647,2,1,0,0,0,1696,4,0
21357.042761099983,22479.209197710323,-1122.1664366103396,-0.0935138697175283,0,323,0,0,0,0,0,2114,3,0
106299.20639587841,17806.87260981897,88492.33378605945,7.374361148838287,3,28,7,0,1,0,0,252,45,1
110777.9263904417,20429.256965951256,90348.66942449045,7.529055785374204,3,61,6,1,3,0,1,167,14,1
37864.69701203926,35330.43203548206,2534.2649765571987,0.21118874804643323,1,300,0,0,0,0,0,1451,5,0
26604.492304556617,25416.418342836816,1188.0739617198014,0.09900616347665012,1,671,0,0,0,0,0,1658,1,0
34786.83618244227,36015.58203462643,-1228.7458521841618,-0.10239548768201348,0,340,1,0,0,0,0,1576,7,0
58607.257949598075,61670.71608307654,-3063.458133478467,-0.25528817778987223,0,244,3,0,0,0,0,2428,3,0
107063.2547198424,19053.67954174924,88009.57517809316,7.334131264841097,3,32,4,1,2,0,0,228,34,1
18925.994751442027,17335.0796750121,1590.9150764299266,0.13257625636916054,0,797,1,0,0,0,0,1761,3,0
60263.94868456517,66949.06288695207,-6685.114202386903,-0.5570928501989086,0,567,1,0,0,0,0,2422,1,0
14570.023717674721,12539.557969928763,2030.4657477459587,0.1692054789788299,1,657,1,0,0,0,0,1229,2,0
29427.70913061511,27898.257335504073,1529.4517951110356,0.12745431625925296,0,155,0,0,0,0,0,1420,6,0
34929.39263128661,32495.704652587094,2433.687978699516,0.202807331558293,0,511,0,1,0,0,0,661,5,0
31529.90843948155,34589.44199033217,-3059.5335508506178,-0.2549611292375515,0,458,1,0,0,0,0,2157,1,0
46369.02694034173,50444.77609477226,-4075.7491544305303,-0.3396457628692109,0,437,1,0,0,0,0,1969,6,0
12656.431217255948,13362.107597105196,-705.6763798492484,-0.05880636498743737,0,706,0,0,0,0,0,643,3,0
21135.278727031116,22273.464355313714,-1138.1856282825975,-0.09484880235688312,0,585,0,0,0,0,0,1955,4,0
7494.420942072623,7325.499527831775,168.9214142408482,0.014076784520070685,1,501,3,0,1,0,0,1476,11,0
37985.03378614363,36208.47106696416,1776.5627191794702,0.14804689326495585,0,575,1,0,0,0,0,2013,2,0
19468.21230311097,19504.72533144796,-36.51302833699083,-0.0030427523614159025,0,332,1,0,0,0,0,532,1,0
9250.418450753297,8827.877232603652,422.5412181496449,0.03521176817913708,0,347,2,0,0,0,0,2255,3,0
29207.259686823872,32534.32858099441,-3327.0688941705375,-0.27725574118087815,0,221,0,0,0,0,0,345,1,0
29257.542532823907,29123.935566523152,133.60696630075472,0.011133913858396226,0,304,0,1,0,0,0,1731,6,0
41499.14806633412,39243.233981661266,2255.914084672855,0.1879928403894046,0,286,1,0,0,0,0,483,5,0
28628.57485808807,29539.250847970427,-910.6759898823548,-0.07588966582352956,0,451,1,0,0,0,0,823,5,0
12939.719003310462,12408.396195545001,531.3228077654603,0.04427690064712169,0,528,1,1,0,0,0,1864,1,0
89271.79095657464,16786.918609527413,72484.87234704723,6.040406028920603,2,12,4,0,1,1,1,101,57,1
37115.89459866199,41237.35123280905,-4121.456634147064,-0.3434547195122553,0,778,1,0,0,0,0,2376,2,0
17928.741635927385,16371.202736910836,1557.5388990165484,0.12979490825137904,0,413,1,0,0,0,0,300,4,0
36541.77247805262,34395.3582928902,2146.4141851624154,0.17886784876353462,0,453,1,0,0,0,0,1839,7,0
164869.39829189947,11532.562646000695,153336.83564589877,12.77806963715823,2,25,4,1,3,1,1,173,59,1
29023.18714716525,33070.902989510854,-4047.715842345606,-0.3373096535288005,0,471,1,0,1,0,0,2165,1,0
23776.719031879635,25823.823805152646,-2047.1047732730112,-0.1705920644394176,0,732,0,0,0,0,0,1478,1,0
17505.404004780554,15238.550718927087,2266.8532858534672,0.18890444048778893,0,794,0,0,0,0,0,1071,1,0
36597.39030803171,34377.9416967137,2219.44861131801,0.1849540509431675,0,621,3,0,0,0,0,1571,8,0
28805.51107406729,30018.344185465918,-1212.8331113986278,-0.10106942594988565,0,615,0,1,0,0,0,904,3,0
33333.88814687439,31324.497798410248,2009.390348464145,0.16744919570534542,0,540,0,0,0,0,0,2493,10,0
48988.18226112414,54652.765592849064,-5664.583331724927,-0.4720486109770773,0,777,0,0,0,0,0,766,1,0
23066.140150741063,26260.193721726606,-3194.053570985543,-0.2661711309154619,0,169,1,1,0,0,0,979,3,0
35701.45226127785,37500.09573310723,-1798.643471829375,-0.14988695598578125,0,224,0,0,0,0,0,434,6,0
37782.50141981916,42462.15163174839,-4679.6502119292345,-0.3899708509941029,0,233,1,0,0,0,0,1979,8,0
28043.676176586407,28136.260384159694,-92.58420757328713,-0.007715350631107261,0,194,0,1,0,0,0,1694,3,0
41515.40470216552,46138.19066560458,-4622.7859634390625,-0.38523216361992185,1,596,0,0,0,0,0,2466,9,0
40809.72290231406,42074.31228018542,-1264.589377871358,-0.1053824481559465,0,270,0,0,0,0,0,659,9,0
160570.91445910608,8579.983946572193,151990.93051253387,12.665910876044489,1,43,5,3,3,0,0,295,56,1
29830.09098418977,30774.842246834298,-944.7512626445277,-0.07872927188704398,0,650,0,1,0,0,0,2195,1,0
11798.545511876047,13044.965913076809,-1246.4204012007613,-0.1038683667667301,0,237,1,0,0,0,0,555,2,0
33121.97932229766,34079.9665943973,-957.9872720996427,-0.07983227267497023,0,161,1,0,0,0,0,1467,5,0
14925.206801868011,14651.010845609533,274.19595625847796,0.02284966302153983,0,563,1,0,0,0,0,547,1,0
30655.34854962569,33702.40501606479,-3047.0564664390986,-0.2539213722032582,0,496,2,0,0,0,0,1306,1,0
38359.08112222488,40957.052027497215,-2597.9709052723338,-0.21649757543936116,0,492,0,0,0,0,0,2446,4,0
19656.22029309299,20143.016592004256,-486.7962989112675,-0.04056635824260563,0,354,1,0,0,0,0,401,1,0
43317.900619744185,46282.2029391351,-2964.3023193909175,-0.24702519328257647,0,481,1,1,0,0,0,896,2,0
30290.142375260588,25908.235357272923,4381.907017987665,0.3651589181656388,0,795,1,0,0,0,0,535,4,0
128995.50311337304,19007.960048364126,109987.54306500891,9.165628588750742,4,64,1,0,2,0,0,208,28,1
16632.374665630552,15034.909001964488,1597.4656636660638,0.13312213863883865,0,429,0,0,0,0,0,1143,3,0
23444.846405910233,20224.58246051602,3220.263945394214,0.2683553287828512,0,610,0,0,1,0,0,2344,2,0
18149.079328903015,15579.198658988638,2569.880669914377,0.21415672249286474,0,455,1,0,0,0,0,1807,1,0
15439.426586658965,14778.33005017189,661.0965364870754,0.05509137804058961,0,300,2,0,0,0,0,879,2,0
28112.00026828673,30950.077007265005,-2838.076738978274,-0.23650639491485617,0,128,3,0,0,0,0,2242,4,0
33834.40569298271,30460.58346175308,3373.822231229631,0.2811518526024693,0,140,0,1,0,0,0,913,1,0
16418.52369267465,18274.76216493555,-1856.2384722608986,-0.15468653935507487,0,216,0,0,0,0,0,401,7,0
23289.078325982762,23177.226125149053,111.8522008337095,0.00932101673614246,0,671,0,0,0,0,0,850,7,0
19039.6734864404,21518.030303525124,-2478.3568170847248,-0.2065297347570604,0,437,0,0,0,0,0,1123,1,0
25128.836611585273,23592.116293285504,1536.7203182997691,0.12806002652498077,1,200,1,0,0,0,0,2362,5,0
16755.917365805257,17944.720591430214,-1188.8032256249571,-0.09906693546874643,0,695,2,0,0,0,0,1595,3,0
22760.100675900645,24796.36391088941,-2036.2632349887645,-0.16968860291573037,0,703,0,0,0,0,0,970,4,0
16796.54643599071,14401.305445974862,2395.2409900158473,0.19960341583465394,0,152,0,0,0,0,0,461,2,0
20044.689298783112,19393.40592648706,651.2833722960531,0.05427361435800443,0,249,0,0,0,0,0,704,1,0
14664.178867083836,14039.860112012722,624.3187550711136,0.0520265629225928,1,597,1,0,0,0,0,1378,8,0
9546.414644018208,8248.014140346528,1298.4005036716808,0.10820004197264006,0,150,0,0,1,0,0,1953,3,0
18719.410792925948,16365.649371872267,2353.7614210536813,0.19614678508780678,1,624,0,1,0,0,0,591,1,0
30833.270070642655,29643.878946933688,1189.391123708967,0.09911592697574724,0,704,2,0,0,0,0,1792,4,0
41533.858929141585,47748.36299993563,-6214.5040707940425,-0.5178753392328369,0,672,0,0,0,0,0,739,1,0
35824.78196516678,33477.5488092725,2347.2331558942824,0.1956027629911902,0,496,2,1,0,0,0,890,1,0
50681.60033499729,53763.53374585731,-3081.9334108600233,-0.2568277842383353,1,645,0,0,0,0,0,2095,2,0
13816.109781097977,15845.204948890396,-2029.0951677924186,-0.16909126398270155,0,191,1,0,0,0,0,525,1,0
27494.70449005113,29732.610940944287,-2237.9064508931588,-0.18649220424109655,0,526,3,0,0,0,0,1328,5,0
22652.33627179229,21562.658173621072,1089.6780981712182,0.09080650818093484,0,480,1,0,0,0,0,2256,4,0
16394.97310854421,15684.0024613171,710.97064722711,0.0592475539355925,0,662,0,0,0,0,0,1441,2,0
103218.32488523138,32122.830301548445,71095.49458368294,5.924624548640245,1,42,2,3,2,1,0,176,47,1
104059.92992578975,38490.2452053326,65569.68472045715,5.464140393371429,2,54,3,2,3,1,1,76,26,1
28179.575581266563,24881.379642238702,3298.1959390278607,0.27484966158565505,0,515,1,0,0,0,0,1903,7,0
158657.82102085825,9326.916002398775,149330.90501845948,12.444242084871624,1,52,3,3,3,1,0,62,54,1
9839.759731891405,9951.454258461501,-111.69452657009606,-0.009307877214174672,0,519,0,0,0,0,0,983,4,0
21889.93373759148,18930.143254680108,2959.7904829113722,0.24664920690928102,0,751,0,0,1,0,0,845,1,0
16697.356593642864,17122.81919031894,-425.4625966760759,-0.03545521638967299,0,708,1,0,0,0,0,1200,5,0
34706.12349417027,39407.90409025699,-4701.780596086719,-0.39181504967389325,0,385,0,0,0,0,0,1818,8,0
15163.654545334311,14210.213633401267,953.4409119330448,0.07945340932775374,0,458,2,0,0,0,0,1555,1,0
23471.981797729197,20615.295979598573,2856.6858181306234,0.23805715151088527,0,714,0,0,0,0,0,1645,1,0
28668.445406230352,26747.687735167576,1920.7576710627764,0.16006313925523136,0,631,0,0,0,0,0,311,1,0
140905.57851945097,16859.386708167585,124046.19181128338,10.337182650940282,3,45,3,1,3,0,0,232,35,1
40191.57508869692,40826.215113051985,-634.640024355067,-0.052886668696255586,0,167,1,0,0,0,0,335,3,0
129061.61771779407,42197.7742230549,86863.84349473918,7.238653624561598,3,36,5,2,1,0,1,297,58,1
25969.267342789222,28421.74263714552,-2452.475294356296,-0.20437294119635802,0,416,0,0,0,0,0,1404,2,0
114724.74557282729,11866.383436147942,102858.36213667935,8.571530178056612,2,21,5,2,2,0,0,135,23,1
29296.91157965214,26694.348055860482,2602.5635237916576,0.2168802936493048,1,665,0,0,0,0,0,1856,2,0
25464.691837797378,27112.047846172325,-1647.3560083749471,-0.13727966736457892,0,454,0,0,0,0,0,1369,1,0
106123.97401557644,15396.771558425778,90727.20245715066,7.560600204762555,1,8,5,2,1,0,0,48,57,1
71108.01019002746,15210.430620675595,55897.57956935187,4.658131630779322,2,49,5,2,2,0,0,90,52,1
141540.62495766568,31378.64817277599,110161.9767848897,9.180164732074141,1,63,5,2,3,0,0,82,56,1
34722.80239191138,34236.333207923366,486.4691839880106,0.04053909866566755,0,162,2,0,0,0,0,234,5,0
